arm_curl_end_0.00.02.09.jpg,874.1186,347.81097,-593.17175,885.65393,324.95856,-562.4165,893.87616,324.05447,-562.3254,902.21,322.96924,-562.2129,862.4153,326.57224,-560.2971,854.42426,326.50592,-560.0102,846.4822,326.60547,-560.08856,915.7984,325.95184,-304.6253,838.99677,330.29874,-298.1932,891.0676,362.9858,-493.518,862.03925,364.4268,-491.77036,987.3905,411.0774,-92.95222,797.5865,433.66357,-113.875916,1033.047,554.24585,-285.9937,795.41327,579.79315,-305.3046,1011.0132,484.44434,-745.1564,797.7742,508.57413,-780.3464,1007.802,463.69052,-848.08057,799.88226,487.73447,-889.3035,1003.21704,439.45737,-838.89154,792.831,463.60577,-886.41125,997.0358,447.27252,-754.7391,800.31604,470.4049,-790.999,991.9257,646.8011,6.227378,880.8164,667.3655,-4.81421,1043.3643,745.5635,-736.1849,861.7969,759.7725,-701.3049,1079.5751,974.9157,-518.15326,851.93945,981.65015,-477.9667,1077.7725,1008.71655,-506.74753,855.32477,1009.3227,-465.03412,1088.0421,1044.2335,-800.7889,855.66187,1057.979,-724.8338
arm_curl_end_0.00.02.09_flipped.jpg,1049.1567,339.26074,-611.01825,1065.3123,321.70404,-579.62195,1073.1638,323.35614,-579.6076,1081.1587,324.86487,-579.57153,1042.6091,316.44864,-580.8876,1034.8186,314.10498,-580.6729,1027.0029,311.92175,-580.7316,1090.5869,333.31903,-328.95435,1015.46484,314.98743,-335.81625,1059.393,359.83667,-514.9193,1031.0637,352.7181,-516.93036,1128.6205,439.9632,-131.08171,939.0267,404.87167,-170.83615,1120.6692,579.2049,-302.54147,889.85944,540.4886,-338.27875,1128.9402,517.93286,-763.53076,913.11536,477.15796,-788.6105,1135.7439,501.3379,-871.99036,920.2306,459.59058,-901.11993,1137.7072,480.07214,-869.96405,921.18634,435.99118,-903.6453,1128.9081,482.24774,-777.25916,926.3133,443.63516,-801.8547,1054.6035,666.887,21.516659,941.79095,651.7804,-20.297237,1094.8357,789.1467,-570.7231,919.4584,739.4451,-634.942,1063.1057,999.1226,-261.1003,853.5228,939.2214,-306.88715,1046.204,1025.1342,-239.85492,844.36,962.2227,-280.94562,1065.6736,1072.523,-503.26498,845.8558,1016.2334,-520.5881
arm_curl_end_0.00.06.14.jpg,879.2639,338.84796,-597.56635,889.9535,316.51486,-572.9851,897.858,316.00052,-573.0051,905.8194,315.3302,-573.0497,867.77374,317.55084,-569.59045,859.7412,317.39432,-569.28076,851.76416,317.4171,-569.4583,917.0555,320.07062,-339.1175,842.7182,322.14804,-328.0157,894.46173,355.9809,-506.73608,866.24854,356.4288,-503.55078,989.54395,405.49118,-150.38577,796.6848,435.85727,-150.50113,1032.1384,544.0442,-292.5038,803.5167,582.9332,-326.80002,1013.4031,474.791,-716.2999,793.7806,518.5908,-804.8866,1010.34735,454.5452,-817.75006,792.0504,502.9964,-921.4067,1003.6187,432.39917,-817.08514,783.8301,478.2362,-928.3475,996.6346,439.15323,-725.9272,792.6126,481.67902,-821.79236,997.20544,644.626,3.6334064,884.02747,665.58453,-2.21055,1022.6999,750.2078,-249.6052,874.04297,754.0139,-681.2508,1064.3507,911.431,211.67484,853.5433,981.10913,-443.50208,1062.9319,930.4993,250.44974,851.25085,1002.01324,-427.65506,1073.1583,994.20166,28.90084,868.1044,1082.2268,-682.5831
arm_curl_end_0.00.06.14_flipped.jpg,1044.078,329.21133,-633.7766,1058.5544,312.07037,-600.38403,1066.2682,313.2311,-600.2705,1074.1362,314.25708,-600.16113,1036.084,308.87704,-598.4067,1028.33,307.48932,-598.1732,1020.55444,306.27914,-598.0589,1083.6483,325.52368,-354.95767,1010.3553,313.61816,-343.21786,1055.6228,350.71515,-541.63556,1027.725,346.35486,-538.43915,1123.1472,436.9903,-165.94598,943.86426,412.79205,-190.1327,1112.4995,584.09045,-386.86414,891.1115,549.42914,-433.0153,1137.0604,511.02655,-851.5498,911.5643,475.80106,-909.18176,1146.7988,488.85532,-951.9264,917.0123,453.10422,-1022.7649,1153.3735,466.7969,-943.2269,918.6746,432.67035,-1006.0652,1142.6224,472.48932,-859.87506,924.7889,443.1599,-916.50964,1051.8633,666.7836,4.059979,946.62915,651.8643,-2.6757061,1076.9193,781.8379,-620.61053,917.90485,732.8411,-581.30383,1064.1038,987.67804,-272.03995,858.5228,913.102,-184.00247,1060.3905,1009.6047,-245.12271,854.2167,932.2383,-152.98274,1041.6726,1067.6246,-519.6131,837.7647,996.1934,-388.13055
arm_curl_end_0.00.10.12.jpg,873.4387,335.52405,-584.3074,884.1388,313.7647,-549.2903,892.26184,312.70184,-549.23193,900.48914,311.45026,-549.1424,860.56824,316.5919,-550.21185,852.3968,317.14536,-549.9209,844.2913,317.84927,-550.01416,913.68256,317.0347,-291.74942,835.46875,325.1788,-299.77325,890.4172,352.97012,-486.27478,861.2871,355.7895,-488.6938,987.698,407.17343,-100.66779,794.5397,436.89688,-133.9173,1028.1913,543.2656,-282.41113,794.17017,578.32544,-325.8765,1007.15515,479.8115,-735.6623,790.4579,521.71027,-789.8627,1005.9978,462.39075,-839.796,789.76447,507.04166,-899.11945,1000.6447,439.25198,-836.87616,784.3494,483.53445,-901.6004,993.54364,446.25833,-746.83105,793.29846,488.0204,-801.87134,996.4023,642.3598,10.129869,883.04364,665.53326,-8.799811,1044.2711,739.2021,-691.0825,863.52954,758.30695,-710.61115,1079.3391,957.97327,-415.60242,852.58856,980.45435,-440.66196,1074.0637,992.43414,-399.89734,857.43085,1007.6873,-423.86633,1099.4736,1023.56134,-686.38293,851.4308,1059.7667,-682.4107
arm_curl_end_0.00.10.12_flipped.jpg,1044.9891,331.04736,-613.7334,1060.9974,313.0746,-581.7174,1068.9194,314.3651,-581.5508,1077.0013,315.52924,-581.5024,1038.0776,309.0322,-578.9466,1030.338,307.21866,-578.69806,1022.56964,305.5454,-578.6862,1087.5833,325.45853,-332.40555,1012.56866,310.87234,-321.09763,1056.5853,352.18472,-519.29175,1028.0333,346.61432,-515.6514,1126.571,435.7524,-146.50558,941.4538,406.5056,-143.20135,1120.2666,578.56665,-330.96362,892.0999,540.7349,-342.12756,1126.2986,536.60425,-806.0729,910.074,477.99744,-845.6005,1129.1322,527.21857,-914.2145,915.46204,462.6669,-960.5165,1132.6561,503.46616,-915.1773,917.16705,437.41556,-957.7411,1126.0657,503.64575,-820.1778,922.8291,444.1952,-858.15967,1054.1866,660.84033,7.110932,945.01514,646.33594,-6.080139,1099.1884,785.1795,-597.64655,900.1535,747.9273,-570.8463,1064.2283,987.1769,-222.12177,860.5124,940.3681,-178.79982,1050.6168,1008.92303,-194.2912,861.74457,964.4348,-149.1334,1058.4092,1070.0217,-473.92227,832.9866,1017.9287,-407.26306
arm_curl_end_0.00.14.14.jpg,875.55963,346.43417,-557.4754,888.65466,323.64606,-531.5658,896.9811,323.16162,-531.57556,905.39764,322.50613,-531.4892,865.479,324.06033,-528.0958,857.5098,323.47894,-527.7216,849.578,323.04977,-527.90314,918.7224,324.7595,-292.23737,841.5041,324.8622,-277.4018,891.535,362.06628,-463.41388,862.2403,361.7912,-459.2874,987.60016,406.583,-87.12314,795.0753,429.4146,-100.34154,1037.763,549.6209,-222.37856,805.402,580.293,-260.89517,1011.0693,485.29953,-639.7695,791.73083,515.4432,-715.1385,1004.4026,468.35696,-732.1348,787.30426,498.0358,-824.42224,1001.2945,442.60068,-732.0515,776.96,471.89368,-828.82587,996.054,449.03937,-649.3428,786.70636,476.55228,-729.74445,989.83484,645.2432,4.0044594,877.419,668.0013,-2.6841993,1033.7621,736.40515,-629.1039,874.28314,757.5079,-685.17017,1072.2358,955.8187,-373.49387,849.40234,989.49603,-497.5315,1070.7764,987.63873,-358.22644,849.848,1014.6181,-488.42084,1082.3291,1028.7502,-631.6529,855.59436,1077.6884,-737.09656
arm_curl_end_0.00.14.14_flipped.jpg,1045.4542,344.99188,-631.2486,1061.5493,326.37973,-601.1512,1069.4254,327.98648,-601.053,1077.4382,329.44577,-600.9406,1039.0565,321.05118,-605.15753,1031.24,318.6132,-604.95984,1023.4051,316.32925,-604.9449,1086.1732,336.5607,-345.90112,1011.67535,317.94284,-364.36383,1055.1318,365.02234,-531.36084,1027.4065,358.03326,-536.86053,1121.0037,437.9499,-135.73264,938.4093,406.09937,-192.59363,1113.9274,578.6852,-329.97427,892.1062,540.66034,-381.6302,1133.3429,512.09326,-779.56,912.2608,479.86035,-810.61,1143.8198,493.07568,-882.46075,917.64166,460.96198,-919.29694,1145.8896,470.09137,-875.5436,918.28296,438.78088,-911.1834,1134.5658,474.21457,-790.9351,923.2162,447.27344,-819.8364,1052.7593,662.6143,15.07527,942.9359,650.28046,-13.7610445,1085.7828,784.6592,-630.6532,907.7468,750.49396,-624.06195,1059.8878,1004.23346,-354.16333,851.65,946.7863,-304.7161,1047.3545,1031.5571,-336.52805,847.2067,968.82886,-282.67398,1053.6578,1079.2927,-615.916,841.68536,1028.099,-537.99036
arm_curl_end_0.00.18.24.jpg,885.72424,342.8842,-589.36707,894.2457,320.85037,-561.81134,901.50385,320.0327,-561.72504,908.8845,319.04025,-561.6379,872.78534,322.45856,-566.01776,864.96594,322.4488,-565.8414,857.185,322.58704,-565.84973,917.23145,322.92575,-322.35965,846.27527,327.38727,-344.67557,899.19086,359.22644,-495.83496,872.69403,360.60892,-502.18127,982.4302,412.51605,-120.082886,803.7211,437.309,-175.0125,1030.2612,552.578,-280.6519,802.0107,587.8526,-344.1698,1012.2053,478.50116,-696.23254,801.2658,509.44638,-753.61584,1009.877,455.47446,-796.13885,802.7073,485.4091,-850.72156,1004.33234,433.24734,-783.0917,793.3489,462.33923,-846.5033,997.042,441.29794,-703.55927,801.5191,470.25244,-762.10754,987.3446,643.21185,25.682358,883.4242,664.2421,-24.355238,1046.8148,744.9613,-554.82025,879.83386,773.051,-583.6277,1066.2119,955.09766,-200.22522,846.82947,985.1291,-231.01083,1056.0358,985.02814,-174.54585,842.1154,1008.0313,-205.955,1090.6145,1024.1577,-436.84778,857.14136,1067.9303,-453.39325
arm_curl_end_0.00.18.24_flipped.jpg,1042.1078,339.35754,-674.383,1058.2086,321.25854,-645.69696,1065.9,322.8496,-645.66266,1073.7167,324.28055,-645.62213,1035.9669,316.14557,-648.7001,1028.3135,313.83936,-648.51447,1020.6381,311.68524,-648.51556,1083.0094,332.46622,-397.114,1010.01135,314.4329,-415.40112,1051.9806,360.3018,-578.1452,1024.8446,353.45236,-583.13715,1122.5099,438.56384,-182.67174,936.2418,405.7706,-251.31812,1117.8506,588.5146,-390.00735,886.3647,547.33923,-459.33887,1134.073,502.53348,-861.5334,914.9754,474.0955,-916.8697,1143.0964,476.1963,-969.78815,924.4258,453.6337,-1025.8789,1147.6455,452.59262,-958.37134,922.3807,431.11124,-1021.16846,1135.384,458.96396,-870.8312,928.09607,440.9926,-926.2029,1052.74,665.1342,30.025002,943.8929,648.6052,-28.90973,1090.7642,815.74066,-434.62845,916.49506,731.9861,-610.2807,1062.213,1005.8396,-80.898766,856.2941,913.16504,-203.47195,1044.1783,1030.2653,-55.46633,851.1293,935.9473,-171.59839,1073.7611,1081.0382,-309.84097,836.6218,987.111,-413.033
arm_curl_end_0.00.22.19.jpg,878.2397,342.53052,-620.9928,888.00586,320.16403,-590.34125,895.7592,319.05624,-590.2606,903.62396,317.7709,-590.1879,865.677,322.7116,-591.50244,857.7871,323.08554,-591.26086,849.95404,323.61884,-591.2439,915.4943,322.09842,-340.4038,841.7081,329.6016,-348.91745,894.43677,359.05258,-524.30786,866.5819,361.57257,-526.78625,986.28595,411.83978,-136.01955,802.877,438.2795,-167.80417,1032.2208,552.5369,-309.10303,805.31036,583.10333,-345.9378,1011.2274,478.94238,-734.615,795.4739,513.4348,-789.58325,1007.9939,456.64825,-833.2595,793.57574,493.5255,-887.0262,1004.6656,432.66776,-823.88116,783.86145,469.9003,-885.4158,998.1965,440.51312,-742.85266,792.6569,475.71024,-799.32886,991.83875,641.10474,13.775818,884.9322,661.3197,-12.502861,1038.6945,733.2516,-684.8667,865.65656,764.87006,-668.93555,1065.9591,951.5565,-352.8092,859.01685,981.73,-353.94125,1057.8872,983.05786,-330.66544,864.0352,1006.4335,-333.91568,1090.9677,1024.0608,-612.1978,859.251,1065.988,-595.39795
arm_curl_end_0.00.22.19_flipped.jpg,1046.3275,340.12692,-619.8775,1062.8392,321.2757,-589.6394,1070.7725,322.89694,-589.54474,1078.8386,324.36816,-589.4638,1040.1063,316.0061,-592.4384,1032.2598,313.60513,-592.2476,1024.3877,311.3565,-592.30273,1088.3486,332.28864,-341.63577,1013.2131,313.61844,-356.59857,1056.5012,360.99573,-524.0826,1028.5844,354.00525,-528.41626,1125.813,439.66098,-139.13074,938.64606,403.53796,-202.1271,1108.49,590.7962,-330.68094,884.73816,540.9954,-399.15146,1127.9496,518.0861,-785.5791,911.85284,475.14255,-843.46625,1137.826,496.6345,-886.83765,919.6223,455.87878,-954.8476,1143.8011,473.09772,-879.83307,919.913,433.06638,-945.5033,1132.019,477.1029,-796.07666,925.19977,442.47046,-851.99084,1056.5751,667.0038,22.41979,945.4708,651.8865,-21.283298,1094.7368,798.83044,-517.676,910.5911,741.5353,-609.4934,1062.6245,998.57764,-162.32927,853.765,928.62286,-217.23898,1047.4185,1022.34186,-136.04012,849.24304,950.3463,-186.6028,1059.8865,1074.8002,-397.95804,837.22845,1005.99133,-427.4042
arm_curl_end_0.00.27.03.jpg,877.51044,341.6902,-543.8389,887.68475,319.57706,-511.33368,895.6042,318.76953,-511.26636,903.63306,317.7675,-511.1656,864.9678,321.2799,-513.4561,856.74005,321.29886,-513.19977,848.56665,321.4812,-513.1957,914.172,321.9715,-263.54303,838.34656,326.64417,-272.15674,892.7898,357.99008,-448.69205,864.0766,359.47183,-451.4806,984.4124,413.0727,-71.16435,795.1294,432.6621,-113.02816,1028.2882,559.6427,-239.52536,799.766,581.74567,-307.0236,1005.6672,482.71613,-648.41766,795.7854,509.08142,-761.9053,1000.592,461.43097,-739.1112,793.82465,488.5853,-864.73285,998.2386,436.19116,-731.49634,787.7476,465.5355,-861.5169,992.1035,444.4396,-655.7716,797.44867,472.0772,-772.46783,990.8343,644.62134,14.02541,879.3981,665.9342,-12.56451,1042.3943,734.50397,-675.7712,872.4264,760.2394,-676.1943,1070.9562,957.1326,-404.6612,856.3101,987.07996,-427.87073,1065.6935,987.87244,-387.17606,857.7491,1012.2854,-411.7679,1083.8651,1033.4688,-660.25885,862.39246,1073.1685,-656.4187
arm_curl_end_0.00.27.03_flipped.jpg,1048.1985,336.2606,-607.9393,1063.6133,317.6028,-575.91595,1071.3369,319.03714,-575.79816,1079.2109,320.32254,-575.68604,1041.169,313.119,-579.95166,1033.2871,311.05658,-579.79114,1025.3823,309.15805,-579.7576,1087.0687,329.14032,-327.81226,1013.4524,313.03024,-344.73486,1057.7618,357.3885,-512.7727,1030.1666,351.4489,-517.7768,1120.3323,437.20035,-124.400795,940.3768,408.68103,-194.25659,1107.1764,586.85565,-318.63837,888.6136,551.23083,-410.31595,1127.8867,513.6579,-775.41327,915.3734,476.97574,-850.5194,1137.7908,491.32364,-875.8189,923.36,453.8487,-959.0802,1142.4447,467.81204,-869.0028,923.8249,431.8885,-946.63965,1130.9987,473.3136,-785.6654,928.978,442.67746,-858.0165,1053.8772,665.86993,23.933386,945.21124,653.2262,-22.73812,1092.6826,794.50757,-562.98004,917.6255,750.7456,-586.8914,1065.4784,986.35767,-193.90779,858.54254,929.57275,-205.484,1052.7867,1009.0212,-166.2142,853.25775,950.1792,-175.93443,1058.6477,1060.7439,-430.95953,843.6421,1007.49854,-414.50882
arm_curl_end_0.00.31.08.jpg,879.69696,333.28027,-528.793,889.85266,312.6142,-492.19232,897.57605,311.85635,-492.14206,905.42065,310.89008,-492.02997,867.2895,314.71255,-494.1084,859.20166,315.06158,-493.85587,851.18677,315.5598,-493.89868,916.04315,317.38232,-240.03427,841.31506,323.12402,-250.19025,894.71094,351.1602,-433.9101,866.5896,353.11105,-437.06424,987.2971,413.7528,-61.478504,796.9204,437.92847,-97.72235,1022.7665,555.3299,-221.75626,802.08734,587.4889,-287.00797,1007.70184,484.77942,-632.9641,792.82153,518.73517,-738.0843,1006.94,464.48523,-730.09875,790.3109,498.69943,-846.81525,1004.12054,441.41483,-727.41077,782.2362,474.73718,-844.98785,996.56616,448.22534,-643.0943,791.6714,480.41098,-750.05475,991.48157,643.9437,15.080193,878.5644,665.37103,-13.623679,1041.1533,736.9264,-665.66595,868.0868,754.22284,-697.163,1071.542,956.6899,-383.72333,851.0799,979.03674,-417.22296,1065.5612,988.8218,-366.70938,852.24133,1004.0645,-399.2878,1088.6385,1028.1322,-655.20575,860.8801,1062.5402,-661.66315
arm_curl_end_0.00.31.08_flipped.jpg,1041.9966,333.64984,-617.4834,1058.3511,315.5118,-586.7599,1066.5492,316.9468,-586.71704,1074.8876,318.23264,-586.66565,1035.0807,311.0775,-586.2188,1027.058,309.11404,-586.00366,1019.01624,307.31546,-586.0551,1085.4441,327.88843,-340.40054,1008.66815,312.15662,-339.28632,1053.8938,354.96933,-523.5742,1024.5581,348.97693,-523.0828,1122.5039,439.7129,-135.6955,938.789,405.51254,-179.37631,1106.7374,589.6797,-319.5674,896.0928,549.30286,-363.67416,1125.4856,518.196,-788.2907,913.179,482.78888,-828.9951,1134.7882,497.6838,-892.3589,917.91046,464.70306,-941.91174,1141.343,474.07217,-891.4028,916.99817,440.98993,-940.4791,1131.2169,477.27295,-801.4792,923.4748,448.55002,-841.04913,1051.7379,666.6257,24.037546,941.50037,649.73236,-22.879444,1087.7748,791.0742,-536.3103,913.9236,726.149,-628.30585,1065.2668,984.1295,-187.67049,855.61334,915.0145,-264.01938,1050.708,1008.239,-163.03287,849.79364,938.6084,-235.6476,1066.3605,1057.6681,-435.5157,842.1125,989.0722,-482.24435
arm_curl_end_0.00.35.11.jpg,880.4124,340.0767,-512.6285,889.03735,318.65427,-478.8232,896.58765,317.63043,-478.78192,904.2401,316.4348,-478.66446,866.7114,320.9245,-480.8582,858.62317,321.2147,-480.56522,850.61725,321.65396,-480.60425,913.17413,320.8624,-230.02715,839.79626,327.5911,-240.06512,894.9563,355.8609,-417.60623,866.84827,358.2322,-420.71762,982.8143,410.32535,-53.343422,796.77893,437.89627,-81.11977,1022.22974,548.3693,-219.85307,806.85205,592.55145,-270.22906,1005.8696,476.76175,-618.3711,798.72437,507.58588,-713.5176,1006.6673,454.0143,-710.4216,795.1373,481.7801,-817.1069,1003.37634,433.82938,-704.23236,785.3988,458.0232,-813.9831,995.89496,441.52402,-627.77826,794.8825,465.44363,-723.7485,991.0373,643.6086,5.3723526,882.1267,665.8135,-4.1144185,1033.734,735.38556,-668.4615,869.3374,761.49176,-664.13684,1074.6669,957.3322,-457.9383,849.8043,987.4775,-468.79938,1072.082,990.79956,-447.6202,851.9628,1013.62036,-458.50845,1089.611,1023.39856,-727.80164,851.73364,1067.5128,-708.9489
arm_curl_end_0.00.35.11_flipped.jpg,1051.5063,337.69635,-584.9007,1066.4302,319.57053,-550.8505,1074.142,321.0996,-550.7934,1081.9933,322.47467,-550.6955,1044.1018,314.7564,-556.9014,1036.0747,312.5636,-556.74603,1028.0483,310.54697,-556.72955,1088.4885,331.31982,-300.07306,1014.91345,314.6264,-326.48785,1060.4469,358.95193,-489.22714,1032.3917,352.5048,-496.99173,1121.2792,440.97702,-106.40342,939.7472,409.97385,-194.46616,1106.688,585.951,-306.47168,900.82623,556.9167,-422.25015,1127.7825,507.78415,-739.4898,921.76483,473.4502,-841.394,1140.5549,485.05783,-835.8611,926.88214,447.3705,-943.32837,1144.4423,463.18442,-829.0281,923.9508,424.8206,-931.8889,1132.1814,468.5329,-750.22485,929.7443,435.88385,-848.2985,1053.4718,668.66296,28.166069,943.22943,654.4925,-26.863995,1086.9131,780.2733,-632.65137,915.4871,731.5355,-651.46356,1065.7238,988.5988,-356.72906,854.55566,927.3658,-350.3784,1050.6932,1016.38776,-339.2008,847.6919,952.07794,-329.10867,1068.5133,1060.3065,-611.13715,845.86707,1003.01025,-573.40985
arm_curl_end_10255.jpg,1207.7784,215.48738,-664.43823,1218.1702,192.59753,-614.2223,1227.6566,192.76523,-614.20056,1237.3076,192.76709,-614.173,1189.0846,192.30956,-626.7139,1177.9203,192.09314,-626.56396,1166.7793,192.07852,-626.55725,1241.2211,206.49973,-327.84106,1146.4133,205.30334,-381.8535,1221.4874,242.85062,-561.21045,1183.7347,242.06659,-576.13306,1293.11,357.6777,-155.28381,1065.6838,348.6619,-218.49168,1304.4342,545.21405,-415.03232,1037.2759,548.2203,-432.945,1345.865,440.56357,-925.2188,1010.7244,425.54272,-898.3476,1366.1156,407.7627,-1026.4028,1000.15814,386.5732,-992.9123,1372.2721,378.8715,-1018.84406,988.7686,352.82397,-978.0448,1355.9996,386.56662,-939.33325,1002.0687,365.76257,-905.3533,1224.3533,618.79785,32.174644,1089.6416,613.0111,-30.978949,1306.0474,740.80304,-773.10834,1048.5406,711.98114,-770.20374,1218.9065,992.05634,-377.82196,1029.494,952.28253,-445.271,1189.0428,1017.7586,-349.9715,1032.8727,981.9799,-423.83035,1228.2042,1094.9407,-647.72974,1016.8618,1041.4395,-718.29834
arm_curl_end_10255_flipped.jpg,717.03864,216.46945,-549.203,731.74963,192.95673,-511.1796,742.0041,192.43425,-511.04724,752.387,191.6929,-510.84784,703.8594,194.91583,-503.8032,693.93164,195.2544,-503.62048,684.0385,195.84312,-503.6068,769.6021,204.03117,-263.74487,676.7804,208.71132,-228.88991,739.53625,240.71121,-459.7933,702.1568,242.3589,-449.5017,854.43506,330.99908,-113.79336,626.7541,355.17093,-73.406136,920.3287,514.8531,-380.66312,626.0258,553.58264,-335.39008,926.44635,408.24222,-844.89453,577.7184,441.27936,-844.316,930.9565,375.6374,-938.56744,558.4275,405.15152,-936.32086,931.60767,344.72394,-920.61475,546.3818,378.1651,-913.5565,919.47327,357.40945,-849.1025,565.9188,389.85812,-848.1118,833.8339,604.92346,-9.07445,701.2526,624.6799,10.298557,906.19617,682.2976,-832.326,637.97833,735.5423,-771.01556,885.62103,925.2422,-401.88916,695.296,985.7589,-444.34363,871.7563,947.7129,-369.19217,716.6853,1002.9509,-422.18314,895.34283,1037.1947,-669.12335,690.76917,1104.7842,-712.69543
arm_curl_end_105.jpg,1027.4126,155.96269,-763.0983,1040.7617,127.94504,-728.923,1050.4806,128.40334,-728.88745,1060.3544,128.7227,-728.84125,1012.15485,125.47205,-737.32556,1001.21106,123.78371,-737.2729,990.25964,122.30268,-737.108,1065.0765,136.21696,-443.60458,970.5295,127.62295,-480.06253,1039.6782,179.6916,-653.2905,1002.94794,176.14825,-663.2524,1111.4414,263.4271,-235.51758,890.72687,249.21443,-283.81262,1141.2924,446.50623,-554.88354,863.8794,441.10736,-580.0687,1167.9076,324.6421,-1062.0154,849.6271,313.97165,-1079.6902,1183.8184,283.05316,-1170.9769,841.55646,272.07306,-1172.3795,1185.3453,256.52335,-1138.3247,833.1516,240.862,-1145.9525,1169.1908,269.40485,-1066.2288,843.7175,257.20758,-1082.3823,1046.3469,535.0484,19.095455,915.35425,529.3955,-17.838905,1150.2532,633.76056,-775.21094,853.9971,622.1457,-763.604,1083.425,865.182,-312.3751,866.1814,850.831,-369.65845,1057.8038,885.0368,-276.20886,877.07697,870.8983,-342.64398,1094.3922,980.13544,-565.7564,862.38715,963.5017,-650.1247
arm_curl_end_105_flipped.jpg,899.8274,150.44962,-653.89026,913.112,123.25437,-617.34717,923.4995,122.2767,-617.1395,933.996,121.131,-616.9647,884.2099,125.45525,-615.45715,873.7567,125.65465,-615.361,863.30164,126.090965,-615.3506,949.1864,129.93037,-360.4185,853.3421,135.94072,-347.99146,921.72675,172.85423,-558.64,883.892,174.99347,-554.5846,1026.5409,250.7413,-210.02301,802.13617,266.3103,-175.15747,1089.8723,424.4048,-504.28735,788.64264,448.26968,-470.21417,1089.605,308.60474,-968.18414,754.6548,318.35873,-939.4254,1094.671,271.38638,-1056.9188,736.39343,275.53583,-1024.3749,1093.2739,243.1543,-1027.8749,729.6931,253.56075,-984.8394,1082.56,258.01038,-967.7702,747.53107,269.59637,-935.44366,1001.03796,523.37164,-13.319167,867.5573,534.3448,14.063705,1098.9352,611.22473,-740.51245,780.94855,661.973,-671.8123,1054.3767,842.90485,-306.0833,844.96295,884.1772,-350.166,1036.9293,864.7465,-273.7641,866.98505,901.85345,-332.29733,1059.7491,947.23914,-564.93195,844.38995,989.39465,-633.5516
arm_curl_end_11268.jpg,1196.0636,226.6037,-668.3153,1208.877,202.82556,-626.28345,1218.5765,203.3608,-626.2358,1228.4004,203.71646,-626.1912,1180.3333,201.31956,-633.2595,1169.5283,200.41647,-633.1278,1158.7212,199.72977,-633.1096,1235.1361,215.20485,-345.70184,1140.8798,209.35013,-372.8332,1210.5872,252.02473,-564.7769,1173.1783,249.49423,-572.02747,1287.7194,354.08505,-163.26855,1062.4579,344.22427,-190.64934,1307.7148,539.5307,-433.57712,1038.3029,543.95105,-422.88324,1343.1525,437.26883,-949.5088,1022.4193,414.30225,-924.077,1358.5199,405.1158,-1056.0592,1016.1595,373.0068,-1022.83594,1362.1587,375.4376,-1044.0153,1007.17645,338.9873,-1005.4436,1346.5575,384.27396,-961.37616,1019.6979,353.42215,-931.2184,1223.3701,615.8326,17.146826,1089.4365,609.98444,-15.854338,1317.7113,730.14764,-800.36597,1040.5433,708.0465,-751.95496,1223.3618,976.29736,-424.6231,1027.1102,949.0301,-468.75272,1193.9589,997.6891,-398.05295,1033.6904,975.7459,-449.8803,1226.9049,1083.1162,-696.66724,1011.9601,1044.6619,-740.3686
arm_curl_end_11268_flipped.jpg,724.99884,231.17435,-576.1569,738.8595,205.16275,-540.5345,748.9255,204.54265,-540.41705,759.1007,203.72908,-540.34247,711.4827,206.7679,-535.2998,701.5031,206.78241,-535.14246,691.5339,207.05504,-535.1298,773.9323,213.34995,-290.63422,682.4084,216.9071,-267.0818,745.744,253.78723,-484.2963,708.79315,255.14464,-477.14014,849.55493,336.09485,-131.5374,627.4251,358.61124,-108.85523,912.25354,517.21857,-410.1836,622.6533,552.52246,-362.16003,914.9154,408.54367,-882.1781,585.1861,434.97388,-841.00037,920.1536,372.26855,-973.193,571.14923,398.66467,-929.5161,918.77313,344.0942,-950.4933,559.67114,372.0709,-902.69934,906.3244,357.97595,-885.03796,576.9589,384.50894,-840.93536,824.0303,614.649,-0.9982158,693.2113,631.77014,2.194494,915.8259,700.44293,-795.5546,632.4871,736.19086,-738.93787,888.91223,932.40247,-357.80322,696.58856,977.6192,-453.19077,874.2848,951.5945,-323.27386,715.20557,994.71796,-433.83405,894.5793,1040.0604,-612.0965,703.3922,1087.4977,-716.4153
arm_curl_end_12667.jpg,1025.1656,337.5518,-598.8188,1038.2992,316.83606,-557.5583,1047.0278,317.34454,-557.4945,1055.875,317.6966,-557.4387,1012.7172,315.24704,-560.3212,1003.2368,314.36322,-560.23596,993.76624,313.6774,-560.2391,1064.8855,328.35275,-309.55862,980.7941,322.29263,-321.49048,1039.1221,361.0537,-509.55505,1006.4833,358.54468,-512.5489,1115.3485,455.54956,-158.31682,912.22345,435.62964,-168.29762,1127.8279,625.1696,-415.29312,876.0464,606.1139,-412.43054,1131.5176,527.52216,-826.39056,887.822,490.9551,-880.3596,1136.4524,496.52878,-909.59705,889.9156,454.03763,-973.591,1143.62,471.7104,-881.39655,884.44025,425.92038,-942.411,1132.5122,480.7908,-826.0565,894.2474,440.27972,-879.3931,1052.3848,675.6953,12.34982,932.3516,662.8535,-11.383277,1114.0729,769.1117,-738.7297,892.2612,730.9435,-702.8175,1040.4766,974.9813,-366.54263,847.915,929.562,-387.92102,1016.4196,995.3558,-341.3635,848.0626,953.3412,-367.5389,1041.9696,1060.9435,-635.3755,831.1225,1009.01074,-641.09
arm_curl_end_12667_flipped.jpg,899.06964,335.9219,-537.20807,909.7603,314.18854,-496.13867,918.5967,313.4792,-496.06818,927.54724,312.58218,-495.92175,884.57623,316.53735,-498.194,875.2858,317.1438,-498.08514,866.0524,317.91684,-498.10153,939.3334,323.34702,-253.65775,855.4102,330.1242,-259.92056,917.3433,357.3413,-449.88455,883.96295,359.718,-451.4153,1012.2927,434.68936,-107.26722,811.41284,457.16995,-105.78985,1072.8927,588.1403,-369.1507,802.92065,628.92645,-338.03824,1044.3827,482.02643,-797.2573,794.3281,524.6375,-773.0252,1037.7589,451.49268,-884.4002,789.87134,492.07825,-855.73474,1037.9873,424.02136,-853.10516,782.7886,468.06158,-832.0422,1031.7872,436.64807,-795.6443,795.84827,478.9201,-772.97437,1004.0072,659.8359,2.4134152,887.2612,677.61084,-1.6175928,1069.8748,723.288,-720.5011,846.4508,746.2381,-671.26483,1076.4543,952.33453,-411.4109,871.2328,972.07104,-424.4662,1066.0225,980.7179,-392.49872,884.1166,996.87103,-409.34808,1092.6809,1040.1365,-684.02075,868.733,1060.6744,-675.04535
arm_curl_end_14006.jpg,1014.4605,389.01028,-665.4387,1031.2886,363.4439,-644.06976,1040.501,364.03302,-644.0172,1049.7997,364.4846,-643.89056,1005.98224,359.93604,-644.0927,996.9628,357.69974,-643.85425,987.9427,355.61908,-643.91473,1062.6946,365.50937,-395.40546,977.54895,352.9496,-403.8302,1028.8108,405.68915,-566.4351,996.91724,400.76282,-568.1907,1108.4692,456.70377,-170.35667,911.5498,430.45123,-175.04166,1119.5574,622.42236,-357.24164,869.2688,597.1816,-372.97467,1133.7651,541.6065,-808.01904,887.58234,514.8543,-886.1897,1136.4534,517.8274,-909.5589,897.7006,493.2467,-988.2329,1143.9061,486.0953,-900.00385,894.4286,457.57352,-980.65076,1133.3794,493.06616,-815.9807,901.1059,467.53397,-893.42804,1049.8103,675.31006,11.382212,936.49646,664.3704,-10.110192,1113.4604,760.8959,-706.70056,890.2049,734.1552,-675.3334,1039.0662,983.67053,-412.18033,855.82623,942.0713,-434.4452,1013.4343,1008.32355,-393.67114,860.50323,967.2352,-419.70392,1045.4141,1073.1143,-663.7653,830.1834,1024.2352,-675.288
arm_curl_end_14006_flipped.jpg,901.9999,387.2182,-550.9978,913.02484,360.87927,-536.64874,921.4979,359.91675,-536.6731,930.10925,358.79526,-536.59906,889.7311,361.6903,-534.31866,881.23645,361.0125,-534.2228,872.7426,360.49844,-534.3309,941.56464,357.57086,-335.43765,862.6933,359.82126,-323.84802,917.7361,400.70233,-468.8513,888.18274,401.20593,-465.137,1008.89374,433.92285,-173.77962,815.90375,455.23807,-140.09732,1077.1023,579.8589,-396.8178,815.1839,624.2955,-349.78525,1038.1447,499.01355,-801.83966,791.57745,544.1623,-781.84973,1025.3134,477.45197,-886.5592,781.8573,518.6694,-859.93024,1024.4792,450.40033,-859.462,775.16205,492.15823,-843.401,1020.6775,461.2794,-801.34283,788.45996,501.2909,-785.49756,995.6916,670.16425,-10.97944,886.95715,687.6131,11.894456,1070.0757,718.92175,-673.4421,829.4992,755.7712,-610.2248,1075.681,938.81604,-394.5219,877.85114,961.0595,-426.26456,1066.7764,963.8451,-375.8693,895.40546,978.5649,-417.872,1091.5764,1023.19366,-614.73206,882.76385,1047.1782,-660.6421
arm_curl_end_15613.jpg,1020.7408,340.72778,-553.3965,1035.5333,320.8883,-515.8986,1044.2252,321.94022,-515.7965,1053.0238,322.8139,-515.7028,1010.721,317.8251,-516.6933,1001.6319,316.33932,-516.5447,992.5568,315.03928,-516.6121,1061.5333,333.06433,-276.51663,979.6705,321.94473,-280.90573,1033.1774,363.54395,-465.39667,1001.0719,358.868,-466.46997,1107.0994,450.30154,-116.220894,905.7344,429.43903,-131.03995,1124.9064,614.95764,-334.81046,865.20953,596.1511,-351.7144,1149.2828,534.1819,-764.3852,879.1332,499.17694,-827.3937,1159.2253,509.47598,-849.06274,883.67676,469.91214,-926.09204,1163.0865,482.1333,-840.8628,880.2679,441.61273,-901.7261,1150.9155,489.4938,-772.1385,889.51624,454.0435,-828.2923,1048.8401,666.9899,0.4127452,931.18146,660.748,0.5620171,1100.6956,756.83966,-757.13446,873.6274,739.2497,-659.2436,1046.0748,978.74677,-414.62,857.134,950.0093,-387.5514,1028.626,1000.44574,-391.37207,866.05725,974.1679,-369.49518,1032.2285,1073.1208,-686.77167,832.4519,1033.8572,-626.82446
arm_curl_end_15613_flipped.jpg,900.0247,337.94666,-525.6679,909.00867,316.34644,-488.92398,917.43256,315.30057,-488.84372,926.01654,314.07486,-488.6688,884.465,319.27826,-489.08597,875.3925,320.05695,-488.98145,866.353,321.00897,-488.9645,936.51355,323.22293,-264.8663,855.661,332.23816,-260.872,917.48785,358.36002,-444.53183,886.12195,361.6683,-443.1308,1012.6016,434.38586,-139.72878,812.23083,457.09024,-118.02922,1071.2162,590.51,-392.97586,804.25964,624.9082,-368.92276,1046.2017,498.39307,-784.581,777.0636,532.2884,-802.2698,1038.1864,472.45477,-860.3329,764.1629,501.71066,-884.5811,1042.0995,444.3324,-831.706,756.8866,478.2937,-851.7523,1036.9723,455.92126,-782.55084,771.44214,488.5605,-800.961,1002.95654,663.2636,-9.748338,885.94324,679.23083,10.598263,1065.3539,726.60486,-695.1722,833.8353,756.53625,-648.77686,1077.9886,946.4104,-350.2398,857.0421,962.55817,-361.85486,1071.6742,970.8249,-327.42972,869.9133,982.2608,-346.729,1088.6799,1032.5698,-615.80835,861.59314,1049.4211,-631.9056
arm_curl_end_2036.jpg,1205.8683,229.52791,-682.46234,1218.2196,206.11023,-635.91864,1227.6144,206.98042,-635.8424,1237.1572,207.69246,-635.74054,1189.9875,203.40547,-645.7609,1179.1368,201.99638,-645.59784,1168.2678,200.80943,-645.5705,1240.6901,218.73958,-339.40533,1147.8097,209.41585,-381.63058,1217.7943,255.5662,-573.0116,1180.7118,251.32076,-584.75256,1286.7943,358.16394,-164.08261,1062.4615,342.97934,-200.43127,1310.2421,539.0162,-462.16513,1026.674,535.07294,-462.8322,1347.7524,433.3124,-988.92566,1009.96533,411.07367,-964.51666,1365.4988,400.82007,-1093.6954,1001.3626,370.8451,-1063.5056,1367.452,371.93436,-1079.8732,994.15155,338.60492,-1037.8657,1352.0123,381.4992,-1000.0424,1006.1785,353.31995,-967.81836,1224.482,622.1401,20.515408,1088.9036,616.09625,-19.254356,1312.867,733.1981,-838.2435,1045.2009,707.6668,-828.745,1224.5957,980.45435,-432.53745,1028.4194,952.1854,-530.1019,1196.4907,1002.6302,-403.4578,1033.2466,978.8322,-510.54623,1224.7659,1089.3237,-718.95557,1018.6956,1051.0071,-821.6968
arm_curl_end_2036_flipped.jpg,721.8697,222.53175,-604.81335,733.6091,197.34285,-565.805,743.6508,196.27951,-565.7122,753.8063,195.00311,-565.5314,705.015,200.65388,-562.30457,694.6424,201.50842,-562.14386,684.2946,202.61465,-562.20807,768.43115,205.27702,-302.98428,673.6164,214.86174,-284.42456,743.7941,245.15099,-508.66058,706.17017,248.64618,-503.1249,850.8041,333.66986,-157.06758,626.41766,357.38934,-103.762764,914.12524,515.7664,-461.9492,619.58887,548.3866,-371.19067,918.07605,408.09485,-966.5981,574.44885,433.04218,-888.11694,925.09674,372.5306,-1062.3031,554.7974,395.4031,-984.80676,922.4345,344.86777,-1040.178,546.17847,369.72458,-953.88043,910.58545,358.6749,-970.2186,564.31476,382.71786,-889.66785,835.9318,611.0354,-19.778847,700.02814,628.69836,20.876093,921.06274,700.9169,-824.16315,618.6787,744.10974,-759.198,890.1106,953.67194,-452.1675,688.1791,984.0592,-488.72595,876.64343,978.29346,-426.70355,708.6825,1003.6141,-473.27002,892.24695,1055.8597,-749.0682,696.6389,1084.937,-784.37646
arm_curl_end_2119.jpg,1206.7924,237.04584,-703.24677,1220.3826,211.22995,-665.0082,1230.284,211.93204,-664.9275,1240.328,212.47595,-664.84515,1191.3359,208.69301,-674.7492,1180.1858,207.2685,-674.59283,1169.0405,206.04051,-674.56213,1246.0983,222.41559,-371.18066,1149.4214,213.39822,-414.6877,1220.0913,261.88052,-591.16864,1181.9977,258.10742,-603.2154,1294.4271,354.8022,-161.85066,1067.1608,337.7779,-197.91623,1312.8406,539.4995,-409.69995,1041.3466,532.6794,-427.44894,1357.1031,433.3267,-924.6081,1017.1811,419.7324,-951.9795,1374.3739,401.51392,-1033.2291,1008.3688,385.3643,-1052.8394,1378.5771,369.3617,-1027.612,1000.8206,349.72815,-1044.04,1362.4586,377.9119,-939.2822,1012.5442,362.12256,-962.93976,1226.9128,618.7283,16.050009,1090.707,610.34796,-14.417037,1317.8466,731.5319,-821.08746,1029.8159,709.3523,-765.9971,1225.8628,983.2691,-458.20807,1030.6741,954.78406,-488.07404,1198.3899,1005.4534,-431.6733,1039.6387,983.54425,-470.69553,1222.2074,1091.0819,-737.24976,1017.23785,1047.7517,-777.84406
arm_curl_end_2119_flipped.jpg,724.78723,240.97797,-563.4459,736.42816,213.58208,-528.6437,746.2067,212.36655,-528.556,756.08417,210.94934,-528.4182,708.82007,216.39299,-528.2614,698.61884,216.70828,-528.055,688.45465,217.27097,-528.065,768.73114,217.37184,-266.10226,676.90015,225.07516,-264.63693,744.8458,260.47656,-464.79242,708.3281,263.21048,-464.32144,844.4348,328.96536,-96.87399,624.8085,354.96844,-82.28891,909.8992,505.43756,-354.4893,621.5001,546.49475,-337.67764,920.07556,405.97897,-826.4468,576.2774,438.5796,-841.89716,927.23773,373.51483,-917.752,558.5646,403.69174,-936.6577,925.0602,345.35992,-906.4302,547.13354,377.34857,-914.6775,913.5346,357.91888,-834.73914,564.46515,388.8852,-845.9773,828.7237,607.07153,-3.5826304,702.0027,628.08594,4.7639813,907.24365,677.9935,-825.1563,642.2843,738.04315,-728.79034,893.4463,944.12726,-476.42102,701.4076,983.32385,-480.65134,879.4816,972.09973,-452.5738,722.284,1002.2554,-467.20587,911.167,1049.2375,-754.28107,697.4418,1093.4883,-750.9935
arm_curl_end_24350.jpg,1026.3909,357.1969,-552.52325,1041.8632,337.1272,-517.1262,1050.6547,338.328,-517.0131,1059.5544,339.35843,-516.79974,1016.8082,333.33035,-518.28687,1007.753,331.54266,-518.15686,998.70166,329.94687,-518.1985,1068.8865,348.8549,-269.68814,986.3508,335.61096,-276.57,1039.1768,379.47864,-460.5499,1006.9528,374.078,-462.2806,1114.5968,463.07526,-105.11624,912.6926,435.84995,-102.5553,1132.5491,621.4673,-343.98282,871.9621,602.12256,-341.75516,1142.0,529.5951,-771.35767,890.34875,499.7939,-810.554,1149.0303,501.0644,-863.97076,896.4967,466.06595,-905.91986,1151.6101,476.62024,-842.23016,892.2028,439.71097,-883.35406,1141.0933,485.96167,-775.4994,900.2542,453.45053,-812.7724,1051.8066,680.18896,-1.6100872,933.0898,668.47754,2.6104455,1102.5138,755.3861,-789.97,880.927,732.5698,-706.65295,1042.7655,984.0912,-502.11063,843.7309,949.3086,-478.89108,1025.2551,1009.0681,-485.25598,849.3637,977.0098,-467.49142,1032.3492,1070.0574,-785.3097,821.5808,1028.511,-743.9419
arm_curl_end_24350_flipped.jpg,896.14557,354.3359,-436.145,905.7238,331.16724,-397.85178,914.23047,329.8803,-397.8892,922.83496,328.42682,-397.7483,881.62463,334.52274,-401.38144,872.5743,335.30005,-401.22665,863.5751,336.26038,-401.28275,933.8933,335.6374,-157.99883,852.8837,345.513,-170.14897,914.09393,372.5203,-349.18512,882.004,376.22067,-352.3843,1010.10223,432.39355,-19.481243,810.91693,464.2924,-21.936373,1080.2887,585.1894,-248.2661,816.8166,635.5207,-261.71658,1041.9874,494.18286,-640.21173,793.57794,528.3848,-690.85736,1031.0548,469.3537,-720.7047,784.11005,493.89868,-771.2263,1030.6117,440.65085,-696.4937,772.9136,469.98062,-753.1311,1025.9584,452.571,-639.79065,787.1872,480.90677,-693.36847,1009.27435,675.20325,3.7839446,893.05743,697.1251,-2.7568977,1065.6409,698.2709,-729.69183,864.4997,732.69,-686.09753,1075.9933,936.146,-516.90204,873.73193,968.0582,-541.6037,1066.8663,967.39746,-506.36203,886.0848,995.61084,-537.15173,1096.6885,1022.3387,-773.1252,866.28156,1058.9279,-778.76514
arm_curl_end_26145.jpg,1023.27814,347.45126,-577.11285,1037.8171,326.99533,-540.1351,1046.3881,327.974,-540.0261,1055.0881,328.78592,-539.9861,1013.4817,324.17227,-542.2098,1004.48413,322.75732,-542.07086,995.49005,321.52686,-542.1851,1063.8373,338.86484,-302.63147,982.75476,328.51666,-310.68848,1035.4928,370.57892,-488.82123,1004.0894,366.07895,-490.9164,1111.3383,458.36282,-148.33827,911.2129,436.4134,-156.69841,1130.6246,621.08765,-392.4845,868.50397,602.3813,-401.14816,1131.2744,527.7994,-819.2446,893.2039,506.35266,-876.26886,1132.3367,501.49194,-906.083,900.0331,477.70422,-973.25867,1136.7498,473.39853,-887.12634,899.5529,451.4147,-947.59595,1127.0875,482.74478,-822.46246,908.78754,464.78302,-876.6252,1053.8093,673.2053,0.51221865,936.5103,666.12476,0.495941,1111.9202,749.93256,-746.5117,875.3124,726.05914,-679.1972,1038.9482,972.04865,-403.31195,849.9299,943.58875,-417.56308,1017.7526,994.6428,-379.9427,854.89374,967.77966,-399.7754,1027.9629,1061.5156,-666.72076,834.9482,1027.1216,-659.72864
arm_curl_end_26145_flipped.jpg,899.53687,345.72736,-615.83234,909.16205,322.58878,-580.4085,917.6654,321.6428,-580.39075,926.29553,320.50638,-580.2651,884.7179,325.00604,-582.7352,875.6417,325.50613,-582.5888,866.60394,326.15967,-582.5825,937.3301,328.7094,-339.83978,855.2439,336.15665,-348.10617,916.78467,365.319,-526.94073,884.99335,367.90695,-528.74896,1009.5728,437.02518,-165.48581,811.5622,453.92194,-160.15411,1070.2758,595.75256,-375.41864,795.5058,618.814,-371.19208,1038.0569,504.72107,-798.879,796.49664,527.1617,-825.0581,1026.4501,477.66138,-890.04596,799.5257,499.26172,-911.0342,1026.3844,448.04343,-858.5097,792.74225,472.62604,-891.2289,1021.79877,459.17465,-796.0023,803.358,482.89392,-826.0945,1004.8841,654.7809,0.5301973,888.91785,669.098,0.23113368,1085.9652,732.94165,-667.6403,836.5895,744.05164,-658.34216,1081.3534,952.52954,-316.62125,865.46405,960.1641,-334.0972,1069.9764,977.3951,-292.32626,878.31757,984.37,-311.7822,1091.671,1038.4042,-566.52094,861.9124,1042.8519,-579.4696
arm_curl_end_2993.jpg,1204.4229,222.10422,-614.48553,1216.4625,200.06235,-563.10645,1226.045,200.78398,-563.0475,1235.7681,201.33861,-562.90405,1187.6113,198.18298,-572.40295,1176.6653,197.26376,-572.23535,1165.7094,196.56339,-572.2073,1240.5662,214.26862,-270.42343,1146.3905,207.67784,-310.50226,1218.0856,249.26744,-509.67682,1180.5217,246.18137,-520.8602,1289.8729,360.0261,-108.5457,1065.9968,348.8961,-142.4645,1301.7563,549.6723,-377.45856,1034.1957,548.84406,-371.51483,1343.832,446.92044,-867.3953,1011.0015,422.32382,-831.16376,1364.4258,413.33102,-963.7771,1000.4369,380.19412,-925.24384,1369.3705,385.74567,-948.8512,988.7306,347.9668,-899.69037,1353.3481,394.2165,-877.2881,1001.572,361.77374,-834.22845,1231.7802,623.5944,25.34332,1095.6826,616.82947,-24.071522,1314.8428,734.3765,-806.891,1057.113,694.9636,-816.91205,1221.7627,990.24445,-456.3464,1027.9338,935.3936,-531.46423,1194.746,1012.3831,-431.6364,1028.9669,961.9264,-511.932,1212.9973,1097.0413,-747.551,1018.44415,1030.6405,-805.48206
arm_curl_end_2993_flipped.jpg,717.91925,226.07054,-582.816,731.8138,199.9844,-545.1463,742.22784,198.95354,-545.0696,752.7528,197.71999,-544.9342,703.3086,202.95161,-539.3947,693.0256,203.51973,-539.20355,682.78046,204.33981,-539.19586,769.5626,207.85777,-287.82098,674.35626,215.70175,-259.92154,740.80237,248.41286,-488.7631,702.5721,251.34618,-480.4108,851.6999,331.46454,-135.8923,626.81067,359.82578,-97.08598,915.90295,515.3483,-415.1058,629.2737,557.35474,-361.98813,921.3827,408.4592,-887.45526,579.75903,446.96625,-872.91895,926.8719,373.5111,-979.7186,559.2585,411.89612,-967.816,926.4999,343.7196,-961.54675,547.7323,384.71475,-941.89056,914.15155,357.01337,-892.2332,566.99066,396.09827,-875.81433,831.0024,608.47577,-8.608197,698.42444,628.61804,9.772003,924.66406,688.2333,-813.57007,627.8124,737.0571,-760.08795,890.319,926.16315,-370.8609,694.5639,984.8457,-444.3772,874.6608,946.2659,-336.28027,715.9323,1001.7915,-423.1131,896.2356,1034.3798,-626.08966,696.58405,1097.9712,-713.5768
arm_curl_end_31466.jpg,1204.7377,221.76288,-607.58344,1216.2102,199.60295,-557.0006,1225.547,200.28618,-556.9522,1234.9913,200.79425,-556.88727,1187.9913,198.00586,-567.98364,1177.1909,197.18694,-567.80914,1166.3943,196.5825,-567.8471,1239.1556,213.91843,-265.55402,1146.8291,207.95416,-313.68686,1217.9347,248.4551,-502.9322,1180.679,245.64215,-516.4936,1286.6011,358.19788,-103.69857,1065.3657,346.80145,-145.98486,1299.7548,543.5875,-360.75754,1037.8042,544.28186,-379.61917,1342.4331,442.4443,-861.4381,1026.2345,423.86215,-890.15045,1361.2621,411.23877,-958.27075,1020.79834,386.41397,-992.3804,1366.5803,383.39462,-952.5285,1011.43134,352.79575,-975.28796,1350.7056,391.62112,-874.98596,1022.9893,365.6639,-897.1306,1223.1844,621.3922,24.552662,1089.2198,615.22424,-23.428972,1313.0648,731.47,-806.8713,1045.897,704.8211,-779.1992,1216.8601,992.86945,-475.82028,1020.8501,954.0053,-531.9843,1188.5953,1014.449,-452.97205,1024.52,982.8135,-515.8474,1210.2902,1101.532,-761.86646,1005.4667,1046.8517,-804.2247
arm_curl_end_31466_flipped.jpg,717.14124,224.80368,-577.24945,731.59753,199.15411,-538.9293,742.10596,198.17973,-538.81213,752.72736,196.99997,-538.66296,702.9659,202.01823,-532.69464,692.75055,202.57982,-532.51685,682.55206,203.40785,-532.5339,771.03674,207.35724,-282.3663,675.25903,215.06204,-253.05373,740.96716,247.91249,-483.55597,702.7525,250.78738,-474.71176,853.5741,331.83588,-124.322205,629.0227,358.5431,-85.82726,918.7181,514.0538,-406.3049,628.00323,553.7973,-340.35175,915.16705,413.40787,-888.54877,583.2458,445.74622,-841.42957,917.785,382.3908,-985.861,564.5089,411.7682,-934.872,917.0851,351.99664,-965.57935,553.9857,384.61273,-912.7347,905.8357,364.46747,-892.8862,572.9692,395.76828,-844.99164,830.691,609.9434,-3.8303335,698.253,628.9414,4.9308634,917.285,684.07074,-815.0073,628.91724,738.6192,-742.61414,888.72577,939.2185,-404.7198,693.03735,984.22003,-455.7994,871.1203,965.38257,-375.9817,715.35944,1002.7575,-438.63617,907.2771,1044.5333,-693.0742,690.5103,1095.1489,-739.8377
arm_curl_end_33910.jpg,1201.552,239.24976,-721.083,1214.6898,213.3818,-680.7111,1224.6254,213.76837,-680.57587,1234.7019,214.00671,-680.4362,1185.2343,211.5654,-689.6113,1174.0775,210.42676,-689.4407,1162.9258,209.4948,-689.36926,1241.123,223.82704,-380.0179,1144.2732,217.3923,-424.2544,1215.7767,263.86728,-607.5805,1177.9082,261.2145,-619.80585,1290.7655,356.2097,-163.90587,1064.8127,340.90884,-209.14677,1308.3633,539.1164,-415.1798,1034.3866,531.5284,-457.35553,1350.9313,433.4481,-915.1303,1010.3541,416.30984,-986.4292,1369.7285,399.04855,-1020.90765,1000.23706,379.34567,-1091.317,1373.5072,369.9546,-1010.3462,992.7981,346.63672,-1075.5118,1357.0223,378.90628,-927.95825,1004.9953,359.78937,-995.2907,1221.3264,618.28143,26.166008,1087.0126,608.9415,-24.5632,1304.7642,748.4955,-783.1659,1043.1052,724.71124,-734.54724,1219.3264,998.2702,-388.9816,1028.9209,948.66705,-388.6989,1189.3213,1024.4072,-360.49542,1034.1046,976.09955,-367.47763,1234.2026,1101.3776,-669.71326,1014.50226,1039.7006,-677.1046
arm_curl_end_33910_flipped.jpg,724.0695,239.84337,-587.6445,735.62164,211.84494,-553.2333,745.4833,210.2997,-553.1774,755.4469,208.56097,-553.1046,708.062,215.5253,-550.0753,697.97644,216.18483,-549.8707,687.9231,217.09065,-549.89087,769.71106,214.92763,-296.3339,677.7395,225.40492,-278.34784,745.38745,259.00357,-491.44528,708.78937,262.91064,-486.0704,849.852,329.56116,-137.72285,629.05707,355.655,-105.78231,915.7764,507.95673,-412.51028,622.607,543.81146,-378.28943,923.6001,406.25494,-886.45123,575.275,433.9388,-882.168,929.9537,373.40726,-975.75006,555.41675,399.38992,-975.4154,928.2969,344.28955,-963.33105,546.0048,373.44818,-948.66895,916.6251,357.31555,-893.1952,563.96466,385.53516,-884.55664,829.8125,611.2578,-9.600479,700.4744,629.66205,10.649776,922.6104,691.3894,-823.33765,631.4999,743.57996,-737.7167,891.41656,936.92596,-407.7358,697.96014,984.88434,-447.0946,876.0204,959.67163,-376.27728,720.88135,1004.1229,-429.27545,900.9536,1041.8307,-661.75836,692.69257,1091.1198,-714.9944
arm_curl_end_36475.jpg,1022.9806,345.15674,-661.7369,1037.0396,324.67474,-621.41846,1045.6145,325.42664,-621.2819,1054.2847,326.0334,-621.17456,1012.54626,322.5055,-622.58844,1003.5554,321.4078,-622.41644,994.5698,320.49533,-622.4449,1063.768,337.3101,-361.40146,982.50366,329.40286,-369.37216,1036.4645,368.56158,-566.6917,1004.36597,365.04688,-568.46295,1112.6764,461.19644,-190.94402,913.8033,434.13684,-195.93562,1129.4524,623.92334,-460.51007,857.1048,588.72,-474.11172,1128.0073,525.16895,-931.3587,891.0326,488.68518,-976.75165,1128.2639,497.2287,-1029.0101,901.5633,459.1339,-1073.2107,1133.764,467.9905,-1000.7164,901.1748,434.44357,-1042.0742,1124.5925,477.07306,-930.8761,909.21655,447.92346,-973.32916,1057.9529,671.4897,5.3825703,940.8389,656.796,-4.259852,1119.1019,764.2112,-752.68634,883.8414,724.6978,-760.3933,1037.6663,980.53986,-376.32245,852.30383,945.83075,-443.1567,1011.8522,1003.9744,-351.5245,856.2686,975.1272,-422.94147,1040.7372,1072.4661,-647.43567,826.78125,1026.766,-713.90814
arm_curl_end_36475_flipped.jpg,904.3181,339.60385,-474.14096,912.586,318.14758,-433.71997,920.9024,317.3001,-433.721,929.33136,316.27914,-433.5966,888.42145,320.8323,-438.8203,879.1199,321.53784,-438.68054,869.8645,322.42648,-438.657,937.21484,326.72925,-200.84735,856.8048,334.76965,-219.65414,920.6287,360.71008,-390.89008,888.2486,363.59723,-395.986,1006.95935,438.2352,-64.90281,809.9073,461.17892,-92.302025,1076.3965,591.4879,-326.3036,805.5977,631.39923,-368.44318,1036.5488,487.2461,-731.2083,801.78723,523.62036,-824.5883,1022.79474,458.5794,-808.8294,800.4019,491.29272,-909.0555,1023.7538,429.4874,-778.3424,793.00604,465.99585,-882.69885,1020.23425,443.5088,-728.4445,805.2505,478.06882,-823.9399,999.4133,672.21387,7.6109056,885.2664,690.9656,-6.822286,1052.3547,702.01917,-732.3193,860.8549,724.2556,-690.5635,1078.5911,941.21875,-470.07147,873.4095,963.7476,-495.05722,1072.1184,968.9086,-454.4022,881.3728,990.63586,-483.46826,1094.7026,1037.2587,-722.04156,881.8439,1059.2579,-723.5799
arm_curl_end_37633.jpg,1202.7896,217.2971,-665.70245,1213.6066,193.7119,-622.1758,1223.1616,193.8816,-622.181,1232.8862,193.88493,-622.18097,1185.1938,193.33871,-631.7248,1174.2338,192.99629,-631.62213,1163.2743,192.853,-631.6134,1237.8315,206.9828,-345.40857,1144.0552,205.36908,-381.67743,1216.996,243.27888,-563.854,1179.4913,242.29942,-573.7794,1287.7795,354.94305,-163.95369,1067.4415,341.93607,-195.6648,1300.9618,541.92737,-412.58316,1039.715,538.59106,-397.41324,1347.4268,438.81354,-928.3011,1015.23846,417.88846,-880.1436,1366.1985,408.17355,-1032.8849,1005.4421,380.44763,-974.3262,1372.8483,376.5638,-1027.0677,995.44324,344.4541,-961.1865,1357.4407,383.5788,-942.672,1006.881,357.01813,-888.7585,1223.6239,613.9252,19.13446,1090.2723,607.1019,-17.83036,1319.47,720.2342,-772.3071,1035.3517,695.96313,-758.20044,1224.7949,976.9312,-432.42444,1026.666,952.04395,-489.97644,1195.5634,998.5415,-408.37396,1031.475,980.0144,-472.74683,1222.2773,1085.3108,-699.01227,1023.7334,1047.8042,-764.8063
arm_curl_end_37633_flipped.jpg,720.7157,220.65889,-550.6056,733.7324,196.469,-508.80084,743.90125,195.46422,-508.68463,754.17505,194.2506,-508.4911,705.5989,199.82762,-503.57208,695.48047,200.69524,-503.3563,685.38574,201.8282,-503.34567,770.65497,206.03961,-249.33154,677.10364,215.23964,-223.88312,743.8738,243.99371,-457.36765,706.00824,247.46825,-449.79456,852.46014,332.62225,-111.46377,630.26086,361.74597,-64.77662,912.9734,514.20435,-397.37897,631.32587,556.04626,-338.9249,919.41016,404.5901,-880.0608,581.1359,439.99768,-847.9666,925.6032,369.9281,-972.7389,561.1013,403.5184,-941.9515,924.9178,340.39484,-955.8445,548.8044,377.74078,-915.5359,912.76544,353.90024,-884.82526,568.0109,389.48462,-850.2859,828.9191,610.51874,-10.056259,696.6815,630.328,11.1673155,909.5323,686.6186,-824.4698,632.6533,732.6984,-777.2823,888.92053,924.23236,-389.90817,698.2649,977.87866,-465.19983,875.79474,944.91284,-357.096,718.48914,994.26355,-445.028,897.9058,1033.9524,-658.3545,704.6767,1094.0635,-740.2297
arm_curl_end_38555.jpg,1046.6871,394.15576,-606.13763,1055.4843,366.7256,-577.5968,1063.1958,366.60907,-577.5305,1071.0223,366.34622,-577.49475,1031.9974,364.68253,-592.96826,1022.5219,362.803,-592.8974,1013.0255,361.07874,-592.85693,1071.2714,364.62955,-342.15985,992.6961,357.90405,-404.93277,1054.0833,410.9144,-513.072,1024.9669,408.137,-530.89453,1113.5646,465.69138,-172.71613,915.537,438.23187,-233.636,1125.4525,629.2606,-428.02344,867.8118,604.4691,-492.78693,1126.9006,519.7654,-841.9847,902.468,490.22415,-915.2186,1130.356,486.24698,-926.2406,909.6985,455.43088,-992.6609,1136.761,460.26263,-896.75665,908.4927,428.0254,-961.448,1126.059,471.9717,-841.52203,914.7215,443.7769,-910.7396,1048.4585,687.20325,18.900309,932.7332,673.6753,-17.963984,1113.8103,763.1801,-721.55914,896.32697,727.40607,-712.7072,1055.4635,971.4788,-376.4277,846.15314,936.37463,-442.50375,1034.4608,994.998,-353.85965,845.91833,963.3848,-426.56512,1056.6604,1057.1235,-618.3257,827.6734,1019.4273,-681.2478
arm_curl_end_38555_flipped.jpg,873.99316,386.46075,-569.78046,889.9391,360.18262,-563.02954,899.12915,359.292,-562.8923,908.4403,358.21857,-562.6191,867.48926,360.92624,-547.7512,860.1322,360.19147,-547.77374,852.74536,359.66443,-547.87396,930.1569,357.7911,-388.94235,854.19354,359.18567,-315.6368,895.28815,400.9998,-497.58344,866.9373,401.24072,-475.86633,1013.60284,434.03275,-203.7752,815.4921,454.25656,-139.21208,1070.604,586.2291,-424.74136,801.77155,624.80725,-373.68225,1031.0594,479.29715,-801.0632,795.569,516.6191,-771.7607,1019.69696,450.3013,-881.26904,790.9963,482.46603,-842.8357,1021.35443,422.82294,-848.72205,784.9697,459.0362,-812.1205,1017.03485,436.20636,-795.6243,798.2278,472.25522,-767.3095,1006.4872,664.20996,-15.783793,893.80585,681.21765,16.348927,1060.466,710.48334,-716.9493,833.4478,749.9015,-591.0827,1074.9318,944.566,-466.92825,861.7767,968.16156,-434.58707,1069.1825,971.1886,-449.27673,876.368,990.22296,-428.0981,1080.905,1037.1611,-706.75287,861.84814,1057.9741,-670.32745
arm_curl_end_39101.jpg,1015.5342,380.24426,-526.9496,1031.6927,355.333,-497.51364,1041.4224,355.6637,-497.3975,1051.2217,355.86697,-497.21185,1005.2798,353.25156,-498.40924,995.7415,351.7912,-498.2114,986.2072,350.5012,-498.2626,1065.1113,361.61816,-244.29271,976.0889,353.43433,-251.64162,1032.6322,399.57047,-429.99106,997.9635,396.2484,-431.61688,1115.3494,461.57004,-52.78172,914.5995,438.5585,-43.52971,1135.008,622.9049,-287.37665,869.2402,600.5103,-275.12057,1138.7843,518.64105,-748.34503,891.7572,497.17618,-777.2942,1141.4493,488.07428,-850.459,902.2191,468.76755,-870.2898,1143.961,458.4442,-828.26166,900.13855,436.28748,-858.2595,1133.7842,468.75424,-751.58405,906.9855,449.47302,-781.7955,1054.1113,682.75604,6.436113,935.40173,671.00995,-5.3872523,1129.6375,753.013,-733.3212,889.1019,731.2543,-678.6563,1040.2212,978.071,-466.40442,848.0106,950.35443,-475.9173,1016.2534,998.8156,-449.90396,853.68317,976.21295,-465.09116,1027.3605,1078.1667,-726.9433,820.50195,1042.814,-725.2283
arm_curl_end_39101_flipped.jpg,901.7569,377.4292,-651.5996,913.8213,350.2705,-628.39514,922.9424,349.6911,-628.3313,932.16113,348.94388,-628.16876,888.4196,350.37982,-630.8112,878.9764,349.52527,-630.7085,869.56146,348.84314,-630.71893,942.6394,350.89655,-393.18762,857.01,350.88217,-403.12463,917.5788,394.34827,-559.3844,885.0741,393.98083,-561.9623,1009.17114,436.33337,-206.0977,807.3362,456.58762,-206.50597,1070.0059,595.75964,-479.15256,808.0896,630.7869,-472.63678,1033.9832,490.1283,-919.31555,796.2417,528.61035,-931.4598,1021.35785,458.65363,-1007.1626,790.10455,495.21222,-1014.4075,1024.2589,429.246,-967.7908,781.457,468.92383,-984.48816,1019.36865,443.02603,-914.46655,793.64886,480.76678,-929.8076,1004.9636,663.6208,3.721296,890.0649,679.5993,-2.8332515,1069.9493,718.63464,-724.0579,847.49786,737.8019,-693.04456,1077.905,951.6574,-425.22153,870.65173,958.5357,-473.94458,1068.4391,976.82086,-404.88367,881.1855,981.5693,-463.42615,1088.3491,1047.4081,-673.8797,877.78595,1049.6428,-730.07495
arm_curl_end_40252.jpg,1202.2821,224.09544,-683.04694,1212.5402,201.72968,-634.8379,1221.8104,201.9108,-634.7981,1231.2101,201.92557,-634.6718,1184.2091,201.19185,-639.99255,1173.5732,200.76599,-639.81384,1162.9264,200.56885,-639.73773,1236.0961,213.50984,-349.86002,1144.3259,211.7702,-366.6266,1216.2556,249.8086,-580.5285,1180.0751,248.66469,-585.10565,1290.4784,360.2146,-185.55942,1065.3892,349.89276,-196.9066,1307.3644,543.55,-502.82547,1031.8531,540.98773,-453.4047,1346.4808,442.33423,-1035.9279,1008.8038,417.4824,-938.83545,1364.5145,409.21,-1137.2257,997.5102,375.11353,-1037.0507,1369.5107,382.6849,-1121.6227,987.92334,346.1754,-1002.9552,1353.979,391.71417,-1045.7223,1001.2063,360.27115,-938.986,1227.3683,618.6345,8.741975,1091.77,611.3131,-7.576603,1310.6295,738.1991,-857.119,1038.6049,712.2132,-820.5201,1217.9817,988.2195,-465.19595,1027.4158,952.116,-495.4456,1191.3561,1007.83325,-437.7879,1032.462,977.0314,-474.4644,1209.6943,1094.1907,-766.057,1021.39764,1046.6755,-792.3077
arm_curl_end_40252_flipped.jpg,718.55383,223.03284,-604.9702,732.1983,198.02916,-568.09827,742.4124,197.07349,-568.0173,752.7201,195.91264,-567.8666,704.0805,201.07086,-560.05035,694.0863,201.79338,-559.8732,684.11584,202.78929,-559.86896,769.89386,206.85149,-314.76474,676.588,215.16786,-277.60654,741.5965,245.8361,-512.7447,704.2204,248.98317,-501.8709,851.6105,335.06866,-163.50201,631.6824,359.31152,-115.200386,911.31396,518.0731,-448.69278,628.54694,549.2937,-380.2288,921.8617,412.02838,-922.17944,578.9023,445.3747,-898.6173,929.7475,375.9276,-1015.3401,558.3105,411.4633,-997.1394,929.2555,348.49478,-996.18585,548.49457,385.46964,-969.397,916.3387,361.96884,-926.9746,566.8741,396.93658,-902.2041,832.80994,609.6999,-14.606477,702.19244,627.5465,15.755612,914.4919,679.2183,-822.76495,631.7651,733.97345,-740.2194,888.35455,924.3119,-410.63516,695.22736,969.2079,-427.43912,875.8887,945.6702,-378.9309,715.36096,985.6894,-406.05768,890.58295,1032.3854,-679.5037,697.5704,1078.4948,-692.89764
arm_curl_end_45057.jpg,1191.6276,244.65944,-697.95953,1205.8738,219.40291,-655.0239,1215.7106,220.11281,-654.9294,1225.6613,220.64998,-654.8781,1176.7725,216.91386,-663.0443,1165.774,215.49243,-662.812,1154.7845,214.28969,-662.6892,1231.7996,230.11992,-362.61688,1136.15,220.94737,-397.9924,1204.885,269.81244,-588.886,1167.3499,265.90298,-598.5127,1281.2145,362.96848,-171.52371,1051.6415,351.5223,-211.03972,1309.0789,548.4235,-471.6457,1029.4697,545.8264,-453.95828,1341.3628,436.10727,-987.719,1006.20013,422.79367,-946.18756,1357.2716,398.91757,-1092.9596,996.87445,383.11697,-1043.5931,1360.273,370.50745,-1076.012,986.97955,350.59567,-1023.2826,1343.4072,381.05627,-997.7125,1000.01917,364.75366,-951.0917,1212.7864,625.1192,20.858809,1077.3715,620.80927,-19.474312,1303.3936,755.4281,-837.95966,1043.2317,736.4245,-801.5815,1207.8855,998.7038,-415.93808,1022.30176,970.2127,-466.664,1177.4033,1021.0307,-384.40988,1026.161,998.2358,-442.33902,1212.704,1104.8783,-691.39056,1004.4199,1062.35,-741.63965
arm_curl_end_45057_flipped.jpg,734.6633,244.65747,-592.29395,746.43726,216.97697,-556.15314,756.4215,215.53464,-556.04407,766.53687,213.89731,-555.94415,718.35815,220.50941,-553.0437,708.1279,221.17577,-552.8588,697.91125,222.09247,-552.8966,781.3871,220.98442,-296.58743,688.10187,231.12807,-278.47583,756.5813,264.9798,-495.86758,719.743,268.69977,-490.52457,863.6303,341.66278,-142.20633,639.0679,362.3425,-96.62441,921.68146,523.4691,-433.74753,625.3285,547.295,-368.77316,925.45197,415.49094,-914.48865,578.8767,429.49466,-865.3494,930.5457,381.55862,-1003.1251,559.22955,392.5807,-954.444,931.28613,352.48267,-984.59607,550.9685,366.02563,-925.3762,919.9778,365.24338,-918.4275,568.50586,379.0813,-866.5556,843.3816,620.3306,-9.843348,710.02765,636.1845,10.882833,935.5447,705.13495,-812.7037,646.09863,748.204,-730.3271,903.99554,956.5477,-449.8228,699.77277,984.7008,-465.89548,888.2805,980.8541,-424.26093,718.80316,1004.72266,-450.92996,912.71783,1058.7766,-735.3494,700.78235,1086.0315,-747.4568
arm_curl_end_49979.jpg,1021.5823,338.47827,-597.7811,1035.2883,319.4558,-554.73883,1043.6715,320.3518,-554.67084,1052.1658,321.08783,-554.607,1010.65375,317.081,-557.61255,1001.575,315.9573,-557.48346,992.508,315.01782,-557.5646,1060.8728,333.0166,-303.3531,979.97644,324.31262,-319.02228,1034.6534,362.6085,-507.87552,1002.8238,358.8342,-512.04944,1109.8271,460.4493,-159.74472,911.3323,438.02753,-160.24454,1123.7698,629.1524,-400.7109,873.06506,603.19366,-402.26617,1123.0745,529.6568,-808.4141,886.91284,499.7582,-890.09015,1123.1423,499.10025,-889.9087,890.03705,467.2538,-984.92487,1133.8701,472.1411,-863.0844,884.9579,440.20688,-957.5529,1124.3588,481.2134,-807.7796,895.271,452.76877,-889.9217,1056.4581,672.7206,6.8072276,939.25256,661.1442,-5.820646,1116.147,765.55597,-739.1357,887.2462,730.15955,-714.27075,1041.4574,979.0927,-406.37323,851.05884,942.0089,-438.52054,1017.99396,1001.43585,-384.71216,854.76434,969.04407,-421.2628,1041.7836,1062.6531,-675.2128,824.3929,1017.63336,-692.1136
arm_curl_end_49979_flipped.jpg,902.873,343.39917,-609.1852,911.7717,319.63388,-573.4795,920.18475,318.4644,-573.4785,928.7072,317.1209,-573.40845,887.40735,322.67627,-577.06226,878.22565,323.393,-576.9055,869.10187,324.26617,-576.89703,938.8515,325.4667,-331.455,857.2167,334.81253,-347.55048,920.0765,362.89346,-519.62854,887.95374,366.1796,-523.8147,1011.6023,433.82053,-155.59543,812.71466,453.462,-165.03917,1074.6278,591.7863,-363.08597,801.38525,619.9936,-374.03345,1045.0778,494.83054,-805.4686,802.3525,524.4346,-838.5616,1034.7596,467.57733,-899.7134,805.55835,497.55896,-923.375,1035.0988,436.88132,-872.4951,798.0044,470.023,-909.4727,1029.5057,448.3744,-805.5101,809.3735,479.69974,-840.6769,1004.94073,650.7562,2.7163582,890.59546,666.36053,-1.9024374,1087.498,724.69836,-693.04364,839.30286,744.8293,-669.2606,1074.44,949.0209,-346.82166,869.54956,963.1589,-378.47263,1058.5011,976.73914,-322.7354,884.00323,986.5342,-358.21667,1101.5524,1035.3555,-590.1759,860.6647,1052.1299,-620.79517
