arm_curl_start_0.00.00.00.jpg,873.7926,342.51212,-635.019,882.0568,320.29044,-591.49023,889.6752,318.52075,-591.5609,897.43854,316.52335,-591.4372,859.1815,324.4776,-591.23206,851.3276,325.2722,-590.6881,843.68097,326.18552,-590.707,910.5664,320.7582,-337.86835,835.0455,333.20157,-335.3565,891.4939,357.5764,-541.74414,862.4734,362.47168,-539.8254,986.3719,414.97113,-140.25058,807.6106,449.6991,-157.75887,1036.9014,551.5891,-92.08979,825.27075,592.0819,-163.3072,1086.2346,669.38043,-457.6899,779.51276,703.35736,-560.1411,1110.0078,702.17365,-549.24493,756.7542,740.7952,-661.56506,1107.0663,697.1762,-600.501,751.5677,723.48047,-705.43164,1090.2897,686.56104,-493.78052,766.04034,708.2885,-596.48517,988.6227,649.4416,12.712613,883.85815,676.93945,-10.561056,1058.6812,741.8743,-738.17633,857.1562,778.4369,-761.0389,1073.103,949.1591,-362.7038,853.97656,979.813,-433.6629,1067.394,972.6361,-338.13635,860.01996,1000.3754,-415.13654,1082.8029,1039.664,-632.2654,862.00476,1066.1782,-695.90137
arm_curl_start_0.00.00.00_flipped.jpg,1048.8613,347.5424,-663.893,1063.2493,326.44098,-626.0088,1071.9098,327.37842,-626.136,1080.7458,328.15884,-626.01495,1038.4855,322.70483,-633.38184,1029.3116,320.6776,-632.94196,1020.0785,318.82776,-632.69696,1088.7148,336.01154,-351.68634,1003.6466,322.08615,-373.66788,1060.1572,367.75876,-555.8601,1027.4003,362.7062,-562.38416,1122.3087,441.61996,-162.0083,935.25903,412.77133,-194.68373,1118.3173,590.38837,-231.07584,896.5582,559.33374,-218.96443,1146.4636,702.97266,-603.23865,833.9868,671.0777,-507.37674,1167.5735,734.5997,-684.6244,805.94836,701.53455,-580.4251,1160.6864,728.9354,-752.6181,810.8556,698.43365,-652.462,1144.7849,718.78174,-641.3744,828.254,691.34265,-543.00525,1053.013,675.72375,-6.8332787,940.95166,662.70264,8.10091,1053.9974,795.38336,-812.28876,893.97626,764.49915,-791.89526,1061.2048,984.8002,-670.4101,849.1759,941.9097,-603.3804,1061.0317,1017.8099,-670.2493,850.8077,969.85406,-597.51025,1044.1909,1039.45,-955.0461,833.3278,1005.8665,-867.2399
arm_curl_start_0.00.04.16.jpg,880.4439,327.852,-486.01285,887.2352,307.1262,-446.00397,894.6544,305.32312,-446.15576,902.2408,303.30722,-446.02893,865.15906,311.86124,-448.9064,857.0522,313.01694,-448.36908,848.9562,314.36038,-448.34174,913.5307,309.2212,-193.6113,838.133,323.65332,-200.47763,897.34753,343.31137,-390.7309,868.45935,349.05682,-392.58502,985.0313,405.23083,-39.540222,803.84985,435.24237,-75.13381,1025.5469,548.01624,-43.27873,811.1165,585.8719,-96.96255,1072.8877,658.89087,-314.18277,779.7336,707.2095,-352.25906,1096.944,685.87006,-377.65393,764.5522,742.58875,-415.4638,1088.2809,684.1909,-440.95093,763.25604,736.8768,-490.33774,1073.0015,677.1756,-346.2642,777.10785,726.71094,-388.77234,991.8023,651.8274,23.512785,879.72656,673.3345,-22.18226,1045.6371,751.15137,-644.4419,877.8711,746.92426,-800.7747,1072.4117,929.4906,-271.39227,854.71375,967.28595,-544.09814,1067.8385,955.9224,-246.8264,853.1759,990.6996,-529.9435,1091.8037,1000.3343,-522.5798,873.061,1053.9481,-810.2894
arm_curl_start_0.00.04.16_flipped.jpg,1049.4908,332.40292,-602.08154,1062.377,313.53372,-563.799,1070.4401,314.17987,-563.9739,1078.6995,314.6664,-563.94977,1038.3921,310.9644,-570.0989,1029.5621,309.5648,-569.6935,1020.69305,308.33817,-569.59033,1086.105,324.33066,-314.14008,1004.755,314.35733,-335.52655,1060.2428,353.594,-506.172,1029.4916,350.09723,-512.5012,1120.791,435.08826,-148.91853,938.59656,411.53967,-191.60231,1121.7391,584.92346,-164.44792,901.2455,554.44116,-203.87141,1146.0536,703.00903,-431.8986,851.2674,669.39813,-451.01074,1164.754,735.97394,-493.94263,827.99347,701.4458,-512.5913,1159.1803,732.4091,-555.97546,830.94885,698.457,-584.995,1144.1665,720.8674,-464.5146,847.8033,690.7305,-486.44687,1058.1216,668.0719,13.590793,947.4692,656.36865,-12.336031,1078.5919,798.6517,-726.2345,906.3152,754.5076,-707.76465,1067.4982,992.3934,-524.157,853.16736,932.1398,-455.68707,1057.9054,1022.9305,-517.00885,852.51105,959.48553,-441.6767,1067.9414,1054.1991,-795.9724,837.0568,995.2287,-697.63214
arm_curl_start_0.00.08.16.jpg,876.96454,328.80457,-566.6081,885.3107,307.75693,-529.188,893.08936,306.2423,-529.27783,901.0147,304.50204,-529.2002,862.75073,311.73807,-531.0994,854.4883,312.66342,-530.5602,846.23895,313.79297,-530.46857,913.4232,311.68417,-277.21893,836.1185,323.6341,-283.34125,894.2845,345.49792,-469.97488,864.71716,350.3037,-471.43274,978.9513,407.84915,-95.58774,806.1114,436.21494,-142.78986,1023.4879,548.26965,-74.992966,814.667,582.281,-156.51926,1075.6637,660.0198,-359.5736,782.3679,702.84393,-443.0117,1100.4305,688.3344,-427.23563,766.0007,738.9838,-514.7804,1094.2738,685.94055,-495.26675,763.49133,731.8482,-589.9143,1078.4932,678.07855,-394.82996,777.92706,720.9747,-481.90778,989.70154,648.05365,27.251371,884.3087,668.884,-25.990828,1044.766,766.24023,-652.878,874.4987,769.0742,-805.1486,1072.3641,962.3887,-276.64816,855.52106,973.14276,-453.2894,1065.1456,992.43933,-254.68744,857.23254,994.34503,-430.9195,1103.4288,1033.8546,-551.22864,861.5831,1057.3093,-711.1656
arm_curl_start_0.00.08.16_flipped.jpg,1047.1837,327.36725,-581.96466,1060.5294,310.70215,-538.3381,1068.4478,311.7406,-538.49774,1076.5701,312.6254,-538.40796,1036.8339,307.30984,-545.40936,1028.3114,305.80365,-544.98755,1019.7607,304.47214,-544.9368,1083.8989,324.14362,-273.29257,1004.26917,311.85037,-298.0769,1057.3708,349.9811,-482.318,1026.8136,345.58017,-489.7155,1118.7035,438.48065,-97.642624,935.82544,415.97055,-153.86516,1122.1632,578.0841,-132.55441,900.18286,557.5669,-179.76286,1141.3962,695.90436,-473.8877,849.6375,670.52747,-457.39542,1159.3698,730.3414,-550.959,826.2569,702.6739,-530.5148,1149.7894,725.92834,-615.3404,832.0547,698.60834,-603.5143,1135.8408,714.5254,-510.44522,847.48065,690.4483,-493.8308,1056.3259,675.5863,13.605263,943.61127,661.9879,-12.343018,1057.3756,803.3989,-764.58826,905.6447,758.9333,-763.52246,1060.3134,995.90063,-663.0721,845.4043,938.8589,-605.7655,1054.4232,1031.1091,-667.18945,841.784,968.54315,-602.6303,1057.6542,1045.9404,-958.2318,837.64545,998.03723,-874.5893
arm_curl_start_0.00.12.05.jpg,880.26,338.81433,-563.19446,887.8663,315.5566,-531.4798,895.7155,313.52063,-531.57794,903.71875,311.26904,-531.5258,865.4505,320.22424,-531.12805,857.14215,321.1997,-530.67786,848.8161,322.39005,-530.5348,916.6301,314.9529,-296.8304,839.1851,329.3424,-293.8939,898.22455,352.98956,-472.48175,868.7792,358.66873,-471.43625,984.1888,405.35895,-123.16411,806.4957,434.14478,-149.76707,1030.7146,550.98895,-102.83556,810.3767,580.65765,-159.6483,1082.635,674.9259,-325.59442,783.50977,710.9366,-414.84366,1107.1035,704.1577,-381.24673,767.69574,747.04193,-484.26733,1101.8438,704.7827,-445.79236,767.41174,740.5824,-555.15674,1085.9857,697.3901,-357.69537,781.57904,730.3708,-452.254,985.43024,646.81,29.04307,878.73987,668.9744,-27.893728,1052.8121,743.09515,-704.5685,872.84955,772.51404,-766.8328,1079.0054,948.8885,-361.4165,853.859,977.7026,-455.913,1070.838,976.6127,-340.82162,854.4255,998.86554,-437.84082,1104.9868,1028.0707,-632.64105,867.6637,1060.9246,-709.9558
arm_curl_start_0.00.12.05_flipped.jpg,1042.8704,333.11224,-506.51694,1056.1659,316.17023,-469.38202,1063.7411,316.9983,-469.55554,1071.5283,317.65857,-469.4995,1034.0233,313.2426,-472.86984,1026.1221,311.76572,-472.46506,1018.19403,310.47052,-472.31534,1079.7301,327.94354,-242.88574,1005.58203,316.67288,-248.47379,1053.2743,354.49155,-420.87244,1024.957,350.5364,-422.78574,1119.3375,441.5702,-96.140114,936.28217,417.2265,-118.65554,1124.576,591.8121,-82.86422,900.1055,562.326,-111.45601,1143.1368,719.36273,-289.42664,846.9313,682.41473,-325.375,1160.4124,752.54034,-339.5586,823.6006,714.06116,-382.1104,1152.3226,751.7089,-403.4501,830.0117,713.0776,-451.63672,1137.9055,741.5031,-320.28458,845.7097,706.2411,-358.56076,1053.8108,670.5801,2.2073314,941.88556,660.233,-1.2154833,1072.4501,774.3967,-752.49786,898.1901,741.47644,-740.32886,1059.5702,981.3538,-612.74365,844.4525,933.05237,-563.2201,1056.4178,1012.3133,-609.66284,844.7248,962.31885,-557.07697,1037.6973,1042.8834,-878.1223,833.5334,997.0855,-811.7299
arm_curl_start_0.00.16.17.jpg,883.0609,337.82437,-514.97815,890.19495,315.48837,-483.24594,897.9005,313.81436,-483.34235,905.76855,311.91745,-483.2638,867.96924,319.31158,-486.4916,859.57623,320.02838,-486.04535,851.1892,320.95856,-485.91364,916.576,316.33032,-255.0644,839.5694,328.09088,-266.32224,899.2595,353.014,-425.93018,870.2376,357.67993,-429.0809,983.56433,407.61224,-95.553185,801.8759,433.8729,-136.84785,1026.4495,555.31525,-74.95073,805.53577,585.38873,-142.08293,1078.6746,677.41095,-283.64758,783.4458,715.8243,-354.1198,1103.4283,707.02234,-332.25647,769.2049,752.87695,-409.54532,1098.9435,706.6778,-396.26202,770.38196,747.2803,-478.3001,1082.0603,699.8695,-314.35406,784.4535,736.529,-387.38733,987.9611,648.3964,26.73521,878.64264,670.31134,-25.498531,1043.2328,738.8683,-697.93335,862.95197,765.5809,-753.3354,1072.376,943.49896,-381.3431,855.3453,973.0655,-473.86545,1064.2661,974.47217,-362.52563,859.3244,996.86993,-458.57574,1103.8071,1019.26794,-634.10474,867.36646,1054.2454,-719.07056
arm_curl_start_0.00.16.17_flipped.jpg,1040.906,338.0744,-702.4509,1055.5414,317.6249,-663.6322,1064.1716,318.14972,-663.84985,1072.982,318.50778,-663.745,1030.6534,315.23694,-669.4486,1021.6647,313.82144,-669.0925,1012.63513,312.58643,-668.86743,1083.5872,327.26663,-406.605,999.1332,317.61612,-420.02945,1054.1753,358.77618,-603.5585,1022.01117,355.60046,-607.3284,1127.3041,436.56186,-232.65028,933.58276,411.7865,-281.4844,1124.781,591.70605,-272.94556,890.9193,563.25653,-289.3739,1139.4204,716.105,-516.1878,839.9331,682.13446,-477.4624,1156.3844,749.4484,-569.635,814.04364,712.93134,-531.50934,1147.1532,747.252,-633.225,823.1925,717.2026,-602.39703,1132.8771,736.19183,-547.9516,842.076,709.84827,-509.73798,1060.9252,677.3108,6.313528,946.4069,662.5077,-5.251422,1059.5065,808.3929,-734.28314,905.1062,758.5181,-759.3112,1064.2683,987.0848,-605.1976,864.5268,923.81824,-572.3172,1059.7605,1019.0323,-604.8818,866.1778,952.534,-563.68866,1058.7788,1042.0553,-887.16565,849.6565,979.80994,-828.9962
arm_curl_start_0.00.20.27.jpg,877.5367,331.7005,-520.5237,885.01904,311.0997,-483.42596,892.5232,309.50116,-483.5401,900.1883,307.70517,-483.4622,863.0703,315.1584,-484.96817,855.1189,316.1017,-484.48492,847.184,317.2435,-484.39145,912.25275,313.83466,-235.04155,837.2032,326.38666,-236.5413,894.4253,347.36948,-425.59625,865.83673,352.42432,-426.0424,982.01624,410.02707,-63.96698,804.90564,437.01593,-102.09821,1028.7911,549.44116,-58.242527,814.6575,585.1733,-119.40457,1076.6713,659.29614,-336.01843,782.837,704.3351,-384.71323,1099.1345,686.59906,-401.41757,766.1333,737.6031,-454.29373,1091.5162,684.43823,-464.11765,764.289,731.0604,-524.22327,1076.7153,676.9208,-369.10373,778.0487,721.1622,-420.68393,986.11505,652.26074,22.683886,878.2779,672.3375,-21.346182,1042.3097,738.9832,-710.77026,868.7459,765.1254,-758.9756,1067.9373,934.81055,-408.18802,849.69305,971.76294,-490.4195,1060.861,963.05524,-390.0804,849.08606,993.738,-476.25766,1092.393,1006.9128,-676.4872,867.9314,1053.5875,-754.4843
arm_curl_start_0.00.20.27_flipped.jpg,1049.675,334.9716,-514.5753,1062.4738,316.84122,-475.70157,1070.3519,317.63297,-475.8985,1078.4286,318.25317,-475.8039,1038.9633,313.76645,-483.31775,1030.4155,312.16174,-482.8692,1021.83704,310.7334,-482.77432,1085.4691,326.82343,-225.76984,1005.9842,315.4264,-252.3283,1059.7659,355.97888,-418.41687,1029.8092,351.91766,-426.3437,1122.6147,436.3353,-51.041103,936.0247,412.97235,-112.75673,1125.4344,579.9663,-21.790867,899.9477,556.1968,-118.102684,1145.4718,697.01044,-297.31064,849.9604,666.7301,-380.79123,1161.7025,730.7728,-366.9044,827.3717,699.0622,-452.73163,1155.2148,726.2423,-432.84988,832.67816,693.1394,-527.6791,1141.0278,715.26044,-332.03876,848.41187,684.7574,-417.63705,1057.3547,676.5599,19.720905,941.81665,664.07227,-18.425371,1067.2903,793.6722,-737.9557,904.5076,749.55115,-759.99817,1058.9309,994.30457,-609.1543,839.14,936.05444,-589.1329,1050.3707,1028.1771,-610.4686,834.81915,965.2534,-584.381,1051.8315,1053.3965,-896.0,832.63684,1001.1293,-852.3679
arm_curl_start_0.00.25.01.jpg,869.06476,341.4653,-579.09235,877.0328,317.51904,-546.2444,885.0527,315.35876,-546.4213,893.2018,313.0072,-546.337,854.33,322.54254,-546.9175,845.9965,323.63788,-546.42084,837.68414,324.92325,-546.30383,907.18823,316.49094,-307.54297,828.9218,332.02017,-302.4533,887.9972,355.26862,-486.05066,858.0297,361.40912,-484.41022,979.0775,404.0957,-140.77974,800.5852,437.9409,-155.66003,1022.5139,551.181,-133.9255,811.9311,586.9623,-151.67654,1069.6962,660.78656,-365.62625,783.13116,706.0141,-371.84143,1092.9866,685.3376,-421.79416,766.9082,740.30493,-421.12012,1088.0763,684.0969,-482.95966,763.64685,734.9539,-498.51477,1072.4215,677.223,-396.59317,777.7407,724.21436,-408.48453,990.3484,645.6749,10.109638,882.1665,666.13513,-8.999374,1046.661,762.2167,-684.7338,869.4007,772.5542,-724.6648,1071.8163,943.2391,-361.6839,860.95715,980.1929,-463.7199,1066.9636,970.99176,-342.04233,867.61676,1005.3298,-449.3031,1095.1212,1011.65356,-608.4077,859.61505,1061.5153,-703.52454
arm_curl_start_0.00.25.01_flipped.jpg,1056.8094,341.56223,-519.5513,1068.8921,323.50723,-481.23654,1076.519,324.21115,-481.41324,1084.3386,324.73932,-481.26697,1045.768,320.46548,-489.76575,1037.3306,318.80103,-489.30908,1028.8512,317.3144,-489.1773,1090.073,331.9849,-234.79373,1012.4108,320.94092,-264.42853,1066.2072,361.4748,-424.20148,1036.8856,357.49426,-432.9419,1125.3053,439.27856,-53.047283,939.25336,414.37393,-133.10178,1121.7683,583.49725,10.094373,903.2506,560.98267,-119.42086,1140.7883,696.8208,-242.93979,855.4842,675.8399,-338.02148,1155.7205,727.2566,-315.2923,835.04486,707.22894,-401.4458,1152.3156,722.4952,-382.91827,838.1036,702.0068,-478.43152,1138.9111,712.4394,-278.87918,853.1117,693.49524,-374.8071,1058.6815,674.6259,28.524681,943.22406,660.38684,-27.29816,1067.967,803.7485,-707.09204,915.0086,749.983,-776.4034,1065.9592,988.0577,-499.01733,840.9434,929.61884,-545.8862,1060.0166,1018.803,-494.16385,833.60095,955.2242,-535.30005,1054.3536,1045.9167,-780.9087,838.0314,1001.16907,-800.0064
arm_curl_start_0.00.29.14.jpg,874.57263,340.20435,-563.9063,882.29944,317.64905,-534.5156,889.9208,315.7414,-534.60925,897.6869,313.61166,-534.5231,860.5428,322.06433,-533.589,852.58154,322.95837,-533.1184,844.6208,324.068,-533.03125,910.7143,317.01065,-305.87405,835.89087,330.37866,-299.62766,892.0859,354.45532,-474.13675,864.18225,359.78925,-472.09775,981.5711,406.23868,-128.16663,804.92084,437.55057,-169.67604,1022.90155,553.1194,-101.22324,816.2359,588.4578,-168.93639,1072.3944,664.31036,-344.31952,792.3831,715.89124,-404.55048,1095.1484,690.6809,-402.6018,779.3749,751.3023,-462.49277,1091.3871,687.6408,-468.92722,775.5824,746.82684,-537.9451,1075.7074,680.77466,-377.35822,790.0028,735.73553,-441.60492,993.0895,650.1144,26.421162,886.1477,670.74176,-25.237844,1045.2333,770.84155,-671.25323,868.83044,780.23755,-765.0452,1075.3298,969.1933,-328.64264,858.51953,979.8695,-432.09036,1068.1449,1000.5735,-309.46915,863.30347,1001.8688,-411.7756,1109.3528,1036.805,-603.55194,863.1873,1060.3041,-683.264
arm_curl_start_0.00.29.14_flipped.jpg,1050.4456,335.77307,-612.4678,1063.4137,318.57797,-572.5366,1070.9794,319.47336,-572.7489,1078.7427,320.2057,-572.6613,1040.7662,315.38556,-579.1912,1032.5616,313.8248,-578.7963,1024.3171,312.43347,-578.6817,1086.243,330.03348,-326.8493,1010.1249,318.2292,-351.04642,1060.3539,357.33905,-519.3893,1031.7137,353.1495,-526.43445,1122.4294,440.82886,-156.98607,939.9568,416.03284,-217.70282,1122.1572,587.98474,-157.38882,900.7521,559.93866,-235.26933,1139.7977,708.2239,-405.89014,851.71094,671.1589,-474.3963,1156.8094,740.8735,-466.62244,828.8902,702.0687,-540.4764,1149.5027,739.30225,-529.2222,835.6556,699.1862,-609.95294,1134.9921,727.69037,-438.63608,852.0171,691.4215,-508.00296,1055.5824,678.5403,15.972204,943.0394,664.39764,-14.827355,1065.8445,812.2966,-707.3143,891.59766,756.75726,-728.7616,1056.838,992.52856,-490.17215,847.38806,924.9569,-447.99506,1047.8405,1022.432,-481.4115,849.31604,952.3798,-431.67505,1058.01,1050.8215,-751.18414,830.94507,983.8892,-688.9062
arm_curl_start_0.00.33.06.jpg,874.52625,331.4819,-570.20245,881.38916,310.31866,-532.83417,888.77606,308.51202,-532.96063,896.29004,306.50015,-532.89856,859.51276,314.8589,-531.91223,851.6764,315.9117,-531.3968,843.93646,317.1255,-531.24615,908.3776,312.08954,-295.68842,834.8238,325.90323,-287.31696,891.90607,346.95465,-481.5177,863.48224,352.3766,-478.9591,979.7651,406.53833,-130.38676,809.02313,440.4357,-122.04101,1025.7073,545.18604,-92.74694,824.8293,582.022,-119.720894,1075.9677,657.33417,-373.85526,788.76306,697.71545,-434.6731,1099.7618,686.25604,-442.67047,769.7147,734.02264,-508.5885,1097.0476,685.28864,-499.44202,765.9957,723.3011,-566.0329,1081.2963,675.8309,-406.32355,780.05896,709.6722,-468.90207,987.78796,644.3838,2.787001,884.35815,667.608,-1.4133571,1054.5741,753.1159,-709.00165,857.5335,787.4446,-690.08374,1075.2207,964.04016,-362.86285,861.05347,990.7081,-359.35672,1069.753,990.14325,-340.45047,871.0479,1013.69446,-339.26816,1090.0588,1044.4554,-616.3308,854.51697,1072.2704,-597.7765
arm_curl_start_0.00.33.06_flipped.jpg,1051.651,326.5924,-531.2512,1063.5486,310.12396,-490.0838,1071.046,310.97858,-490.24442,1078.7454,311.67014,-490.14014,1041.0051,307.18134,-495.0091,1032.7891,305.7393,-494.52228,1024.5139,304.47894,-494.39517,1085.048,322.41125,-244.03555,1009.28284,311.60764,-258.09714,1061.5065,348.25272,-438.53186,1032.2314,344.1566,-442.67365,1121.497,437.57803,-80.56582,936.74426,413.63223,-136.01651,1120.9355,583.2353,-62.532127,900.7957,561.6892,-147.84248,1137.4868,696.49347,-338.16843,851.2535,670.8463,-387.8424,1152.8378,728.3793,-411.9596,830.2588,701.94354,-453.98886,1145.8917,724.6006,-474.54837,832.5011,696.72345,-525.2581,1132.6317,712.91174,-372.48758,847.7383,688.51166,-423.01678,1053.3048,675.066,19.922146,939.52814,660.0763,-18.681408,1074.8949,813.75195,-677.4448,912.5078,741.884,-778.7132,1055.1276,992.24634,-385.77234,841.6393,921.2694,-477.43478,1045.5044,1018.1741,-369.8573,834.9609,945.17944,-458.02292,1047.787,1058.204,-638.01575,833.93494,995.6684,-711.24445
arm_curl_start_0.00.37.11.jpg,854.32684,328.98343,-499.0603,862.77075,308.16278,-457.06253,870.6201,305.84796,-457.17352,878.60645,303.3357,-457.13766,840.4857,313.99268,-450.0737,833.05365,315.46118,-449.67798,825.72375,317.07175,-449.8092,896.36304,308.73355,-227.01077,822.81036,326.5795,-190.61606,875.9402,343.93033,-416.50156,847.6814,350.9805,-405.0247,980.3897,408.88953,-49.114693,803.2782,445.73483,-52.815414,1029.7676,552.10626,2.668642,823.4472,596.09894,-78.35074,1076.0203,667.4859,-293.19815,778.76263,699.05896,-459.4796,1097.4869,697.7596,-372.44693,757.94196,731.9558,-548.5107,1094.8398,691.311,-427.67914,750.2175,714.1991,-597.6117,1079.4066,681.99396,-329.21973,764.27997,702.5048,-496.91855,980.7266,652.34937,15.129469,870.70026,676.2321,-13.388348,1051.3453,739.9336,-714.8139,852.6128,775.74805,-736.67474,1066.8348,939.34326,-336.65433,857.341,979.3705,-412.542,1058.9668,960.9362,-309.10703,863.7569,999.8231,-392.44955,1083.7365,1033.3915,-591.2098,871.46967,1069.5978,-667.34595
arm_curl_start_0.00.37.11_flipped.jpg,1068.8772,336.4902,-472.31052,1080.0668,320.52393,-431.2547,1086.898,322.1186,-431.39188,1093.9316,323.5769,-431.34286,1058.5018,315.2273,-441.08365,1050.5293,312.84174,-440.6029,1042.528,310.6217,-440.45416,1094.88,332.6956,-181.45659,1023.0006,314.6256,-214.91077,1073.7112,357.5448,-376.59692,1046.4342,350.646,-387.00592,1120.7384,445.02444,-32.443752,939.9443,411.36157,-69.29492,1122.6937,585.2735,-28.269987,904.216,564.02045,-107.49565,1145.167,698.40814,-325.5014,847.9249,669.4025,-411.1031,1160.8076,730.53845,-398.02692,823.21857,697.06573,-479.8517,1155.777,726.8163,-457.33197,828.35986,691.2966,-541.1774,1142.6371,715.869,-357.6938,844.56256,683.71643,-441.79938,1053.0333,677.8501,0.48909795,938.772,662.98175,0.7400681,1075.9077,793.79114,-755.0239,887.49805,745.3512,-744.9109,1059.3667,980.08264,-557.53766,850.48395,933.3576,-517.3755,1055.8147,1001.1555,-546.24664,851.9202,955.29346,-505.39725,1034.5674,1052.1177,-800.55334,849.5441,1013.83923,-754.17633
arm_curl_start_1.jpg,1019.6954,148.31505,-723.49756,1030.7805,123.94236,-670.991,1039.9535,123.6287,-671.1215,1049.3394,123.09901,-671.0126,1003.1716,124.30429,-678.2516,992.8235,123.9055,-677.79626,982.52814,123.71406,-677.5916,1057.6848,134.96304,-384.13068,965.3707,135.02826,-411.88843,1035.2329,173.01094,-618.3614,998.686,172.9094,-625.85034,1107.8257,270.61948,-197.432,901.6243,260.3785,-239.75069,1132.631,451.91403,-163.29544,857.6356,436.84085,-231.98451,1194.578,590.0928,-428.1681,777.51544,565.87177,-467.8185,1223.8333,626.6148,-482.09348,739.5758,602.42786,-520.46356,1226.2026,624.8343,-552.2389,740.13196,592.54694,-581.07117,1207.354,612.2794,-467.8239,761.3278,581.41925,-500.90384,1056.9974,539.5672,26.279026,932.1523,538.0254,-24.566942,1152.7963,646.3741,-748.89075,877.05975,620.1036,-829.8654,1073.9163,862.32983,-287.94952,868.74524,832.65454,-370.30408,1045.1194,885.00183,-252.95926,875.9289,859.16437,-335.04343,1088.9519,961.4584,-530.7747,850.3591,920.5154,-611.286
arm_curl_start_13030.jpg,1066.6808,390.54465,-549.3242,1073.0653,364.0825,-525.18365,1080.4158,363.93948,-525.2869,1088.0148,363.64062,-525.2384,1049.4146,362.0922,-548.6252,1039.1053,360.12057,-548.41534,1028.7509,358.3308,-548.2692,1083.8496,363.73416,-308.65988,1001.0099,355.77127,-409.78955,1071.5134,407.4831,-458.96082,1041.4183,404.75607,-487.81375,1113.6619,449.6401,-124.22766,915.08105,428.85925,-266.82907,1125.2184,602.2069,-35.49733,849.0001,575.33246,-225.09207,1150.7847,752.4215,-200.46436,799.2903,713.6073,-334.47552,1168.7483,795.6593,-237.81337,773.559,750.27203,-370.13626,1164.6095,796.05035,-309.41733,785.0863,752.1632,-447.96268,1145.7804,784.0708,-233.02046,805.8163,744.62085,-365.7631,1038.1805,687.17413,40.162216,926.1133,681.6631,-39.2545,1108.79,768.49445,-571.3629,897.975,735.2574,-667.69257,1048.1165,987.0215,-350.41202,856.26807,948.1202,-410.1502,1023.2262,1013.4758,-341.0222,858.67896,974.8872,-394.74844,1064.3911,1084.0662,-583.19794,837.58295,1042.4325,-636.73474
arm_curl_start_13030_flipped.jpg,861.24866,387.80627,-485.23825,877.6401,362.36145,-480.3224,886.67926,361.25912,-480.29138,895.9296,359.8907,-480.09625,857.05725,363.2797,-456.49432,850.43097,362.5036,-456.41193,843.7548,361.98276,-456.37463,923.03265,360.59256,-349.34387,850.68726,361.7608,-241.55377,884.55865,403.48276,-430.547,858.1167,404.05298,-399.03568,1012.40894,432.70776,-186.49806,812.66315,459.33154,-125.426186,1067.6213,581.8201,-148.07486,794.18536,617.7736,-83.89419,1124.1561,710.3246,-205.5462,768.484,754.73865,-189.71637,1152.5249,740.4046,-214.22446,751.8251,790.7528,-214.85188,1146.5586,745.1905,-273.41068,759.1177,788.51404,-273.75372,1127.5723,740.38354,-228.18408,777.2398,779.80554,-216.43753,1004.8599,662.5835,-4.9088244,894.88654,684.061,5.51669,1055.2101,702.7414,-685.43665,836.87915,743.84076,-648.9087,1069.6012,929.94415,-481.5851,883.4679,952.2404,-424.8654,1054.9319,964.9564,-466.39795,908.19745,980.95526,-411.08368,1112.6396,1018.6354,-690.2261,859.39484,1042.5333,-625.1625
arm_curl_start_14112.jpg,1020.10565,337.29318,-530.66644,1033.7482,319.5286,-498.61566,1041.9429,320.06094,-498.6133,1050.3658,320.40628,-498.5178,1010.20844,318.0527,-499.32953,1001.75446,317.14917,-499.05368,993.2564,316.47314,-498.8978,1062.0709,332.669,-285.1867,981.218,325.98038,-278.07382,1033.2247,360.54852,-449.1362,1003.2512,358.00858,-446.9816,1110.3201,445.3866,-131.32565,912.4156,426.1233,-135.42613,1129.1132,600.2632,-105.82208,849.95123,573.059,-101.10989,1154.392,743.1744,-278.91397,798.01965,703.43274,-268.9405,1174.1991,784.5148,-324.85532,770.4107,737.4136,-308.144,1161.4838,784.527,-388.6386,787.799,739.4906,-379.00543,1144.9602,772.6642,-307.02008,808.4805,732.8435,-298.43625,1045.7369,673.2847,3.950087,929.7667,664.23083,-3.1415746,1108.2311,757.6699,-721.13025,872.09143,731.75995,-699.8542,1042.8917,981.06665,-563.0727,866.51416,954.51605,-532.23926,1015.70197,1010.4324,-555.4458,880.57574,990.9017,-523.29944,1060.3351,1070.3367,-791.39343,831.6088,1032.6144,-753.90283
arm_curl_start_14112_flipped.jpg,895.53876,338.594,-461.09924,904.2818,318.2786,-425.73492,912.1433,316.95343,-425.8622,920.1907,315.41132,-425.80707,881.1648,321.8586,-428.301,872.9461,322.6809,-427.949,864.7472,323.71127,-427.8284,933.568,323.70926,-206.91502,854.9726,334.76196,-208.98766,913.3299,357.28635,-377.9084,883.92505,361.48685,-378.66095,1009.3608,425.16025,-67.95547,815.99963,450.25262,-69.42987,1065.3959,577.51044,-49.586292,803.3767,613.95953,-48.186348,1121.8019,706.78406,-195.28522,768.75226,749.7402,-187.6768,1148.3993,739.1615,-236.7737,746.59076,786.0391,-215.27588,1139.6207,740.22046,-296.73972,754.74164,783.85046,-286.81522,1122.714,732.7356,-222.75769,771.6179,774.0368,-218.16322,1004.604,659.392,0.8678264,892.10864,677.5358,-0.052770626,1069.0345,696.9325,-720.8481,840.68365,738.7013,-698.00885,1073.8412,918.0155,-446.65643,882.32135,959.0895,-434.93524,1060.684,945.3929,-427.39035,902.0211,985.28424,-418.49573,1101.5928,1006.74133,-685.4572,875.41656,1050.6635,-671.95435
arm_curl_start_14874.jpg,1198.4346,223.188,-495.80685,1212.009,202.41032,-450.43698,1221.6404,202.69868,-450.53918,1231.5134,202.8024,-450.62082,1184.5465,201.77795,-451.03653,1174.2946,201.25592,-450.55588,1163.9337,200.99483,-450.2189,1242.0391,219.29251,-201.49576,1148.2883,215.87778,-194.53563,1214.3458,250.84497,-403.63284,1177.2054,249.1515,-401.9689,1290.2917,364.4156,-69.92436,1077.6891,348.7211,-48.71418,1314.3467,548.56177,-57.445515,1028.9625,528.30597,-56.57042,1369.1091,691.8788,-275.99557,948.3541,664.8566,-284.07928,1396.0156,732.0343,-325.43176,911.6047,701.3646,-318.1984,1390.9117,729.7499,-397.65024,913.59485,695.2635,-390.26672,1371.4762,717.24817,-311.14224,936.48724,687.80286,-319.3834,1225.8063,631.94214,7.0400414,1098.57,625.168,-5.623116,1325.719,717.1296,-768.6391,1053.7953,700.46136,-782.63763,1232.0242,964.1392,-429.9014,1039.7039,942.17053,-439.1454,1204.6735,984.58105,-403.66068,1048.125,970.768,-413.8085,1223.6741,1073.1,-661.7284,1017.99915,1040.3354,-662.41
arm_curl_start_14874_flipped.jpg,717.01904,224.49774,-484.89008,729.7085,200.27803,-450.60083,739.4328,198.95276,-450.64307,749.3927,197.3957,-450.6562,703.8323,203.98946,-441.69034,694.6357,204.89963,-441.33322,685.41833,206.08533,-441.12207,768.9514,209.98236,-228.13876,680.04987,220.6026,-181.20093,739.8256,248.54585,-400.3488,704.9623,252.7478,-387.07147,849.3627,342.2309,-86.96233,635.3164,361.42368,-33.37891,908.2736,521.7986,-87.74191,617.69086,542.5647,-28.755215,993.1002,656.68146,-281.27914,559.40344,688.41754,-263.45853,1030.1864,691.4233,-323.73264,529.4578,731.3403,-308.2345,1026.6644,692.3917,-395.18893,533.94885,723.60284,-379.21036,1003.4342,684.7038,-314.34546,554.481,712.29156,-299.08517,824.917,628.711,-5.8563595,697.1049,642.75464,7.3391275,923.68506,675.78937,-816.56433,629.72076,714.62634,-745.688,885.59344,922.13666,-476.86343,701.85,962.488,-457.1099,864.2701,947.16797,-449.79553,724.5106,985.34705,-438.3916,908.55554,1027.1925,-717.75305,705.59467,1070.8679,-709.9902
arm_curl_start_16358.jpg,1199.6903,228.66792,-486.16025,1212.9216,206.69441,-439.1935,1222.5669,206.74591,-439.24423,1232.4473,206.60226,-439.2369,1185.4535,206.4178,-440.2417,1175.2194,205.89574,-439.832,1164.9104,205.62756,-439.61353,1242.9023,220.82314,-183.49399,1149.2589,218.50542,-179.92424,1215.8539,254.62524,-391.9837,1178.6149,253.43805,-390.99347,1292.9979,362.53214,-51.32731,1077.8889,348.58417,-32.775078,1317.2699,547.3257,-40.891827,1028.4094,527.5163,-47.743534,1374.0685,693.9987,-270.7639,943.1216,660.1002,-292.14948,1401.2386,733.64844,-320.31027,905.5766,695.58826,-335.76282,1397.8168,732.17444,-389.95032,906.4541,687.27594,-403.98697,1378.6826,719.513,-306.08182,928.63086,678.9412,-327.47153,1226.5953,636.03455,7.6866093,1098.2509,629.6784,-5.9876933,1322.3441,713.1192,-809.9021,1064.1935,692.6525,-842.675,1235.5781,955.663,-575.4818,1037.9891,929.2927,-590.6438,1210.8687,975.965,-559.1008,1041.5718,958.6792,-574.61035,1220.0542,1060.122,-835.56305,1024.9708,1022.13525,-839.42065
arm_curl_start_16358_flipped.jpg,713.65027,226.61278,-498.6487,726.83527,201.91962,-466.76544,736.67975,200.49513,-466.7798,746.7587,198.82697,-466.7569,701.1,205.77179,-455.17114,692.03827,206.6977,-454.8399,682.95984,207.90286,-454.67398,767.9998,210.82144,-249.96889,679.46844,221.77737,-191.87294,737.4019,250.52272,-416.06308,702.7542,254.86404,-399.4737,851.9879,340.27682,-105.88413,637.376,361.7816,-45.12083,910.4434,520.7823,-104.49998,619.04236,541.57465,-43.071148,994.5605,654.3405,-304.88193,559.37427,689.1707,-282.33994,1032.2744,688.5442,-348.57687,528.386,733.60364,-328.0451,1028.7164,689.87384,-421.02203,533.76074,725.40735,-397.31134,1005.0489,682.617,-338.92114,554.9015,713.6519,-317.59393,829.8314,627.7426,-10.430162,701.84045,641.9122,11.888214,923.8447,678.8335,-823.31976,623.5782,716.03595,-742.7855,885.90393,931.0691,-466.51715,696.6733,966.2264,-456.07895,864.82477,958.8877,-437.87192,722.03815,991.0939,-437.55383,910.2802,1036.1959,-701.2553,690.8259,1075.5419,-705.2964
arm_curl_start_18215.jpg,1019.60004,332.44855,-437.25858,1033.0177,315.34793,-401.87277,1041.0566,315.89792,-401.96036,1049.3151,316.30453,-401.9257,1010.35815,313.6338,-400.61566,1002.3569,312.66473,-400.23715,994.3047,311.89487,-400.04523,1061.5773,328.92627,-196.75572,984.3512,322.1763,-183.62997,1033.7623,355.57965,-361.38116,1003.8781,352.70218,-357.93506,1109.1735,449.37637,-73.08153,918.80206,428.6804,-57.02826,1130.9294,606.31213,-67.103455,868.2704,576.53754,-49.467575,1154.9489,753.1863,-242.72318,807.3421,704.05585,-246.51875,1171.9033,796.7385,-294.21823,779.8232,738.63116,-290.2021,1158.0759,796.56396,-344.71268,791.1692,737.02075,-355.6316,1143.6337,781.54095,-266.1914,810.23895,728.5173,-276.30444,1038.5698,685.3966,5.832665,926.47424,674.2937,-4.688414,1096.261,754.4846,-672.84424,881.4817,726.8786,-647.6302,1050.452,975.6404,-475.8002,865.25653,944.7559,-417.50446,1030.8164,998.3572,-461.5011,874.4364,974.3625,-401.02963,1056.3374,1070.6632,-689.08765,837.7333,1032.0225,-614.7245
arm_curl_start_18378.jpg,1022.6888,342.50665,-501.15018,1035.649,322.98276,-465.61322,1044.1163,323.25504,-465.70035,1052.8137,323.35526,-465.64987,1010.99066,321.79398,-469.7103,1001.961,320.8814,-469.33185,992.89594,320.1835,-469.12677,1063.8943,334.77454,-238.59784,978.8374,329.31906,-248.44437,1036.7848,364.87476,-414.79233,1004.6233,362.60147,-417.73325,1109.3888,449.99185,-95.9592,914.4614,427.37088,-112.189354,1131.048,608.4669,-94.89687,856.02435,569.2169,-100.192726,1162.8936,754.5904,-285.56378,800.1714,696.9591,-294.3906,1184.4644,797.2487,-330.87936,770.8344,732.1682,-340.1964,1171.7931,798.16724,-391.0695,785.4442,733.2711,-409.80576,1154.9318,784.5369,-312.76038,805.5414,725.661,-325.1496,1039.8457,687.3732,14.820192,926.81836,677.5147,-13.809061,1100.9336,759.91595,-663.49896,876.0647,727.94464,-690.9905,1046.2963,976.3677,-450.62048,858.00244,949.0002,-440.51736,1021.73083,1002.092,-436.57983,868.4926,981.58984,-422.9456,1063.3546,1069.8741,-670.681,822.84357,1034.0973,-649.92267
arm_curl_start_18378_flipped.jpg,901.2936,340.84238,-548.5735,909.98517,318.58017,-508.49225,918.2831,317.41113,-508.6237,926.77954,316.03305,-508.48233,885.461,321.88492,-513.76166,876.31604,322.56464,-513.3684,867.2074,323.43008,-513.14343,938.2942,326.27017,-263.35623,854.32983,335.77222,-269.85965,918.5712,360.7326,-455.56845,886.40326,364.21814,-457.67865,1008.6685,428.38892,-118.86615,815.3662,452.53702,-94.88036,1060.3,582.4059,-98.40213,802.6034,615.3425,-68.375854,1119.6274,709.6888,-255.78375,762.3408,748.04254,-231.93335,1148.2924,739.1589,-295.2207,736.4202,783.6557,-262.41095,1139.1353,741.7618,-358.01755,748.175,786.2145,-340.61118,1122.1086,734.6985,-284.48843,768.5036,775.89496,-264.30676,1010.7899,665.4028,-20.35403,895.5839,683.4137,21.00624,1100.1846,730.56836,-726.9587,817.75256,744.54236,-701.6342,1071.51,940.21436,-461.22858,870.6118,973.8103,-503.88675,1057.0118,960.0615,-441.24802,894.28534,998.37006,-491.38818,1078.0687,1037.471,-711.61945,855.454,1071.6571,-759.76587
arm_curl_start_1_flipped.jpg,899.37854,143.84209,-610.4775,913.7216,118.64732,-578.09705,923.59564,118.01563,-578.1159,933.6856,117.14714,-578.0905,887.8728,120.18748,-568.68286,878.6646,120.28317,-568.429,869.436,120.6134,-568.3797,953.00616,129.1257,-354.95435,864.30493,132.62222,-307.99548,921.2751,167.96017,-525.43115,885.9725,169.48,-511.67444,1029.4359,259.45325,-195.98589,813.95996,264.71002,-167.04228,1082.7504,442.54718,-200.50308,789.65283,444.49747,-164.78967,1160.6157,577.1994,-395.41663,734.1687,582.4008,-395.9653,1195.5184,609.0569,-436.48862,705.2842,622.5921,-448.54846,1194.5334,611.29865,-506.2516,709.59686,614.6164,-508.1103,1172.1453,604.0774,-429.58304,729.5484,604.1733,-428.14014,996.2598,537.5961,-1.5951,869.07025,545.4738,2.875741,1093.4208,606.5804,-744.2395,784.2847,627.10986,-718.2749,1042.2173,834.9283,-312.6926,842.6428,853.24316,-328.29947,1022.49884,853.6918,-278.6884,862.02423,872.75006,-300.8958,1045.4462,948.4384,-547.96735,848.9881,955.9576,-578.35297
arm_curl_start_2016.jpg,1043.2461,373.63593,-453.84705,1054.9148,350.9431,-424.9543,1063.076,351.42365,-425.086,1071.4564,351.7411,-425.15616,1029.9374,347.91794,-439.933,1020.2862,345.9044,-439.5946,1010.5799,344.09055,-439.35663,1075.2356,355.66534,-194.98967,989.4563,344.5009,-254.9845,1051.8032,393.16144,-360.71786,1020.97675,388.91113,-378.06216,1113.3375,452.77502,-26.206188,912.8933,430.52118,-86.349556,1126.6505,603.6915,41.45552,869.0916,578.75885,-26.53933,1152.5374,740.41156,-179.65663,815.42706,696.1729,-222.86073,1169.763,781.62854,-239.33275,790.5733,728.2509,-264.6545,1164.1613,778.22986,-306.175,797.0785,721.80286,-351.0016,1147.8165,765.9446,-212.28067,815.8198,715.44324,-259.3293,1051.6465,690.6875,29.869003,934.47064,682.3698,-28.777752,1116.8345,777.00446,-643.86127,897.4004,733.90686,-674.1864,1052.7306,988.9986,-498.04694,860.58734,943.46783,-486.8759,1028.1217,1013.5682,-495.40808,864.67676,972.59674,-478.1878,1060.0778,1081.2745,-751.55023,844.67413,1030.2971,-720.4021
arm_curl_start_2016_flipped.jpg,881.7748,370.6632,-485.9557,893.17926,346.54285,-464.05118,901.5031,345.07913,-464.09866,909.99445,343.40848,-464.03836,871.4141,349.10867,-452.61664,863.88245,349.0775,-452.2946,856.32697,349.27365,-452.1346,928.50104,345.83124,-260.78394,853.1077,352.7551,-205.40073,901.39386,385.51083,-404.9848,873.2374,388.3269,-389.48328,1003.783,432.84692,-101.10601,819.3052,451.30267,-21.020796,1057.009,581.7083,-101.640434,811.1407,598.27014,15.7125845,1115.2052,703.8781,-301.82022,771.44464,734.9351,-225.27669,1141.86,732.7626,-353.59708,748.26746,771.55756,-287.36566,1134.3699,732.55066,-414.2891,752.0438,766.3208,-355.03976,1117.7437,725.8852,-330.74084,769.28876,756.958,-261.8415,991.5548,664.2268,-16.167933,885.92725,677.5861,17.196035,1066.0021,710.19415,-732.01917,835.2659,752.7109,-670.7881,1071.1659,930.9247,-513.48035,881.9503,966.63,-465.39578,1060.1495,958.45074,-501.28445,901.7073,991.3929,-457.33044,1090.099,1015.1974,-770.76135,878.5329,1054.7781,-709.54956
arm_curl_start_20971.jpg,1196.5731,216.88509,-444.85477,1210.6898,197.48315,-398.0326,1220.3956,197.84332,-398.14987,1230.3445,198.00803,-398.22577,1182.9851,196.84657,-396.94943,1172.955,196.41634,-396.4524,1162.8379,196.25444,-396.11887,1241.8604,214.95312,-156.27861,1148.4841,211.69556,-140.69656,1212.907,245.33528,-356.6964,1176.1111,243.85664,-352.4031,1293.3082,366.50726,-30.90246,1078.2797,350.79422,-2.3119426,1317.8271,552.1292,-8.465812,1028.7961,534.591,0.57717633,1372.3037,694.3538,-227.08939,940.4515,668.18243,-226.31256,1397.7322,733.62225,-275.8331,902.5402,703.2199,-255.93839,1395.5496,729.9742,-347.51025,901.15796,695.6784,-326.40988,1376.9062,717.5031,-262.11984,923.8284,688.3291,-261.313,1230.0515,637.5746,6.0489435,1099.8019,629.2924,-4.5699534,1317.8895,713.0653,-795.0784,1057.6896,695.62494,-814.2449,1231.5946,964.5297,-491.3194,1034.2063,946.9271,-491.46582,1208.1404,984.0814,-467.93912,1040.7402,977.30505,-467.9493,1214.2067,1073.4581,-727.37585,1014.91034,1045.71,-718.1722
arm_curl_start_20971_flipped.jpg,718.70026,219.77393,-455.93756,732.22296,196.33806,-425.09225,741.96765,195.19868,-425.11182,751.9451,193.81215,-425.10675,706.89526,199.61339,-413.40268,697.96747,200.39462,-413.0745,688.99725,201.45541,-412.88348,772.1837,207.23846,-215.94751,684.9596,216.43901,-156.66855,741.2509,244.85555,-376.00006,707.1183,248.3847,-359.31448,851.8506,340.84927,-79.47961,639.7634,359.2845,-11.503506,912.5211,520.3363,-74.934784,619.5727,539.0426,-2.3472457,1001.6752,654.7719,-253.04306,562.52466,689.008,-227.34415,1040.2139,688.3235,-291.50232,532.95294,733.0915,-267.43927,1036.9823,690.58923,-367.1413,538.5523,726.1544,-340.08655,1012.9177,684.422,-286.56616,559.2692,715.25256,-262.80096,828.31866,629.9653,-12.51007,701.10626,643.2841,13.933804,926.0344,669.8559,-812.2554,617.0489,710.1909,-731.37024,888.9238,924.2389,-472.41577,695.1819,972.02893,-454.7372,868.5002,949.11096,-444.34482,722.22925,997.2032,-436.9117,908.16235,1034.2468,-695.8522,687.3,1086.0284,-698.0231
arm_curl_start_21107.jpg,1198.7174,235.05602,-622.8549,1212.5408,212.91249,-574.9,1221.6672,213.19539,-574.9809,1231.0374,213.26935,-574.8512,1185.9108,211.556,-576.5826,1176.2911,210.6625,-576.0998,1166.7274,209.97043,-575.86316,1240.8788,224.6402,-308.30878,1151.7782,219.75478,-311.091,1213.7699,259.32358,-525.2776,1177.4312,256.7706,-525.4812,1292.6577,364.27423,-139.6164,1080.0635,349.38104,-143.26367,1320.5184,545.43384,-89.04369,1034.2314,523.9481,-137.10677,1379.5704,687.089,-355.19647,939.3251,651.0507,-397.98166,1405.803,725.39575,-416.94867,899.4247,684.44666,-447.61008,1408.2249,725.20685,-482.29105,895.2515,672.3138,-505.6989,1389.0723,711.0512,-394.7419,916.1817,662.6668,-431.84775,1226.6552,627.3834,4.027788,1101.7604,625.1298,-1.9021039,1308.3871,720.3164,-839.3645,1064.6035,711.1016,-821.3964,1232.2385,966.5853,-535.51227,1033.4612,949.0528,-556.1866,1214.5071,986.2344,-516.1882,1035.4128,978.7987,-541.72815,1202.7668,1071.9694,-805.50006,1019.5161,1035.557,-809.1187
arm_curl_start_21107_flipped.jpg,713.4633,233.4227,-672.922,727.18976,207.83707,-636.7845,736.7364,206.89111,-636.8405,746.5001,205.66618,-636.71094,701.505,210.18788,-628.11285,692.6903,210.45226,-627.67664,684.0395,210.92871,-627.43976,766.0323,215.54465,-404.24402,679.69714,221.52087,-359.9864,735.5558,256.82706,-586.1959,701.0238,259.28284,-572.69836,851.33856,345.31012,-208.57452,635.07947,363.89313,-192.24376,908.9494,525.4135,-163.9679,624.9133,545.3413,-159.89738,996.4899,648.5393,-451.1509,553.46484,679.88184,-432.6391,1033.6013,680.5716,-508.9718,518.7801,724.91907,-486.31964,1040.1516,679.43207,-575.7362,517.64325,710.50134,-538.0752,1015.8227,669.7569,-489.7375,538.89716,694.146,-463.63815,831.09155,623.5323,-1.546588,705.1269,640.30597,3.5937781,937.7417,691.00244,-784.98346,635.4717,720.66095,-730.7681,887.825,936.8405,-352.83087,704.0372,959.4452,-379.63947,865.3141,961.39905,-318.71027,725.05505,981.6657,-355.47144,908.77875,1047.0416,-585.19025,705.03955,1066.4839,-629.2874
arm_curl_start_23962.jpg,1198.6854,226.11717,-527.03595,1211.096,205.62071,-477.76868,1220.204,205.97543,-477.82166,1229.5486,206.14069,-477.82608,1184.5123,204.63162,-480.27505,1174.5631,203.97179,-479.84024,1164.5154,203.56917,-479.59595,1238.462,221.11356,-216.70337,1148.4082,216.92264,-222.08649,1213.5793,252.5458,-432.0367,1177.4066,250.59137,-433.69272,1285.3308,363.06033,-82.22024,1076.7303,346.2127,-85.14129,1306.1578,544.6573,-80.9944,1025.047,522.41156,-121.28846,1365.1735,691.8675,-310.43936,945.0775,660.6155,-349.38422,1394.4679,732.20404,-359.6099,907.6985,696.1615,-392.3596,1388.3473,732.13727,-427.94678,910.0827,691.0282,-456.46332,1369.0798,719.18933,-345.6877,931.5186,683.2866,-382.5371,1223.185,636.22876,20.4485,1097.0427,629.1986,-18.779474,1313.5833,727.0293,-802.07367,1070.8682,697.06445,-907.32983,1230.9728,961.41473,-488.63275,1035.9341,920.4555,-596.5883,1205.9781,982.4498,-465.1735,1034.4265,948.2967,-574.524,1223.5424,1060.0167,-736.8788,1028.1454,1004.6188,-839.2219
arm_curl_start_23962_flipped.jpg,719.7495,225.17488,-470.84683,733.4709,200.86899,-435.8848,743.3601,199.61174,-435.9235,753.474,198.12045,-435.90518,707.5043,204.26884,-425.45157,698.3174,205.09009,-425.15125,689.0924,206.18375,-425.00757,774.2031,210.6102,-219.37358,684.9544,220.41167,-164.39207,743.33124,249.06268,-389.57227,707.9863,252.92365,-374.10132,854.68756,342.98557,-93.88667,639.1823,360.5463,-33.605213,913.83105,522.98065,-94.12335,617.4715,542.30005,-35.0763,995.9331,658.5282,-255.76208,564.75824,697.11035,-230.96208,1031.2722,691.99066,-293.68124,535.3316,740.4026,-265.13824,1027.2449,693.56696,-362.64368,541.46094,736.3975,-335.9132,1004.8064,686.1384,-287.2197,562.2162,725.0412,-265.39236,828.58673,631.1433,-11.818526,698.7318,642.91345,13.107449,915.80347,683.14185,-792.79663,624.29504,714.1038,-737.68005,893.95294,924.59375,-463.5752,700.1878,953.21075,-432.4984,878.006,945.06177,-436.6648,721.6623,973.2773,-410.88474,905.8027,1037.53,-698.6326,711.93884,1062.461,-675.3727
arm_curl_start_24214.jpg,1038.6633,351.25253,-414.30853,1052.47,332.76566,-377.69153,1060.6034,333.4232,-377.78168,1068.9452,333.96152,-377.80307,1028.6814,330.22202,-383.80383,1020.2101,328.7448,-383.46994,1011.6926,327.46973,-383.20377,1079.1626,343.753,-155.49948,999.0716,334.22842,-174.4828,1051.5571,373.17157,-329.8977,1021.3581,369.33234,-335.79974,1121.5238,455.67877,5.486422,930.85657,430.6176,-24.71674,1134.0244,603.4544,66.30124,871.831,575.00037,50.820606,1148.8579,742.7157,-132.8479,817.89575,706.66583,-101.84663,1162.6554,784.5415,-190.9821,792.81696,739.4873,-133.73764,1152.7964,782.6053,-248.4426,805.5991,739.01666,-215.68939,1139.171,769.84674,-160.51976,824.32733,731.35785,-134.89508,1054.3077,687.8017,21.387821,942.3912,672.973,-20.30949,1106.5885,747.73553,-686.4755,907.33527,713.3426,-668.3831,1037.7413,970.45166,-569.5456,856.5592,926.0506,-513.3858,1015.9458,994.19885,-567.59534,857.71075,954.4684,-506.71338,1032.5547,1058.1831,-822.28503,838.1008,1010.6246,-735.91235
arm_curl_start_24214_flipped.jpg,882.9795,350.01385,-525.22516,892.1135,328.886,-489.446,899.9569,327.59387,-489.5175,907.95026,326.09967,-489.4289,869.55566,332.20496,-490.52365,861.5334,332.89938,-490.21756,853.535,333.7936,-490.12906,921.3868,333.8569,-265.65286,845.0376,343.7952,-263.06946,900.8058,368.267,-439.76062,871.86426,372.14737,-439.2256,996.9954,429.26392,-118.28525,806.40796,458.70273,-107.74515,1057.2131,568.739,-92.203636,800.2687,609.5859,-62.227844,1105.9938,701.348,-273.34442,779.2981,745.3424,-237.35638,1130.7944,736.4634,-332.5912,764.1283,783.82983,-284.25497,1118.7168,740.0483,-391.60098,773.1191,780.2107,-359.04944,1102.7202,730.9047,-303.3726,788.1805,767.86523,-271.09067,995.2023,658.3323,-1.4693332,889.6726,677.86035,2.249869,1049.5833,702.27155,-712.88965,849.0095,745.95197,-654.7781,1062.5051,920.82996,-375.1399,886.2602,950.29535,-343.78308,1054.8617,945.3566,-352.05115,905.2884,972.81964,-323.46918,1082.0011,1012.6919,-605.2528,876.75793,1039.0375,-568.1887
arm_curl_start_27623.jpg,1028.5183,332.0222,-435.87155,1041.8728,315.72595,-398.21628,1049.7859,316.69107,-398.31305,1057.9232,317.50293,-398.32068,1018.5655,313.04785,-400.11438,1010.2264,311.7519,-399.72177,1001.83673,310.65967,-399.52493,1067.2003,331.05536,-184.20184,988.4236,321.09464,-185.38454,1040.1284,356.81552,-356.8504,1010.1763,352.59277,-357.4943,1110.7622,455.2928,-61.344,916.9513,431.23773,-56.32617,1126.4915,611.9683,-49.499157,868.3658,579.7943,-44.405727,1151.4768,749.0228,-243.01263,803.83734,694.9681,-255.37811,1167.339,789.82825,-295.3943,776.58026,726.225,-294.64948,1158.4546,788.0095,-349.0706,784.7736,723.64624,-362.86078,1144.2604,773.897,-268.81387,804.753,716.6119,-285.86282,1047.1077,687.09393,8.4516535,931.28436,675.098,-7.2907467,1111.1368,774.259,-672.36707,880.88086,724.76135,-673.2295,1049.7941,985.61163,-415.6035,864.83496,943.2965,-406.74902,1025.0555,1005.66614,-396.69864,874.5538,973.105,-386.52737,1059.4343,1084.5901,-629.32794,835.03467,1033.4519,-605.72736
arm_curl_start_27623_flipped.jpg,889.8603,333.6357,-463.95578,901.5311,314.32565,-429.15192,909.7748,313.8397,-429.26154,918.21045,313.14212,-429.16925,877.97015,315.97406,-429.9669,869.6985,316.16568,-429.62045,861.4276,316.5873,-429.42822,932.3279,324.40643,-206.06403,851.96576,328.5614,-196.44055,906.6868,355.00476,-378.91037,876.4896,356.7603,-376.3252,1004.0602,431.17233,-58.30069,810.74066,449.19217,-41.125935,1062.3091,578.299,-40.413235,803.39996,612.3795,-8.596952,1126.6605,700.7585,-213.3704,772.76495,746.67303,-175.6324,1155.1475,731.2594,-258.8554,751.30676,782.00775,-210.56674,1147.4012,730.52277,-324.79364,761.7968,780.8501,-284.92413,1129.5657,723.9357,-243.95132,779.3331,771.23004,-207.95859,1004.6792,661.45764,-7.183794,891.37646,675.46326,8.057583,1086.1167,716.2104,-708.0259,856.74,731.9578,-711.74005,1071.7295,947.42554,-521.66644,879.5434,965.0438,-562.6384,1055.6208,975.6633,-511.1809,894.7259,996.1033,-555.2668,1090.1073,1033.9633,-751.79034,869.7384,1049.9794,-788.4024
arm_curl_start_29152.jpg,1192.3334,242.85995,-542.8364,1206.4838,219.63783,-496.3215,1216.0586,219.7734,-496.413,1225.8536,219.72281,-496.3372,1179.5325,218.77724,-496.70712,1169.4283,217.8946,-496.32294,1159.1995,217.24184,-496.1072,1236.3512,232.65062,-237.07431,1144.5981,228.2669,-228.33493,1208.428,267.2018,-446.70612,1171.6482,265.21332,-444.44357,1281.0852,365.46698,-100.88525,1074.1132,347.4553,-73.524216,1305.1566,548.0191,-93.6643,1013.74475,524.6425,-89.492195,1362.7109,691.61884,-250.30688,928.4657,656.2179,-262.16302,1390.705,725.7279,-283.6884,891.2234,686.1329,-289.1882,1387.6094,727.0944,-354.00024,891.94257,682.60724,-362.30655,1369.9806,716.90265,-283.65573,913.20624,678.35425,-297.657,1214.7107,631.18176,7.626409,1091.876,621.9611,-6.3874483,1315.4849,730.85297,-751.7468,1071.9443,704.9452,-817.88104,1221.9442,962.1257,-422.8398,1035.0807,933.8686,-467.43033,1200.0013,975.89246,-398.27972,1034.2667,956.5715,-440.73264,1195.1448,1073.2115,-666.02136,1027.4021,1033.2211,-700.26025
arm_curl_start_29152_flipped.jpg,717.55554,242.326,-634.9969,731.91125,216.70265,-600.3431,741.5889,215.7659,-600.3816,751.47437,214.56743,-600.2488,706.1939,218.84305,-590.2036,697.4665,218.99269,-589.792,688.8764,219.35637,-589.56323,771.68225,224.2258,-367.08276,685.32086,229.53084,-316.22516,740.0163,265.6014,-547.1015,705.30176,267.77808,-531.91815,857.3253,353.0303,-175.9584,641.6923,369.96533,-134.41927,918.00977,529.56226,-145.99744,631.4021,547.4262,-105.16413,1004.77716,651.3273,-441.32327,560.3954,683.26416,-402.43768,1041.6786,683.84515,-498.74567,525.6925,728.83484,-458.5806,1047.0542,682.6156,-565.8513,524.71173,714.9757,-510.76184,1023.31287,673.04645,-479.608,545.5102,699.0915,-434.48724,836.6753,631.1943,-11.499934,709.9774,645.949,13.506996,944.1595,694.9599,-807.5011,640.547,730.35156,-737.04065,900.2243,960.8543,-458.1925,712.9206,985.3956,-453.28745,879.8091,988.49365,-432.53302,737.7272,1013.1718,-436.15903,914.5782,1072.2037,-704.9047,702.0584,1090.0671,-707.2235
arm_curl_start_33029.jpg,1192.6917,224.5112,-541.62494,1207.3156,203.19292,-493.35153,1216.7678,203.51398,-493.4273,1226.4532,203.62859,-493.37152,1180.6619,202.2157,-491.15256,1171.1133,201.4897,-490.65982,1161.5723,201.00307,-490.3469,1238.5126,217.74707,-241.73106,1149.1589,213.34998,-224.33119,1209.4524,250.43498,-450.94363,1172.8414,248.3657,-445.6897,1289.2445,362.91592,-92.55625,1079.3969,346.21283,-78.184525,1314.0787,545.6195,-53.92704,1031.941,523.936,-71.56191,1377.5907,686.6345,-286.4622,944.32605,655.62885,-302.17453,1405.2947,725.15045,-337.66293,905.7686,691.97723,-342.2349,1406.3468,723.95984,-402.2665,904.1234,682.37463,-399.35144,1387.066,710.2268,-322.08994,925.29065,671.7249,-334.0542,1220.6954,636.3731,11.588596,1095.738,631.1052,-9.57795,1318.8392,712.30853,-780.0679,1069.1465,693.6787,-809.69556,1236.6888,955.2121,-491.27512,1038.2944,925.53796,-496.69543,1214.392,971.8484,-469.68802,1037.187,948.9885,-474.3713,1217.4397,1066.4187,-745.9622,1037.201,1025.1107,-734.3246
arm_curl_start_33029_flipped.jpg,719.6808,223.14465,-589.61664,731.7591,199.67859,-553.29553,740.9679,198.51611,-553.3387,750.39215,197.07805,-553.2292,706.7898,203.08644,-545.0635,698.0912,203.8765,-544.68854,689.48,204.88083,-544.5312,768.7108,208.83337,-327.15976,684.1515,218.34526,-284.32108,741.2525,247.0095,-505.67075,707.7323,250.69633,-493.0517,852.43005,340.44495,-161.427,639.2221,361.50775,-133.31773,911.0625,518.6066,-125.77277,623.1686,539.9552,-128.01462,997.26996,649.90607,-378.48322,555.3245,679.1895,-407.07507,1033.8329,683.7086,-434.55716,522.85803,723.87885,-460.6252,1035.658,684.4859,-504.82556,524.34827,711.8705,-521.7811,1012.0803,675.3814,-415.83264,545.4435,697.2414,-440.635,830.4041,621.819,-2.8575342,704.08234,638.3048,4.63794,940.6281,680.46265,-789.1782,629.7385,716.2567,-738.6409,893.2207,917.73413,-348.65692,702.85876,965.10406,-374.3547,870.9893,939.28894,-311.2951,728.39825,988.6739,-347.8864,912.2073,1031.6011,-556.242,693.11414,1079.2506,-614.2351
arm_curl_start_35321.jpg,1194.42,217.943,-579.3456,1208.84,198.50584,-530.97516,1218.2449,199.02213,-531.0774,1227.8828,199.33588,-531.1052,1181.8854,197.50906,-529.2928,1172.1411,196.96243,-528.8014,1162.3477,196.66275,-528.52527,1239.4838,216.81241,-277.05783,1148.6692,212.02428,-261.98242,1210.2893,246.36145,-487.56702,1174.1151,244.27592,-483.15936,1289.4663,364.5236,-131.67993,1078.7866,349.53265,-115.119286,1314.6074,548.90393,-118.792404,1030.7803,525.52905,-125.12836,1373.6373,692.65686,-347.67526,946.2886,657.38544,-373.91486,1401.6726,731.277,-394.95602,908.65216,693.4561,-417.5184,1400.2434,730.1469,-465.98038,909.1133,684.81506,-481.7914,1380.6709,717.4636,-384.00275,931.2054,676.16797,-408.09317,1226.7297,626.74115,8.380014,1100.5991,621.49097,-6.772115,1312.8298,726.37,-804.458,1054.2477,704.1668,-820.2855,1223.4022,966.6189,-432.43008,1036.2699,938.681,-461.6948,1198.2489,987.6866,-403.99472,1044.3029,967.6893,-436.44424,1213.0564,1071.4208,-680.9235,1013.43567,1029.8813,-703.1554
arm_curl_start_35321_flipped.jpg,718.59717,222.14069,-551.9057,731.2529,197.93878,-515.11084,740.8188,196.65883,-515.17303,750.62054,195.12578,-515.14923,705.23535,201.61728,-507.01813,696.17285,202.51462,-506.6376,687.1793,203.65247,-506.41812,769.9019,207.20728,-288.37976,681.8045,217.4892,-245.68631,741.1952,246.57002,-467.1952,706.513,250.62378,-454.62424,854.2705,342.2675,-126.42444,638.0321,362.40244,-88.212234,911.78815,524.67865,-96.19456,622.67316,544.66296,-65.56771,996.6517,652.3519,-338.47537,556.2968,686.7983,-328.4356,1032.9642,687.455,-390.53876,523.2589,732.29987,-377.24738,1033.4316,685.4149,-459.9419,525.9638,721.5685,-438.7089,1009.6655,675.7912,-374.2828,547.8432,706.7491,-361.7489,830.6223,624.87494,-4.0534544,702.1595,640.5345,5.8362045,930.8949,688.3526,-805.5407,629.8672,724.9003,-728.4913,890.86865,943.77435,-434.463,703.05273,971.412,-422.2796,867.78973,973.3387,-405.1257,728.0205,997.54034,-401.92096,920.05133,1046.7769,-674.28503,695.6337,1076.4147,-672.98
arm_curl_start_41478.jpg,1015.59576,335.97116,-436.43796,1028.7943,319.55252,-402.1216,1036.5667,320.07858,-402.16486,1044.5433,320.44363,-402.18744,1006.8331,317.97766,-397.87302,999.2056,317.0168,-397.4681,991.5311,316.26956,-397.32117,1056.4427,331.90167,-187.9764,981.997,325.0801,-162.35272,1028.6519,357.46387,-356.56924,1000.2856,354.82794,-349.5971,1104.0183,446.7112,-56.76021,918.10144,427.77066,-26.509315,1124.1641,599.52625,-65.45884,872.6527,572.7344,-48.489235,1156.6659,728.4308,-290.16568,803.60095,682.0175,-331.85822,1174.9349,765.5579,-344.4689,773.7342,711.11255,-391.2296,1169.3218,762.9647,-402.83206,778.9088,705.9306,-456.136,1154.5815,751.0909,-318.37985,798.01154,699.8794,-365.68588,1039.4409,673.84344,-0.14734256,925.8263,663.0283,1.3973752,1104.8312,757.93536,-743.79596,872.5168,723.3567,-714.41003,1049.3251,982.42926,-538.59973,856.50775,949.27185,-509.36212,1029.3948,1001.07556,-525.75037,864.398,977.1358,-497.8841,1043.151,1085.5068,-789.5646,842.79626,1039.5728,-749.47723
arm_curl_start_41478_flipped.jpg,900.72925,332.72882,-508.10153,909.56903,313.95953,-473.62836,917.3331,313.25616,-473.71667,925.27625,312.35004,-473.72537,886.97034,316.30057,-475.07117,878.76776,316.91397,-474.7135,870.56305,317.73795,-474.53998,936.61975,324.24246,-253.49521,859.3044,331.10315,-249.54391,916.451,353.9145,-423.92883,887.0947,356.54974,-423.0328,1005.1257,430.47424,-116.759995,818.0071,451.70792,-101.29196,1062.9346,573.7408,-129.1906,804.54,605.433,-86.627686,1125.1315,688.27075,-345.38132,761.88043,731.0057,-293.67407,1153.1833,718.21545,-402.1223,738.95056,766.13995,-338.5985,1144.689,717.40784,-464.8983,744.924,761.956,-409.98785,1127.0149,710.73627,-376.64825,762.8992,752.50543,-326.7178,1004.12213,663.45355,-6.167246,895.97644,678.70245,6.9931536,1082.5369,718.3537,-707.46344,843.77185,739.2573,-676.713,1075.0524,938.0977,-382.5459,877.27155,953.2477,-362.3031,1062.0067,960.77686,-358.12476,896.6956,978.4123,-338.7539,1089.8025,1032.0734,-592.77655,858.3806,1042.0758,-563.4256
arm_curl_start_4561.jpg,1196.9548,220.4733,-576.7898,1209.5531,199.671,-525.89984,1218.8079,199.7543,-526.0098,1228.304,199.62468,-525.97705,1182.3416,199.45084,-526.43976,1172.497,199.07709,-525.86804,1162.7207,198.93083,-525.4973,1237.8452,213.94785,-264.13345,1147.0826,212.26279,-258.37668,1212.5516,246.80302,-482.57166,1175.7281,245.68193,-480.4747,1291.0223,361.96875,-110.08597,1078.443,351.3817,-94.41899,1317.7006,544.9558,-63.976208,1037.1255,528.20856,-75.20545,1378.6133,686.5308,-333.3689,944.2738,657.4631,-347.78607,1405.1754,726.6364,-391.87833,904.2604,696.4552,-394.3564,1408.0898,724.52277,-457.74265,900.94434,682.61456,-450.5679,1388.9287,709.53973,-371.5061,922.48376,670.007,-380.44888,1229.0386,631.9922,2.6392226,1102.6516,630.7947,-0.41388455,1316.9751,715.1629,-818.5078,1060.7974,703.8279,-798.95325,1232.0474,963.5404,-496.91757,1037.1637,945.0079,-505.11978,1210.07,983.3781,-473.6554,1042.5939,973.87634,-486.63092,1210.5898,1072.0809,-756.7101,1019.62695,1040.8793,-754.45514
arm_curl_start_4561_flipped.jpg,711.99066,215.53244,-573.9346,727.3891,192.74904,-538.4519,737.13904,192.08043,-538.5065,747.12573,191.13727,-538.4955,701.8704,195.1561,-524.0873,693.3282,195.67041,-523.7054,684.8369,196.43802,-523.49744,769.2884,205.80777,-321.65167,683.2184,211.4127,-251.98013,735.28253,242.08371,-494.53784,701.0089,244.40068,-474.24136,854.3767,343.01477,-164.94408,638.585,364.1829,-111.3979,912.605,522.8266,-145.94592,620.2172,544.36835,-101.73342,999.95465,655.0855,-380.7665,552.15094,683.2061,-368.49402,1038.0332,689.3731,-428.8598,519.28577,727.6888,-418.41693,1038.6914,690.1486,-498.9373,520.20917,715.8499,-479.0925,1014.5653,681.25854,-416.91574,541.6464,702.3008,-402.6094,831.8339,626.0832,-3.0131416,703.8084,642.5269,4.665877,941.83185,693.6746,-799.77515,629.95734,718.84216,-747.2315,887.10913,927.92365,-353.6668,700.5558,960.37177,-369.09503,863.4724,950.5651,-315.60883,724.6307,983.6225,-341.24933,908.9527,1034.1542,-562.67194,693.3309,1066.9939,-606.3801
arm_curl_start_46943.jpg,1200.9153,235.9572,-632.3858,1212.9359,213.12245,-581.97375,1222.0835,213.11813,-582.04803,1231.473,212.90506,-581.9166,1185.8014,212.3465,-585.9782,1175.8411,211.6605,-585.4665,1165.9934,211.16841,-585.17145,1239.4332,223.36678,-312.56995,1149.0695,220.82954,-325.19803,1215.9677,259.80386,-534.9266,1178.6772,258.0948,-537.61694,1291.0778,364.20804,-146.81693,1077.7256,350.34454,-156.00964,1318.3838,543.9802,-102.2181,1039.3748,528.3798,-143.54343,1380.3961,687.3772,-385.22052,944.7408,653.97577,-412.0547,1407.7548,728.9855,-446.94855,903.8372,689.9436,-462.4729,1410.4385,728.4911,-507.3234,899.5633,675.19946,-510.97903,1391.3965,712.39233,-424.37845,919.8543,662.9002,-442.62518,1223.0038,630.0667,8.18618,1097.5399,628.61975,-5.810466,1309.1359,717.53864,-833.06537,1067.4315,703.93005,-828.6271,1234.1805,963.34955,-556.5858,1034.9697,927.9826,-588.51666,1214.2783,983.1701,-538.75,1035.3024,955.59973,-575.8036,1214.7444,1071.108,-824.0651,1024.392,1015.0755,-840.5767
arm_curl_start_46943_flipped.jpg,712.74097,233.09933,-622.7249,726.3579,207.73035,-586.1387,735.96936,206.68086,-586.17706,745.8028,205.3663,-586.03986,700.50714,210.4036,-577.6775,691.65314,210.78828,-577.2545,682.9326,211.38805,-577.01227,765.4813,215.43274,-352.33557,678.2531,222.45609,-307.07657,735.0663,256.39566,-535.10144,700.25507,259.22314,-521.5163,851.7311,346.01218,-167.68895,633.6767,364.7795,-134.03523,910.735,525.652,-128.82466,620.09314,544.87524,-106.78634,994.8617,651.8134,-398.54163,547.358,683.0201,-377.84402,1031.0406,685.3152,-454.134,511.34833,727.9576,-427.72687,1035.6425,685.06793,-521.1838,512.2314,715.3418,-482.07675,1011.72034,675.25446,-435.7289,533.68286,699.8291,-409.36703,829.88794,624.79047,-8.690909,702.1154,641.8428,10.703009,935.7984,687.13165,-822.00397,636.7137,727.48755,-743.48315,888.4844,937.1574,-434.5613,705.63385,979.3975,-438.80194,867.83124,961.3413,-403.9208,727.3943,1004.909,-419.1785,900.9022,1047.4044,-668.63025,704.7643,1086.3035,-692.5136
arm_curl_start_49024.jpg,1024.1681,342.80527,-460.32736,1037.916,324.47284,-423.3057,1046.3517,325.20264,-423.34753,1054.9974,325.76855,-423.2766,1014.0342,322.2356,-425.84738,1005.3135,320.9932,-425.53943,996.5617,319.96487,-425.35193,1066.0146,338.09995,-205.76341,983.70404,329.40924,-207.47859,1037.7845,365.8276,-378.83298,1006.03546,362.21838,-379.58292,1110.9691,455.0596,-84.91013,913.8373,431.76215,-75.41374,1127.4607,619.18567,-88.02323,858.6691,583.272,-55.13995,1152.9316,765.794,-225.46146,805.8585,713.0507,-222.97905,1171.487,808.1279,-258.43994,778.1745,748.752,-261.76794,1159.0789,809.32666,-308.64417,793.77875,749.82715,-326.73758,1143.7935,796.032,-247.01222,813.189,741.61975,-250.85443,1038.715,692.24896,-0.6631656,923.61523,682.97034,1.7116482,1082.9645,755.4628,-696.8615,873.0254,732.1573,-673.15497,1051.1923,985.236,-643.80035,861.5813,950.6867,-553.6878,1036.1831,1012.25085,-643.4204,872.11835,982.1403,-548.0075,1049.555,1075.829,-884.96906,835.4297,1032.0759,-773.19147
arm_curl_start_49024_flipped.jpg,898.9966,343.26736,-526.2023,908.3839,321.09488,-486.91693,916.953,320.0192,-487.01642,925.7298,318.74088,-486.87677,883.4019,324.067,-493.5398,874.1108,324.66235,-493.17163,864.84064,325.4663,-492.99277,937.8505,329.17453,-245.81801,851.9692,337.87888,-264.7989,916.888,363.67813,-435.06326,883.832,366.92117,-440.62592,1006.66675,432.8143,-91.900185,810.45325,453.09726,-110.173965,1063.2352,585.59174,-51.66256,796.2263,617.91156,-88.106995,1123.0393,719.734,-206.09988,770.1456,759.2163,-231.77612,1151.5533,754.502,-248.97615,748.9339,798.25165,-264.49402,1139.6775,756.4217,-311.2895,762.777,799.9714,-340.61395,1121.6483,748.14435,-234.39954,781.84705,789.20435,-263.6208,1004.09296,669.8212,10.8993845,890.54315,686.63434,-10.207998,1088.1726,711.6414,-687.95746,860.5243,734.2051,-740.8806,1073.8198,936.4517,-386.89365,882.1647,959.79333,-489.13644,1054.9862,964.335,-364.48633,895.7543,985.4571,-471.68832,1107.9017,1031.3223,-613.0151,877.20935,1059.5605,-717.5842
arm_curl_start_6105.jpg,1180.8424,239.89922,-617.0173,1194.5355,218.50104,-568.0476,1203.8555,218.90363,-568.16943,1213.3765,219.07805,-568.11865,1167.6641,217.18993,-568.3675,1157.9229,216.34744,-567.80035,1148.2579,215.71658,-567.4493,1223.5447,233.04468,-313.59506,1133.6005,227.7621,-308.034,1196.3115,265.9804,-525.05676,1159.5214,263.61298,-523.01215,1274.6942,374.71725,-158.64825,1063.9642,359.41083,-155.865,1304.5172,551.6073,-108.05206,1017.6685,530.15845,-146.80441,1369.176,689.0957,-362.539,925.3657,653.21765,-385.01303,1397.3925,727.19934,-416.6428,885.23895,690.3909,-424.9103,1400.9479,726.1666,-479.73926,880.00055,677.28186,-474.9999,1380.9899,711.67365,-399.69336,900.7291,665.63617,-414.81985,1211.2966,642.0495,7.148416,1086.3749,637.7847,-4.9457793,1302.9518,741.7339,-766.3294,1046.496,721.42267,-778.50903,1219.891,978.23615,-356.9322,1021.45306,952.294,-377.6452,1197.4827,994.47736,-324.36908,1025.2354,978.0316,-347.87354,1201.658,1094.3123,-583.69727,1004.24976,1052.5018,-601.6469
arm_curl_start_6105_flipped.jpg,734.2114,242.85078,-658.5537,746.6811,219.30496,-620.3748,755.70807,218.41788,-620.4821,764.92175,217.26305,-620.33215,721.82025,221.74654,-611.1233,713.3573,222.18127,-610.69635,705.05194,222.81754,-610.48236,782.2974,228.59029,-389.40717,699.43445,235.14024,-339.57886,754.8275,266.52267,-573.25964,721.47125,269.14963,-558.2541,862.9633,360.45746,-201.8781,653.3265,378.6297,-173.40794,922.20325,529.0693,-153.95815,636.20935,553.1857,-147.34619,1007.5083,650.83405,-430.85605,558.39453,688.5871,-421.52246,1041.5366,681.5664,-491.91592,521.9409,731.43677,-474.9811,1048.2742,680.5115,-556.94965,520.8118,717.0627,-525.6723,1026.262,671.3605,-469.99237,541.4905,702.0384,-453.0064,838.533,635.6799,-13.9485035,715.4124,651.463,15.975317,941.69696,703.707,-816.1987,647.6189,737.47815,-747.7279,904.5413,950.65027,-420.8316,711.4749,975.2942,-384.74597,886.5888,974.41064,-390.51422,732.45807,999.23816,-359.69986,915.61487,1058.7747,-660.6654,707.9362,1077.0093,-629.70026
arm_curl_start_8166_flipped.jpg,930.8627,361.6188,-500.71902,934.3263,337.42245,-465.35843,941.51746,336.0978,-465.4963,948.9245,334.5814,-465.43503,911.4239,339.93716,-482.0692,901.9091,340.07822,-481.72192,892.40094,340.39157,-481.50336,949.3741,339.01376,-223.19609,869.60944,346.9661,-289.24402,940.9612,378.04388,-404.43015,911.0168,380.9258,-423.77438,1006.1347,429.52972,-71.53836,811.0748,448.8955,-120.79512,1063.0425,574.3028,-31.504873,799.0052,609.47504,-97.753746,1115.342,709.27234,-221.88507,773.4948,746.21796,-247.68236,1139.9448,745.6438,-277.2795,755.8013,783.2858,-287.2784,1127.9612,747.3423,-337.36053,764.5599,781.96564,-359.28522,1110.4801,738.0587,-250.79741,780.4933,770.58527,-277.8225,992.9748,666.05743,14.905579,882.42773,683.2279,-13.936054,1076.6171,710.21875,-686.00653,862.0886,740.31506,-708.7025,1075.5352,937.15625,-433.0075,881.7134,965.9199,-470.2498,1058.3362,963.6427,-416.75732,893.8719,990.68164,-455.54056,1108.9225,1035.3037,-666.7563,881.6079,1065.7657,-697.34985
