back_lift_row_start_10128.jpg,1135.6324,362.21307,21.30201,1129.474,340.94937,38.854782,1126.525,339.43338,38.96043,1123.7651,337.97772,38.837807,1131.2737,342.22922,-24.912504,1128.9384,340.68802,-24.853968,1126.6653,339.25824,-24.786713,1096.1304,333.26,117.70812,1100.8636,334.99347,-170.65895,1117.6289,373.69476,57.157406,1117.9629,374.2534,-25.375408,1022.37476,400.31183,289.97797,1066.7261,422.84515,-338.28662,1095.3456,553.54486,394.12695,1138.3954,595.02106,-322.30414,1175.514,642.6541,329.33948,1216.4288,657.5387,-10.004485,1195.9675,661.0371,345.68372,1238.8074,671.05286,-26.494257,1193.2709,651.61365,306.27484,1245.1727,660.1023,4.418024,1183.4446,648.67377,313.44672,1233.7885,657.832,10.019989,943.45966,633.8742,202.8192,963.6472,656.98456,-202.29913,1145.1667,633.302,436.65237,1188.133,659.5016,-169.24771,1145.5995,806.7298,677.92035,1186.0518,874.2972,-10.773909,1120.5209,837.3865,704.2387,1156.2987,913.1362,6.3605843,1215.7269,844.96686,759.86804,1287.4346,920.12476,5.556566
back_lift_row_start_10128_flipped.jpg,791.8334,360.57767,121.30275,793.9945,337.86063,77.235794,796.12976,335.84613,77.24686,798.4296,333.65765,77.256485,795.3462,338.6793,140.98125,797.61304,337.89447,140.90263,800.07074,337.24725,140.86632,820.61743,328.94412,-82.96927,823.244,334.3478,206.5517,807.8763,372.2617,68.48013,807.35547,374.2863,152.39001,857.19446,408.2253,-260.8882,898.2422,409.3206,369.1987,792.72125,578.67035,-250.1309,816.15906,550.1645,467.32318,712.4922,664.8043,-13.874941,723.54517,648.17084,345.82373,692.1681,677.5235,-42.785995,703.2121,659.30493,371.8338,689.9792,662.4536,-2.4544315,693.7388,655.401,319.60907,700.2816,658.35046,8.895456,697.537,655.3231,322.1402,953.0115,653.5281,-219.96333,980.0782,644.641,220.35403,724.88696,708.41254,-130.03998,786.7068,672.7204,354.9413,736.1837,893.15656,60.3688,775.57275,855.7443,580.3775,765.4953,926.1027,79.91181,803.2293,883.81305,599.1914,656.45483,933.39044,50.928234,696.82666,913.6367,583.9462
back_lift_row_start_10650.jpg,1149.386,355.8899,-8.039088,1142.7787,335.36807,13.693245,1140.1046,334.32956,13.769948,1137.6481,333.3597,13.627893,1143.4211,335.8723,-49.915195,1140.5916,334.3167,-49.77816,1137.831,332.87088,-49.700806,1110.1365,331.05972,113.50769,1111.3893,330.1762,-174.1253,1132.1968,369.36667,34.90537,1131.4071,369.12216,-47.48367,1042.3577,403.61496,289.1059,1076.5403,421.06793,-341.06625,1121.9612,556.27246,350.37396,1149.3071,587.9011,-346.41296,1196.4165,660.7509,234.37463,1223.7373,658.9389,-43.578106,1215.5325,682.3335,245.35066,1244.8456,672.11774,-66.09649,1209.9463,672.2542,200.7014,1250.3081,662.0865,-30.905146,1200.475,668.1131,215.38976,1239.3561,660.7536,-22.985706,950.051,635.9922,205.95007,964.43744,655.559,-205.40793,1147.396,645.025,397.5596,1193.543,658.0136,-182.09302,1135.345,822.89825,624.9459,1184.2117,868.7227,-0.86349154,1107.6077,853.4728,648.18835,1153.6628,906.36566,18.036627,1204.8313,869.063,681.8082,1277.7043,915.5246,11.218624
back_lift_row_start_10650_flipped.jpg,780.8092,358.6914,102.73677,783.9497,337.07944,58.678364,785.98193,335.75308,58.652153,788.1754,334.26367,58.64963,785.79474,336.0393,123.13764,788.25946,334.80286,123.07812,790.8918,333.72565,123.09581,810.79224,332.2937,-110.293594,814.6661,332.46637,182.14316,796.0315,372.06354,45.96392,795.8325,372.51532,130.75748,845.92914,417.79697,-296.85657,883.39575,409.17343,346.62704,783.9219,581.7115,-311.17966,802.55145,547.9842,456.96597,695.4326,677.46796,-119.13385,711.8572,656.1825,357.47473,675.86804,690.10565,-157.05957,693.0529,666.5009,387.77728,673.05725,674.93744,-111.53086,682.4502,663.42883,330.82416,681.9677,670.14655,-95.42346,684.41614,664.54877,332.22403,941.75836,655.1313,-219.92578,965.9996,641.9001,220.4658,722.31476,708.90063,-136.91351,779.0061,672.85187,383.52612,738.7827,888.2418,85.71341,773.9243,845.03015,633.0049,766.73236,919.94904,107.80552,800.8201,870.7905,653.8919,668.52954,922.3467,81.210014,703.6199,898.1162,631.27765
back_lift_row_start_12410.jpg,972.4609,299.01273,-262.12646,959.9047,276.1242,-240.38141,958.001,275.47397,-240.32901,956.3471,274.8211,-240.523,958.5874,277.96857,-306.05106,954.37866,277.98492,-306.19272,950.2664,278.02762,-306.3977,925.5685,280.3204,-107.572235,918.8148,283.94852,-401.3681,957.3536,317.55948,-205.31512,953.7178,319.1613,-290.5784,887.9241,384.55713,94.90054,868.48505,397.1272,-507.10126,932.1118,543.8207,137.1943,920.5416,581.58514,-551.54816,993.79785,667.1236,17.921934,1006.4969,695.9838,-466.52765,1011.8834,693.60547,10.48225,1023.7033,722.65546,-539.324,1013.55365,692.9863,-45.68055,1035.3662,711.5495,-528.8384,1001.1643,688.01886,-12.249442,1025.7865,706.2912,-463.3713,847.47473,647.4608,202.51253,825.6645,678.4998,-201.36916,1036.4329,713.2277,395.19315,1067.482,759.439,-265.55328,978.5591,878.4835,648.21686,1005.7153,952.7254,17.089346,947.4561,904.09174,668.14374,967.4907,981.28955,45.379803,1034.5265,921.351,672.33545,1080.2205,993.2393,20.655865
back_lift_row_start_12410_flipped.jpg,952.32294,296.8772,-182.81058,963.4964,277.80344,-224.46265,966.52563,276.91782,-224.40926,969.787,275.86716,-224.21872,964.5885,278.56778,-165.44797,967.6728,278.52905,-165.43713,970.7356,278.66187,-165.41455,1001.055,282.57776,-313.22977,1002.2169,286.2068,-41.86616,970.76776,317.6651,-211.45856,970.5139,318.8771,-133.37357,1057.2881,400.5614,-432.2827,1047.6467,409.5911,143.95856,1007.3257,567.01276,-474.7475,992.68,547.0969,173.16377,912.03394,687.17694,-378.45752,916.81995,674.08685,110.582825,894.723,695.4704,-444.85757,905.6312,690.06024,115.48246,895.0478,684.1534,-423.57532,902.41,684.6435,66.09448,903.06256,682.8258,-370.64523,902.6702,679.06006,85.797104,1104.312,664.22394,-186.23169,1091.2513,647.07184,187.0174,881.0092,774.0096,-217.49359,903.37177,745.3758,290.44336,927.4556,984.75586,-45.249176,951.51227,935.5575,451.68912,962.6724,1019.75543,-26.511322,989.12604,965.96747,466.07373,836.9331,1026.5697,-75.12583,864.30634,992.255,432.91376
back_lift_row_start_14611.jpg,951.5592,282.7998,-139.57272,942.03906,255.87633,-109.63367,939.73584,254.63574,-109.53811,937.6975,253.37817,-109.66833,939.6771,257.29404,-186.11757,934.72656,256.0506,-186.22183,929.9122,254.88068,-186.39787,903.1151,251.62018,34.259476,893.6919,253.95474,-304.08826,932.41064,299.461,-79.811806,927.73535,299.74097,-178.08575,852.9503,356.87988,253.6068,823.14465,362.48035,-478.49762,912.32306,512.506,326.27798,879.3259,537.8685,-557.5415,1005.4548,620.0737,192.53868,988.13165,655.0783,-427.03326,1032.449,647.38995,193.98189,1009.4767,684.4967,-485.12982,1035.893,644.5175,134.81885,1023.4891,673.18506,-464.83618,1021.4017,640.1898,160.88641,1014.7458,665.7321,-417.28815,807.4374,633.4527,235.95508,775.1275,665.2926,-234.73506,1039.8987,669.6926,344.04813,1065.0969,713.9021,-297.91077,966.3969,872.36707,547.58704,1009.2136,923.1271,73.23732,932.34076,895.23584,560.5213,972.0259,944.4143,116.5917,1009.4845,943.1911,573.26245,1075.8218,986.6504,157.86017
back_lift_row_start_14611_flipped.jpg,970.81,272.52957,-235.59569,982.61194,251.64977,-278.92322,986.0967,250.20633,-278.93008,989.7385,248.59465,-278.84805,982.4589,253.73831,-213.06714,984.6858,254.08586,-213.1406,986.87006,254.61543,-213.0338,1020.87836,252.50949,-383.9875,1017.8281,260.49854,-84.07431,989.7001,292.0522,-270.1444,987.9862,294.69122,-183.33597,1095.2686,369.76965,-514.88416,1045.8737,379.24332,133.16182,1032.9072,559.9899,-571.7209,1003.1835,533.4947,203.59781,913.66565,663.2315,-472.89957,907.5148,627.50415,116.908035,888.20807,690.9747,-547.8873,882.1518,651.66595,123.1561,877.9033,674.7913,-540.2121,875.1993,639.9552,73.87874,890.41925,667.22235,-470.20837,884.3841,633.6686,91.061066,1143.3406,660.74945,-205.35501,1100.3715,633.6319,206.16318,881.98,744.55383,-283.17755,885.3511,710.0647,334.54327,953.3777,954.163,-17.448526,920.579,905.78894,452.53992,988.415,989.62286,6.079196,950.2882,937.30383,461.78384,857.4367,1000.68604,-56.132202,837.97986,958.64844,432.27716
back_lift_row_start_16224.jpg,959.0777,289.3978,-131.21375,950.5032,262.31964,-104.328354,947.6617,260.8223,-104.24768,945.0554,259.32095,-104.42533,949.5771,263.89,-180.66551,945.1879,262.48193,-180.75604,940.9166,261.14108,-180.89226,909.17944,254.83269,28.35622,904.744,257.33716,-309.1402,937.1831,304.44992,-75.10429,934.9053,304.92422,-173.04295,847.7931,354.12195,237.4999,834.03937,364.3847,-475.567,905.029,517.73175,298.19635,892.1347,545.46375,-545.0259,988.88776,632.28436,166.60912,992.62103,666.89575,-377.86646,1012.6555,658.36,164.53275,1014.1724,695.0377,-429.94513,1016.37714,655.63403,112.20827,1025.9269,684.28754,-408.3305,1003.5238,650.68964,137.35188,1016.953,677.20953,-367.3339,799.7627,641.0576,229.81725,776.7243,673.6379,-228.57253,1025.5024,667.2003,362.0317,1065.3176,709.862,-287.03656,945.4188,875.7362,545.9342,1004.1853,931.9648,45.25226,912.11426,899.6321,555.07117,966.65656,955.89417,83.41613,981.86145,942.7855,567.2547,1069.9465,992.2488,120.75541
back_lift_row_start_16224_flipped.jpg,966.5242,278.83032,-225.06902,978.23926,257.70145,-270.29962,981.7092,256.13736,-270.31723,985.34064,254.412,-270.24515,978.32117,259.86115,-205.13857,980.7232,260.13763,-205.204,983.0752,260.58713,-205.09558,1017.16504,257.44083,-376.35645,1014.883,265.47446,-80.349785,985.96594,297.79852,-259.7985,984.61145,300.44983,-174.24828,1094.2039,372.5064,-507.27322,1045.811,383.70303,129.94406,1036.3309,566.06104,-559.5159,1007.85095,539.7847,183.88385,919.90717,674.8507,-458.8695,916.4747,635.2365,103.8329,894.8103,704.7578,-531.48303,892.25305,659.6305,112.518394,885.00305,688.392,-525.44305,884.63635,648.6851,67.33229,897.52454,679.78265,-456.95255,893.1631,641.7,79.55695,1144.5367,665.21594,-200.24083,1102.0104,637.9337,201.06128,881.8711,747.1667,-276.95035,885.2382,706.99274,329.58075,942.97076,960.885,-37.542656,918.3971,907.16675,428.48254,976.29834,997.2317,-16.382067,947.9261,939.7072,436.01007,844.7104,1006.49023,-80.4885,833.90393,959.78326,406.3522
back_lift_row_start_18097.jpg,961.2931,289.5505,-190.05424,953.6677,263.4565,-161.65291,951.05066,262.44498,-161.54498,948.6884,261.41516,-161.70929,952.4547,264.24393,-237.85185,947.9776,262.70078,-237.94612,943.6317,261.24045,-238.07008,913.8428,259.10693,-21.955418,908.2121,258.45593,-360.57806,940.1913,306.1295,-131.50667,937.3815,305.50952,-229.55421,854.98914,354.53052,204.48436,836.8779,366.59216,-530.48145,928.56323,512.2083,271.6151,907.80115,538.0223,-609.2846,1027.6573,628.6598,149.74617,1019.625,660.6017,-462.57202,1056.2817,653.1953,154.5859,1042.9779,689.5166,-527.9737,1059.5852,651.6875,92.05928,1057.8013,677.1374,-503.94098,1044.7485,649.2472,117.62317,1047.266,670.93787,-452.31485,801.4302,630.66785,236.24835,773.8208,668.2225,-235.0249,1028.9414,660.6249,407.7575,1061.4583,717.0509,-300.1049,962.52045,861.4275,638.08264,998.1963,935.07324,39.25948,932.11444,885.9142,652.5205,961.2719,959.7531,77.2101,1000.6939,922.99164,674.00195,1066.1255,989.8913,106.61855
back_lift_row_start_18097_flipped.jpg,963.41284,280.49448,-199.02562,972.7177,258.56522,-238.7083,976.06006,256.83914,-238.71123,979.59265,254.93881,-238.6544,972.2352,260.57782,-175.32257,974.1836,260.50012,-175.3457,976.1048,260.62473,-175.26976,1010.1536,255.92223,-331.44183,1005.9319,263.3332,-42.581013,983.6546,298.6457,-229.41699,981.5893,301.02124,-145.86421,1088.5023,360.99622,-478.65994,1040.0889,381.41867,178.9036,1014.87054,548.213,-546.5071,990.78015,537.44464,242.63705,884.8797,655.1895,-432.49475,893.1176,627.87354,138.76706,855.5871,684.60913,-499.24307,868.72186,649.91345,141.20558,844.87665,669.17206,-489.63834,859.7747,637.54456,91.79625,858.738,662.2963,-426.81693,869.0673,632.11304,112.79504,1141.5208,661.0856,-205.34201,1099.2229,641.6954,206.11,878.86127,723.81995,-279.40753,886.9182,702.348,305.88638,941.9306,946.9433,-20.1398,926.97614,903.87067,435.34586,977.99536,982.23517,6.1876645,959.37146,933.3843,445.66742,851.1709,1005.2633,-40.64343,851.0541,970.01074,420.69632
back_lift_row_start_18137.jpg,947.5533,295.77908,-145.62498,942.4197,268.21506,-122.32075,939.6999,266.2477,-122.27351,937.2456,264.27234,-122.41961,941.7565,270.51077,-194.37436,937.88983,268.9845,-194.43283,934.1358,267.50595,-194.60704,903.912,256.10046,0.015551697,900.8766,260.03333,-318.83917,925.2497,308.12122,-93.09834,923.706,309.09265,-185.53828,835.13684,344.21283,214.42068,827.87695,361.71725,-484.54126,889.20636,513.17676,277.21103,875.6569,549.96796,-555.3464,971.2696,637.088,171.59995,979.0971,684.1283,-397.51663,994.5987,661.6268,174.65533,999.771,714.6364,-454.45447,1001.199,660.4317,121.81815,1014.2948,703.8697,-433.683,989.20386,656.3349,142.94106,1004.9287,695.9726,-388.05936,786.51074,634.1739,231.99747,768.35187,670.42584,-230.96286,1022.03955,662.67053,328.09756,1065.7554,703.31445,-287.90094,969.5258,883.1267,529.8958,1003.6988,945.2108,-6.494802,936.0832,912.332,543.0679,960.41956,973.44025,26.97437,1024.0869,953.5455,544.62,1079.7656,1018.6706,52.06319
back_lift_row_start_18137_flipped.jpg,972.19904,278.57956,-234.53029,980.74243,256.99515,-283.9296,983.8756,255.2644,-283.94104,987.19977,253.39874,-283.87686,981.3268,258.81888,-215.85506,983.9324,258.69513,-215.8628,986.544,258.72488,-215.6446,1017.54913,255.13762,-398.41736,1017.85913,262.0123,-85.15091,991.7229,296.2927,-271.53595,991.0862,298.7592,-181.07079,1092.0962,366.61472,-542.2875,1063.0105,372.10287,151.28365,1049.4519,561.41516,-596.1002,1035.8862,541.15784,205.6241,947.8706,674.13605,-500.36206,941.9527,637.7529,105.9224,926.93134,704.16797,-581.0503,919.43506,661.9144,115.71474,915.56116,689.6201,-569.4345,907.23566,652.4513,66.47182,928.0331,681.4776,-496.83994,914.32355,645.88885,79.82507,1136.595,664.55414,-217.72638,1106.0981,634.8906,218.68695,872.7433,749.6118,-280.42722,897.32916,709.6549,379.46655,944.57965,963.15826,-3.850967,940.17865,914.3698,515.9564,980.7723,997.6382,21.985647,972.4844,945.6848,527.86487,853.75903,1015.7108,-32.216576,862.08014,978.6053,502.49426
back_lift_row_start_2005.jpg,1128.8873,345.26788,93.14216,1121.7117,324.07977,96.66704,1117.8965,322.57095,96.86988,1114.2216,321.1565,96.667885,1126.7694,326.14215,38.096825,1125.7034,325.05066,38.0921,1124.6228,324.11148,38.23901,1088.6879,318.95822,126.616905,1104.1089,322.74677,-141.58336,1112.1553,358.22375,113.574776,1116.053,359.4455,36.77142,1011.6792,393.5179,312.89166,1078.971,416.76556,-324.10663,1078.9495,544.6908,499.48203,1149.4991,590.1508,-239.92818,1154.6426,633.30414,588.8001,1219.7222,659.6184,144.49693,1173.9724,651.3276,628.10376,1240.4397,673.6172,142.9705,1169.1855,645.7942,596.72095,1250.6216,665.33105,175.17061,1159.5918,642.84033,580.1184,1239.627,662.20996,167.24316,937.8547,639.94073,209.74039,971.59515,658.4636,-209.39635,1138.0471,639.14014,517.7516,1184.7887,678.7596,-123.64215,1131.021,822.52057,760.3976,1181.266,886.5398,43.606552,1104.6498,854.6009,787.85077,1151.2673,925.5389,63.221313,1195.7336,858.5774,885.97736,1282.622,923.77527,97.78342
back_lift_row_start_2005_flipped.jpg,799.63184,344.7345,142.47974,800.53107,322.68066,94.55523,801.5633,321.64423,94.52718,802.8191,320.43622,94.51793,804.38385,321.41757,148.04297,807.3094,319.98462,148.0319,810.4154,318.72,148.11949,822.2818,319.19504,-81.333176,833.2102,317.1253,164.0099,812.58154,359.3131,85.96104,814.6628,358.6999,157.31552,849.49207,407.05237,-259.41736,911.42523,396.01962,314.60406,781.4635,575.7851,-228.97467,827.3533,535.729,428.89893,697.2053,666.17633,16.732193,729.3259,638.5206,362.01718,676.4899,681.5461,-7.5085483,707.4836,652.1793,389.64328,675.6689,665.7894,26.23786,698.9061,647.2814,345.20248,686.5789,660.2986,36.750954,701.7858,646.355,342.10342,940.7857,656.3565,-206.88046,980.37244,642.0552,207.40965,713.49634,707.42993,-113.11516,791.3253,663.80597,442.7533,736.4892,894.86554,55.625862,778.0131,838.2708,709.8305,765.571,929.65436,73.30683,803.3996,867.8011,735.30884,659.8389,928.70276,63.461266,700.38007,885.0491,742.3391
back_lift_row_start_20984.jpg,985.341,313.74817,-217.96239,972.0869,289.56516,-193.35551,969.62634,288.25143,-193.3501,967.4116,286.94577,-193.54797,971.2399,292.17422,-263.8001,967.1131,292.0903,-263.90192,963.0843,292.0244,-264.0576,934.01465,288.57162,-59.715588,930.559,295.20285,-372.56934,968.0841,330.42862,-160.76921,965.78326,332.93082,-251.71313,877.5654,391.80945,154.98044,884.9213,402.64542,-495.50098,921.8196,551.3482,207.91818,934.5984,590.66675,-541.8837,988.83966,668.0202,81.34754,1022.3211,701.9543,-425.112,1008.2768,692.23047,81.82523,1040.623,726.4083,-480.63422,1013.084,693.84033,29.763613,1050.2253,716.09985,-466.6781,1001.9581,688.74994,52.548466,1040.1959,711.1503,-418.04318,838.6668,656.70557,213.54955,831.65894,686.87085,-212.49832,1044.1123,706.09344,393.5327,1081.324,764.22076,-240.45557,982.4612,879.17694,579.35895,1014.9319,967.2415,-23.59696,949.523,906.19763,592.2695,974.4595,997.64105,-0.57190824,1040.62,923.7281,608.85205,1087.3032,1012.0749,-11.09893
back_lift_row_start_20984_flipped.jpg,942.0168,307.61542,-156.95111,952.3219,287.9108,-195.92569,955.28436,286.84125,-195.8804,958.52905,285.62686,-195.70947,953.3193,288.6962,-134.80511,956.4512,288.44247,-134.76402,959.63025,288.36282,-134.71751,990.0744,290.4121,-280.6782,991.71515,294.07614,2.1934476,960.7879,327.33475,-184.27014,960.7459,328.45523,-102.921486,1047.0565,403.08524,-422.40814,1049.645,417.85178,194.20804,992.6334,563.4261,-479.3584,999.152,556.6387,216.87823,891.8268,687.1596,-367.97662,925.1881,680.26294,118.01386,874.43353,693.11115,-433.94257,918.0217,692.4128,118.486755,874.96,684.4116,-405.04416,912.3923,687.8755,66.47906,883.49634,683.8927,-356.46503,910.5909,682.93933,91.271935,1102.6251,673.4137,-198.27904,1098.6232,661.1549,199.16798,872.85394,766.09485,-227.25258,908.7648,745.8114,355.69635,915.5765,982.19385,-51.52707,947.3903,941.7312,538.3436,951.4382,1018.8126,-29.754683,986.12964,975.641,556.59375,826.6318,1019.2562,-59.135548,852.3418,993.2981,527.5286
back_lift_row_start_21498.jpg,1132.4832,366.8894,24.056095,1126.5529,346.3788,45.322662,1123.8143,344.9916,45.41558,1121.2717,343.64612,45.299225,1127.7107,347.29504,-18.106655,1125.1632,345.6501,-18.040104,1122.679,344.11353,-18.024143,1093.5925,338.6917,132.39656,1096.3439,339.3935,-153.50421,1114.4502,378.14127,62.782238,1114.3259,378.35184,-19.397842,1022.73914,406.06744,304.9853,1056.333,422.46677,-315.12476,1099.3832,558.78094,404.79675,1125.9222,591.1209,-310.68686,1188.999,649.9409,330.25732,1210.4553,647.9996,-16.574415,1213.1053,667.0409,346.38553,1234.1025,658.65576,-35.239532,1212.2566,659.0765,301.87598,1239.6144,646.0825,-5.3593864,1199.9741,656.84406,311.20493,1228.2958,644.93536,2.2868783,940.8694,640.7676,201.57925,956.9663,659.0951,-200.97606,1127.2067,659.6109,373.26343,1192.0834,652.8465,-170.21353,1115.9447,827.404,595.56744,1192.625,857.2132,12.551098,1089.2203,856.5791,619.7319,1163.3562,894.52423,32.898815,1182.1249,870.3907,666.4152,1290.2188,902.5682,46.026524
back_lift_row_start_21498_flipped.jpg,797.39154,363.154,178.9332,799.2576,340.8969,133.93823,801.0125,338.96484,133.9285,802.9327,336.85022,133.98868,801.6427,341.55188,197.9158,804.26495,340.8102,197.87111,807.06885,340.22772,197.82826,825.19464,332.84573,-50.59139,830.74036,338.28995,240.62064,812.8,374.61157,116.641266,813.1486,376.87582,201.21318,860.36066,408.88538,-250.58012,902.8141,413.10223,390.13654,795.52277,569.0803,-259.6733,822.89996,546.41504,523.0239,705.5398,660.19037,-54.590797,725.5727,639.7582,445.45682,685.19403,673.81036,-84.053024,706.4457,648.37976,480.79913,681.92426,659.5168,-36.42133,694.12836,645.24005,425.75848,691.0082,654.2936,-28.169458,696.95483,645.79584,422.33948,946.7191,647.489,-227.64917,975.1891,644.0813,228.07242,724.10474,710.22095,-135.06575,784.4544,675.5076,381.6401,730.3873,884.2776,62.74927,778.25366,849.0939,625.9005,758.3146,915.3343,83.25993,807.49677,874.36774,645.9992,657.44476,920.07526,51.77312,706.6061,905.66846,627.5974
back_lift_row_start_21508.jpg,983.028,291.46368,-133.54744,972.76245,265.98413,-102.765724,969.9553,265.26602,-102.706635,967.439,264.5465,-102.821,971.96857,266.42203,-181.37112,967.5573,264.94913,-181.45598,963.2799,263.5553,-181.61339,932.0392,263.41357,46.879585,927.1652,262.4002,-302.26465,962.46326,308.45312,-71.70705,959.7106,307.6511,-172.8763,874.2221,369.93915,264.41467,854.1641,365.09186,-485.1495,925.7493,527.91235,316.17358,902.0015,542.46533,-585.0575,1013.4443,636.65765,170.351,1001.8609,668.5664,-459.35437,1037.7477,660.3306,174.0125,1020.44727,697.16113,-525.5671,1041.845,655.8637,111.76679,1035.2771,688.228,-500.59827,1029.1694,651.73126,136.88786,1026.4136,681.7311,-448.6677,804.00323,637.4668,239.9562,776.9792,664.39197,-238.70425,1037.5452,670.16956,348.6615,1065.7542,704.8133,-311.11655,987.7686,874.27264,559.87103,998.2336,923.8612,3.6058679,954.0505,899.7639,574.5349,957.87225,947.37756,40.540123,1044.8033,943.92487,580.81006,1066.4695,993.14435,69.36196
back_lift_row_start_21508_flipped.jpg,941.98206,282.42435,-220.15738,953.3904,260.63065,-263.03394,956.8918,259.21774,-263.06534,960.54254,257.6268,-263.02396,953.32886,262.0708,-197.18542,955.6922,261.94412,-197.25737,958.0087,262.01312,-197.1441,992.2959,260.57114,-367.32062,989.60724,266.22775,-67.98115,962.07104,301.71317,-255.28699,960.25085,303.46558,-168.79544,1072.9884,374.44522,-512.2325,1020.53534,387.97946,144.5285,1020.5327,570.1532,-574.9955,993.93896,545.42896,205.7872,900.08057,675.985,-508.2989,903.6989,637.58606,118.4302,874.3723,706.59735,-587.7448,881.14014,661.9237,125.67537,862.62646,689.1853,-582.1876,871.98566,650.89923,79.78262,875.69226,680.7956,-506.39774,880.8935,644.12823,94.280334,1134.2418,658.742,-205.2909,1086.4546,635.64734,206.14389,880.30273,746.1282,-302.06244,869.75964,704.9845,334.756,949.04395,958.5154,-36.763477,911.3384,906.4995,414.8155,982.2703,995.32477,-13.7854595,939.40466,939.694,420.46487,849.42163,1006.00104,-85.45819,828.8651,957.81244,386.01187
back_lift_row_start_23577.jpg,1143.9963,360.7659,106.62759,1137.9628,339.21146,113.85521,1134.2203,337.31705,114.02174,1130.6575,335.4994,113.85455,1143.1571,341.43768,54.71689,1142.4436,340.20142,54.787987,1141.7124,339.10312,54.90793,1106.255,331.6168,146.9097,1121.9813,336.4869,-121.63394,1127.1827,372.32727,127.16111,1131.0032,373.8009,50.23069,1028.9686,399.58,318.933,1098.5643,425.13904,-315.7869,1089.8157,551.3051,495.99683,1159.6198,591.1522,-267.1055,1161.9928,630.64386,531.89453,1224.7163,659.244,74.983536,1179.174,648.8842,563.6683,1242.8096,674.97754,64.877106,1175.7448,638.8333,527.6896,1253.3998,667.45264,99.0129,1167.5114,635.93506,520.5913,1242.1965,663.6459,97.39642,942.4737,637.5635,206.58849,977.7714,659.5971,-206.1805,1141.5857,630.64594,482.10364,1195.4325,661.8424,-129.15515,1144.2206,818.0385,688.83295,1195.614,863.7138,49.039795,1117.9261,851.8735,711.6332,1166.8955,902.7468,68.15205,1220.4614,857.29175,776.0857,1297.893,902.0511,83.98769
back_lift_row_start_23577_flipped.jpg,780.4747,359.07974,192.91386,779.70966,337.5263,145.94661,780.51465,336.3474,145.88458,781.52435,334.96606,145.84354,783.6201,336.07047,201.52882,786.4869,334.41364,201.48741,789.5503,332.91916,201.49942,800.3461,331.75842,-40.67896,811.6898,329.24368,212.76501,794.068,372.11234,130.91957,796.46747,371.44327,204.71594,831.6884,412.85016,-241.11237,891.0049,400.3152,356.0921,767.4623,587.21747,-209.15228,806.48285,543.2917,462.06732,689.28,678.8208,61.315125,708.5482,650.84784,388.79913,669.5906,695.53015,45.87678,685.12634,665.6916,419.0613,666.8693,680.9687,81.7398,676.7188,662.47046,374.70688,677.793,674.81213,83.5163,681.3759,662.30035,368.79922,941.7978,658.2931,-216.11221,979.65137,645.7486,216.57565,710.1853,712.6137,-121.15963,786.54205,670.6165,431.61282,741.6573,910.13275,40.61876,782.84247,855.3647,683.9981,773.8122,944.5011,58.45402,809.9987,884.05804,706.92236,668.06647,951.3541,51.297863,711.16833,909.1521,710.2892
back_lift_row_start_24119.jpg,995.6237,341.59982,-168.17111,987.755,315.51648,-144.38702,985.1336,313.40372,-144.28877,982.72107,311.32266,-144.467,986.7003,318.4477,-212.23924,982.76965,317.78595,-212.24112,978.9212,317.1933,-212.26869,949.31683,305.85837,-13.857705,945.36255,313.26785,-319.85294,974.99963,354.75217,-110.922714,973.2811,357.50323,-199.17717,868.43695,396.91266,203.3061,893.02747,411.56567,-432.6043,913.37897,560.3947,254.78152,951.7378,586.50586,-423.32352,979.01685,672.7097,121.78386,1017.3583,702.02655,-151.72443,995.91833,693.16797,121.47337,1030.6266,725.61914,-188.71692,1001.89166,692.16144,75.965,1040.6517,719.42053,-171.2478,993.27966,688.7165,96.19267,1032.681,714.427,-139.29147,813.4275,666.6909,218.57576,815.4181,697.4104,-217.7329,1006.11926,711.37506,494.07956,1060.8726,752.38275,-267.76334,965.6648,884.4753,777.6631,999.3091,973.84143,-7.919645,935.1874,915.00244,797.0321,961.30975,1007.16736,19.286142,1029.1073,920.35583,827.89014,1071.1302,1014.1928,24.588305
back_lift_row_start_24119_flipped.jpg,931.42175,335.89673,19.507454,936.1703,313.1466,-22.646742,938.8866,311.22623,-22.580143,941.83215,309.1973,-22.476646,936.8754,314.58627,38.43519,939.16,314.18387,38.480305,941.69824,313.90173,38.537853,967.6237,308.4008,-151.06886,969.6549,313.8806,130.69339,950.37036,350.97675,-19.490883,948.7178,353.45053,62.22625,1005.2783,408.39896,-293.06927,1068.2377,400.42834,288.07748,966.18384,594.6087,-268.02377,1020.2456,553.8889,347.41434,902.9938,687.41064,-20.728281,930.37445,664.5735,247.85602,886.54565,706.9382,-49.10782,910.895,687.7855,265.65665,885.6403,691.3873,-24.257622,904.3045,680.13446,229.47557,897.81165,685.36,-5.1218753,906.8027,675.3563,229.63322,1099.4672,680.6705,-201.59895,1134.8444,661.37415,202.51892,876.33704,749.6719,-146.80284,928.3816,711.16077,353.7522,913.3235,978.95905,22.17105,944.65094,916.9912,563.9498,948.42,1017.2975,40.636333,977.45544,949.7484,584.3029,821.7292,1021.7127,42.734158,861.78735,965.37177,604.1416
back_lift_row_start_25838.jpg,981.8488,333.93887,-201.5048,975.89746,309.70325,-178.24556,974.1377,308.09274,-178.20134,972.5919,306.50162,-178.38557,974.3557,311.60446,-241.52913,970.66785,310.51694,-241.54538,967.0727,309.47156,-241.66966,943.3461,301.99884,-48.746426,937.4416,305.82184,-332.08856,963.9941,346.6606,-144.93103,960.9368,347.82733,-226.99205,874.7662,386.71942,164.36032,887.6748,398.05365,-454.87872,922.9592,543.3865,219.11122,936.8076,570.21606,-513.72516,990.3474,667.7338,104.86689,1017.7984,685.9717,-361.85278,1008.095,693.1187,105.8609,1033.4841,709.97,-407.90768,1012.3431,693.5499,57.836235,1045.2404,702.3618,-388.19974,1002.1587,687.8277,78.87421,1036.2549,697.4876,-351.24823,831.6766,652.05945,207.93028,827.91516,681.9604,-206.78607,1011.54736,711.3136,398.99634,1058.2058,765.5066,-203.38869,976.1881,886.59644,666.36224,1006.35614,969.97205,11.553938,943.2445,919.2066,688.4954,965.85834,1003.19916,31.751053,1050.8889,930.58167,694.2494,1089.0134,1018.6179,0.7069708
back_lift_row_start_25838_flipped.jpg,939.1535,331.6593,-49.63249,945.98206,308.371,-88.45896,948.926,306.40363,-88.40502,952.0587,304.30478,-88.221634,945.87616,310.42606,-27.006298,947.6359,310.35403,-26.918205,949.5949,310.38748,-26.807238,976.52814,304.6467,-194.42749,976.558,311.9391,87.064896,956.50183,347.38632,-80.66743,953.6772,350.30115,0.67773277,1007.72046,406.854,-333.2561,1057.045,405.15958,279.3614,967.4036,592.8008,-348.77576,1004.50903,562.94727,353.07407,895.68585,700.294,-164.38162,914.1489,672.48224,264.62875,879.2542,724.2739,-203.40323,893.8267,697.511,283.00073,876.56,711.5986,-183.35114,884.7435,688.3716,243.2706,889.53534,704.6535,-151.43665,885.587,683.4949,245.3657,1085.5939,680.6544,-210.63463,1111.8995,658.8592,211.5936,866.22205,755.6886,-210.54922,898.3583,699.9599,361.9156,925.4061,986.9401,-78.73289,931.7689,898.3463,515.64386,964.83594,1026.059,-64.36524,968.60925,929.28864,530.2252,831.19543,1029.689,-84.62131,848.5379,943.5961,544.63007
back_lift_row_start_28338.jpg,1001.54047,324.83493,-172.1353,990.5969,301.3912,-148.01726,987.7733,300.3315,-147.92818,985.21765,299.32108,-148.0645,990.5475,302.9702,-218.66713,986.8515,302.08963,-218.68015,983.20703,301.24255,-218.67172,951.8976,298.5297,-14.406324,950.76917,300.8249,-329.11957,982.8905,339.14346,-114.37783,981.049,339.85165,-205.51698,880.32623,391.28268,193.75026,899.7904,398.88617,-457.1277,908.2562,546.79834,229.16536,929.72754,578.68024,-490.56598,965.8913,661.69794,102.06822,986.9174,698.69934,-281.9235,980.08813,683.8681,102.33658,997.43854,722.2183,-325.90854,986.93335,684.36554,56.407375,1007.0476,717.08997,-304.08627,978.3801,678.2588,75.609604,1000.3138,711.37146,-269.5997,809.5497,644.2085,213.30905,813.3104,665.82794,-212.32373,990.822,744.5108,369.60434,1038.2803,755.18286,-160.49582,981.48535,910.47754,667.8035,1026.2637,960.5818,70.18559,953.8869,937.1901,693.365,994.0162,992.361,93.335754,1055.6494,957.0152,685.0705,1109.2599,1010.6044,50.406055
back_lift_row_start_28338_flipped.jpg,927.474,317.1165,-136.302,940.9683,295.4267,-182.02856,945.2405,294.21527,-181.95695,949.66974,292.87204,-181.75908,939.38043,296.3443,-113.665016,941.1903,296.1035,-113.68872,943.10614,295.99466,-113.64092,983.41486,298.0486,-286.50662,975.8572,301.61816,24.424194,949.34717,337.94586,-167.93915,944.60974,339.26404,-78.14041,1050.502,411.7042,-412.03494,1036.804,417.79474,230.62946,1023.66077,598.26666,-426.64697,1013.68884,577.70856,279.02676,937.62164,696.93225,-231.20488,942.3254,687.69885,170.4381,919.11475,726.53827,-283.21838,922.8525,720.4825,175.70792,909.2319,711.0878,-271.6144,918.58594,708.51825,137.5333,921.7157,702.2701,-223.71948,922.96704,698.73083,148.23608,1130.9413,679.1114,-208.74908,1114.4542,659.2826,209.67119,897.8942,741.61993,-254.9027,910.587,733.925,320.98193,948.4218,968.7333,-36.95137,938.0016,919.258,515.6016,985.0725,1007.95465,-16.655176,969.9672,945.855,533.13306,846.5337,1019.07367,-58.514004,861.10425,979.29254,530.1126
back_lift_row_start_33393.jpg,1158.9598,366.2924,-29.986755,1154.73,346.30322,-7.3067417,1152.5588,345.02173,-7.244884,1150.6083,343.8016,-7.3310943,1154.4651,347.26248,-68.78776,1151.5394,345.7272,-68.662025,1148.6776,344.31686,-68.60335,1124.5105,340.3478,95.44856,1123.133,341.05087,-182.31918,1141.9506,378.47952,13.349009,1140.0691,378.53516,-65.95909,1054.2196,407.08362,272.9259,1078.9663,429.22775,-347.88782,1124.6863,560.6268,328.87784,1138.8784,601.8164,-352.44495,1207.831,656.8651,200.19139,1216.0901,661.717,-58.520523,1229.7698,676.59546,210.90556,1238.9847,674.2658,-78.69449,1227.9874,667.01685,163.84993,1244.0891,661.473,-45.633327,1217.005,664.10876,180.1679,1232.6255,660.2034,-38.515488,954.7318,630.54584,203.64032,963.3482,653.947,-203.10614,1155.0243,628.91296,410.68192,1197.4047,655.11554,-199.41664,1146.4207,808.74915,640.7558,1194.72,862.6416,-29.764431,1118.2577,840.8228,664.21747,1164.9302,900.9944,-12.7892685,1220.0377,852.29663,694.9559,1291.4258,906.4959,-23.768389
back_lift_row_start_33393_flipped.jpg,764.75543,361.18512,143.8578,767.273,338.87183,97.00437,769.31525,337.01437,96.98106,771.52167,334.9788,96.95454,769.00946,339.50546,165.67441,771.5064,338.81183,165.56912,774.2408,338.24707,165.47842,794.7029,330.74463,-76.80851,798.2641,335.88593,234.0644,780.8737,373.50107,85.60619,780.98785,375.32352,175.81976,838.60736,413.84418,-263.10675,870.7704,412.9071,400.52283,777.1932,589.95984,-219.02646,799.85956,556.27386,516.833,698.3528,665.42847,88.65462,713.9741,652.28973,408.59708,678.12244,678.2808,68.048065,693.7698,666.20325,439.91306,674.5997,660.15076,105.888535,686.02527,660.4605,387.58163,684.8284,655.43634,112.324715,690.1502,659.3197,384.69843,948.1382,649.2767,-225.71892,967.78015,638.585,226.1428,721.6693,704.77185,-140.18466,778.257,672.5222,358.00854,735.7611,888.25684,70.11763,776.33374,854.8686,574.4404,764.2326,921.681,90.56121,803.1178,882.9091,592.21045,654.9114,928.7359,58.21057,702.0621,912.46,571.08325
back_lift_row_start_4180.jpg,970.655,305.68756,-190.45349,958.2218,281.24802,-168.49844,955.40967,279.6435,-168.469,952.82605,278.0575,-168.68927,958.24225,284.38058,-235.39915,954.49384,284.3687,-235.52238,950.82587,284.37067,-235.64503,920.0462,279.24625,-52.01589,919.23364,287.1506,-347.05954,953.1356,321.78854,-139.31004,951.8823,324.71097,-225.04784,865.94183,380.0438,144.222,876.9512,397.82474,-464.80527,922.1738,541.60925,195.2446,934.00995,585.1294,-497.03546,989.545,666.63586,84.22212,1023.56104,695.9602,-367.24478,1007.38666,691.66876,83.84909,1044.7683,719.23456,-417.0722,1011.95825,694.01904,36.563614,1052.1193,707.9697,-402.95602,1001.4221,688.9202,58.139088,1042.0852,703.1378,-360.1328,840.14703,647.49835,197.87515,836.6642,680.0555,-196.79561,1028.2244,708.4577,383.71548,1075.308,765.27344,-185.03435,963.9387,875.04236,592.91626,1016.4601,953.74866,86.61343,934.2888,899.20935,608.58716,980.40436,981.73663,116.12545,1007.2624,919.6918,626.61475,1079.9268,992.0927,116.81792
back_lift_row_start_4180_flipped.jpg,957.3227,300.407,-111.4455,968.83813,280.1586,-148.873,971.79865,279.59937,-148.79176,974.9984,278.90387,-148.65692,969.4567,279.90005,-90.64838,972.0338,279.3754,-90.595726,974.7107,279.00766,-90.48759,1003.87427,285.30627,-236.2362,1004.4509,285.1128,30.125298,973.6741,321.9248,-137.0134,972.50494,321.6646,-60.386246,1039.4614,404.0912,-367.54977,1065.6936,402.63577,221.30966,982.638,575.50543,-395.71713,1009.829,548.4857,263.43152,888.333,685.3518,-224.94608,924.6062,666.1468,152.05702,869.05255,695.56,-267.3966,910.61676,681.00476,151.4961,872.01587,682.8284,-244.93074,905.2411,674.9164,107.485855,882.8128,680.83167,-212.45284,905.4635,671.1723,128.74753,1096.181,672.7946,-193.98253,1108.4603,651.80054,194.87604,881.3209,764.108,-207.76736,915.26953,744.52216,347.67618,915.3836,985.07544,-55.329475,953.33655,929.4287,525.63513,950.4099,1021.1246,-35.97009,990.2171,957.4397,544.19855,820.8275,1024.5176,-52.5739,866.74854,982.15326,540.33075
back_lift_row_start_41913.jpg,970.7809,309.93607,-236.63576,957.4554,286.66263,-211.08386,955.1166,285.70917,-211.06958,953.03217,284.76816,-211.23332,956.7583,288.7488,-279.20038,952.6643,288.52524,-279.28867,948.6909,288.31427,-279.46704,920.2177,287.716,-73.38657,916.847,292.16452,-373.79303,954.60266,326.5148,-177.91797,951.5998,328.05353,-265.06577,870.2121,384.1958,131.9673,877.90436,402.09497,-490.40857,919.2419,543.09045,179.01993,924.9912,588.1645,-531.433,983.3909,669.37354,75.03019,1006.8147,708.0016,-421.2967,1000.4527,695.096,72.078926,1024.8132,734.49585,-477.8435,1003.32874,696.52673,24.246193,1034.7902,724.2179,-464.14175,992.7123,690.7575,48.669,1025.2913,717.9491,-415.23724,834.6831,643.50214,202.67836,830.41785,678.8824,-201.54321,1019.079,716.79517,346.37625,1075.2026,765.83044,-225.16446,952.0081,871.0816,573.8654,1000.4995,955.1039,44.197174,921.596,889.44147,594.01776,961.7976,979.00995,74.62933,995.1915,927.83026,615.832,1062.0062,1009.90875,73.76764
back_lift_row_start_41913_flipped.jpg,955.9506,307.16882,-155.05045,969.48987,285.6115,-196.06633,973.13257,285.02393,-196.0327,976.9067,284.29593,-195.83461,968.6078,285.22458,-134.16342,970.08704,284.62698,-134.08218,971.6882,284.15985,-134.0134,1004.3453,290.80518,-290.21405,999.8406,289.97028,-9.191307,972.81085,328.6031,-183.09785,968.07074,328.16852,-101.91463,1044.1299,412.24188,-416.14636,1044.6812,403.61276,198.40662,1003.7643,596.3338,-443.47363,993.13794,557.37195,257.45746,915.068,688.3359,-269.82828,915.4205,656.8451,151.15645,894.3493,713.2017,-318.04764,893.1878,684.22955,157.14299,886.50964,698.58014,-305.64264,890.59436,672.6909,122.24151,900.844,691.49994,-261.624,896.25964,665.85077,131.55574,1101.9619,680.8298,-204.386,1096.8633,653.7471,205.2969,858.4093,734.9771,-265.03638,873.81274,708.112,328.47543,920.0158,971.8356,-104.00334,933.1158,907.4061,424.68472,955.9361,1012.2556,-87.694,965.3129,932.46655,434.3732,822.2822,1015.31323,-109.98672,873.2926,960.05853,451.41882
back_lift_row_start_44546.jpg,1136.9186,342.94833,-53.914738,1129.369,322.98004,-40.64199,1126.0444,321.6887,-40.507736,1122.9153,320.50336,-40.60146,1132.2043,324.76187,-103.03931,1130.1663,323.83377,-102.95534,1128.2012,323.0609,-102.84675,1095.1895,319.21515,37.64055,1103.6536,322.63434,-245.31621,1119.2534,356.2825,-17.864069,1120.8685,357.12836,-98.803665,1028.7374,400.08725,233.71954,1062.8506,419.097,-408.7177,1113.6653,550.68695,313.01648,1139.6637,589.6288,-371.8165,1197.1742,646.2324,221.19699,1221.5236,657.5781,-43.304985,1217.8928,663.9706,232.1649,1245.6804,670.7958,-63.233772,1214.3229,656.7379,187.78651,1251.9454,660.54315,-27.17102,1204.0828,654.17126,202.5255,1240.2909,657.6075,-20.860697,949.3404,641.4473,207.93977,965.69366,660.5419,-207.5362,1131.8068,645.162,521.1343,1183.6663,674.8429,-161.4276,1108.0767,834.01733,790.1219,1170.5974,890.8989,-0.31468174,1080.5919,865.4723,819.5894,1137.5828,930.1553,16.635696,1166.1559,877.5407,895.4833,1272.0096,934.06995,21.427155
back_lift_row_start_44546_flipped.jpg,793.64636,341.2179,0.69834334,797.2749,319.14117,-43.181847,799.5402,317.93155,-43.20027,802.0367,316.58945,-43.255417,798.5282,317.7754,16.032093,800.90314,316.13855,16.05123,803.46796,314.66626,16.174353,825.0912,314.50293,-180.00374,827.5887,312.19922,90.760635,809.6062,356.67984,-42.45245,809.3021,355.80646,36.02499,860.17505,407.92786,-326.66388,901.9248,396.25146,277.48093,783.3962,584.71545,-303.07407,808.93567,539.60895,355.25275,698.9451,669.8057,-34.680073,714.13293,640.54755,218.70215,678.8434,681.883,-60.82703,695.16003,652.4095,232.28384,677.01666,665.36115,-26.101374,688.0884,647.0615,183.74782,688.9808,661.81433,-13.603899,691.2496,647.2013,194.30605,953.2288,663.17786,-200.96762,981.825,644.80023,201.55516,725.674,707.3364,-110.698135,800.3191,668.9848,445.16553,747.5417,893.6419,80.5654,794.0418,841.98816,706.3016,774.7989,927.29126,99.14121,819.8561,870.08734,731.08514,670.64087,931.7498,80.32625,721.2704,892.3275,729.55255
back_lift_row_start_44773.jpg,933.5483,294.782,-117.1211,932.3324,266.37823,-89.66967,929.78845,264.68396,-89.66901,927.49365,262.98947,-89.8466,931.69574,267.11484,-161.83455,927.96674,264.78973,-161.98924,924.3634,262.51825,-162.22261,896.61206,254.27116,30.491455,893.42413,253.4863,-288.28323,911.1279,307.8037,-66.80728,909.4739,306.71655,-159.5913,834.5593,347.94052,235.88094,808.32904,356.19138,-479.11057,890.8273,516.48804,288.47318,862.5302,547.5118,-563.4137,972.10236,635.95953,145.35294,967.5897,679.98926,-429.45486,996.92346,663.90894,139.801,989.9023,711.6522,-488.72766,1001.30585,662.09576,84.57904,1004.62134,701.3636,-470.3735,987.2118,656.6369,114.04614,996.0641,692.692,-421.65277,802.27515,642.8684,226.46,772.01587,677.47125,-225.18756,1024.2565,664.36975,341.30655,1070.5011,710.66077,-278.8012,952.8197,882.03754,542.716,1006.47205,928.48175,133.8502,923.7621,905.4768,554.93475,970.15295,948.55237,181.54987,983.23584,954.1504,559.3481,1062.3363,996.05695,239.54497
back_lift_row_start_44773_flipped.jpg,989.49896,282.01788,-256.39346,998.3503,261.2529,-300.91397,1001.58545,259.65637,-300.9443,1004.9714,257.9303,-300.9438,997.9252,262.9065,-236.78996,999.8307,262.8331,-236.79208,1001.7064,262.91217,-236.64285,1033.9081,258.98587,-405.0928,1030.8608,265.48038,-111.59569,1008.2721,298.52252,-289.5252,1006.3273,300.8503,-204.8925,1107.299,370.15082,-539.0779,1068.4698,364.7303,110.18892,1056.7161,563.973,-588.40656,1035.2858,523.5514,173.40587,948.90735,676.38214,-491.66995,950.30273,631.7836,82.84538,925.7095,707.4495,-565.5815,927.04376,659.8831,88.246216,915.57825,690.96106,-559.50964,918.9672,650.31573,42.20708,927.8822,681.9791,-489.914,926.5356,642.6271,58.69972,1140.8234,655.4718,-206.02347,1106.0817,619.35095,206.87924,880.92316,754.2932,-264.02087,892.58746,701.9223,355.4673,947.2755,948.80396,12.21554,929.1043,889.0337,496.96793,982.21136,978.32654,39.603287,960.4153,917.5247,509.55002,860.1335,1003.4032,-5.280479,848.9235,949.4809,486.26062
back_lift_row_start_49746.jpg,938.364,295.19766,-135.58572,934.8111,267.4288,-110.30972,932.1975,265.55255,-110.29984,929.8347,263.6625,-110.46272,934.0997,269.33267,-182.99141,930.13904,267.5702,-183.10696,926.3111,265.8595,-183.35605,897.1935,255.7202,7.863197,893.3044,258.17502,-312.5391,915.7112,308.04434,-85.536064,913.96747,308.38385,-178.57841,832.7056,345.6686,207.70203,815.2952,360.66766,-491.35083,890.4177,512.2039,272.07394,870.62225,543.9287,-570.20245,971.1345,635.6878,167.4766,978.2173,676.1566,-423.71826,993.9144,659.6934,169.8731,1000.73065,705.52423,-482.32654,1000.4297,657.995,116.418976,1014.18744,693.90295,-461.4224,988.3351,653.9796,138.40941,1005.1988,686.3048,-414.71915,793.3031,634.1,223.8928,768.37646,672.60126,-222.73537,1017.94763,657.02155,330.2371,1064.4052,711.60425,-277.57703,941.15765,864.69714,531.74066,999.6896,938.73773,57.592735,910.5188,887.2931,545.34735,960.7285,961.1476,97.45308,971.93616,936.38855,557.5959,1060.4132,1009.44946,139.36398
back_lift_row_start_49746_flipped.jpg,984.6103,285.5864,-296.81372,993.0274,263.84122,-341.3254,996.43866,262.0755,-341.34402,999.99115,260.18695,-341.33356,992.4163,265.82916,-278.81766,994.1858,265.8068,-278.81842,995.901,265.9552,-278.65012,1029.1942,261.0271,-437.86868,1025.2308,268.529,-150.75584,1004.7535,302.10904,-327.52054,1002.047,304.83017,-244.66756,1104.095,370.9495,-567.1404,1061.2427,369.34354,69.80408,1052.4502,562.16406,-618.6392,1031.7073,528.8183,128.95602,945.0805,675.571,-525.81067,950.7287,638.0504,42.22199,922.7999,708.3987,-603.2651,929.9031,668.61273,46.829334,910.78986,692.8522,-598.3051,923.0788,659.01733,0.98134923,923.45074,683.8353,-524.71844,931.0088,650.07227,18.6044,1139.6919,656.61035,-201.78148,1101.1195,621.94977,202.54977,886.83563,743.59625,-259.70526,887.01,686.2484,373.18546,946.0962,948.83856,-17.74557,934.3721,879.97363,508.33517,979.88904,981.90063,4.330207,965.8817,909.83856,520.3473,851.1541,1001.4674,-58.590633,854.6163,940.1871,499.59903
back_lift_row_start_5294.jpg,971.7303,342.9417,-264.08545,969.0834,318.60336,-237.31683,968.77966,317.44266,-237.22226,968.69226,316.29218,-237.35727,964.00507,318.7195,-296.28665,959.3534,316.94766,-296.27942,954.80084,315.22397,-296.35324,941.10956,310.13834,-82.6529,924.7377,309.02744,-348.4012,955.3731,355.5505,-198.72153,948.3575,354.82257,-275.49472,871.12317,387.7683,144.1566,872.2071,399.27487,-458.3869,927.6613,539.79456,188.47711,935.5505,568.39514,-515.0655,996.5837,665.02905,53.868572,1016.8317,684.1641,-363.48212,1016.7976,692.73584,47.289192,1033.418,710.3686,-414.52853,1016.0646,693.98456,-2.0282533,1044.2738,702.3438,-398.61725,1005.02814,688.5321,27.605154,1033.9698,697.15344,-354.6295,828.1584,652.3534,207.89133,816.9628,685.8037,-206.84393,1022.2093,709.3093,386.20026,1064.8848,761.41705,-248.59311,973.2341,886.21326,626.03815,1011.25543,968.40234,-42.888023,941.5517,917.14667,642.1716,972.62933,1001.58307,-23.95609,1036.5554,925.3245,655.04254,1095.2197,1005.56067,-46.508625
back_lift_row_start_5294_flipped.jpg,944.15015,334.96402,-76.81442,950.8623,311.8602,-123.06573,953.7658,310.1522,-122.99678,956.8611,308.317,-122.82626,951.9237,312.50665,-55.323647,954.5175,311.6761,-55.309048,957.26447,310.9631,-55.18921,984.17126,306.13312,-247.6008,986.88196,309.21396,61.981617,962.9051,349.7835,-115.97685,962.4305,350.8992,-26.20748,1037.9989,401.5519,-385.76508,1056.2859,399.7485,251.34744,1002.7763,592.264,-428.9081,1012.16296,565.14075,299.99374,922.2862,705.6143,-273.04684,923.3052,678.48193,200.46039,903.82745,732.9101,-325.0673,901.0287,704.78723,213.2432,897.7857,721.094,-305.59915,893.60406,697.24927,173.91356,911.0436,713.92834,-262.62775,898.3919,690.9336,179.22594,1107.4625,677.3694,-210.18723,1112.5906,653.70575,211.10818,875.1265,734.0073,-232.26833,909.9242,705.9015,353.2452,936.1272,974.8044,-57.780903,935.48615,900.5735,534.7059,973.202,1014.1315,-41.860073,967.4686,926.2568,549.8299,842.1078,1032.1865,-82.09658,860.22974,968.9902,549.1797
back_lift_row_start_8064.jpg,1145.4202,355.29413,55.085693,1138.9889,334.1846,72.81334,1136.0068,333.05515,72.89601,1133.2086,331.98886,72.775116,1140.8899,334.67477,11.515464,1138.6992,333.03873,11.647569,1136.5571,331.52768,11.68169,1107.4161,329.63617,154.43127,1113.0852,328.84537,-123.47162,1128.9369,368.77963,91.89043,1129.5651,368.57065,12.358845,1040.3473,403.95374,328.5887,1085.2875,419.06885,-302.29684,1122.293,555.26025,402.45044,1153.3391,580.85034,-288.59586,1201.0536,648.7689,301.88678,1223.6494,652.44446,41.66669,1221.3783,665.4675,316.73584,1245.2883,662.86035,26.514664,1218.6273,655.8296,272.17645,1250.6956,653.8108,62.722492,1209.5751,653.64526,283.98343,1239.5165,653.2617,63.72579,944.4285,633.5471,207.98384,964.2653,654.44,-207.61087,1161.8744,623.11914,406.14163,1204.3585,655.1668,-184.08012,1144.0887,825.5207,618.1695,1190.027,872.52716,-1.4772954,1114.7332,858.7865,639.5873,1158.8042,909.7753,19.636644,1209.4355,876.12823,679.82587,1281.7334,919.8752,24.084473
back_lift_row_start_8064_flipped.jpg,777.0701,351.79886,109.5581,781.3743,329.52777,61.8237,783.3518,328.13126,61.804596,785.48535,326.55878,61.791973,783.8476,329.19473,124.15272,786.77185,328.1627,124.11431,789.9052,327.3149,124.21432,809.6727,325.48837,-102.33857,815.1942,327.1742,183.90355,792.8991,366.7761,55.313324,793.4943,367.31058,138.35684,843.71515,415.51926,-274.56537,887.0462,415.41028,356.79724,770.2418,577.18024,-236.8462,799.5569,549.51746,437.3476,686.2526,663.43616,22.46342,708.53973,649.2201,314.61066,665.66486,673.92255,-5.8598986,690.81964,657.2063,340.89893,663.26166,659.4874,37.997955,680.087,654.7327,288.56052,674.431,656.563,46.997963,681.38385,656.65906,289.81073,941.0161,649.8944,-219.9338,969.6621,641.33813,220.35693,722.9934,700.75165,-125.95559,794.95905,678.84155,438.06778,741.6615,889.0282,55.29332,791.7739,849.0883,707.00964,769.21313,926.18195,71.60969,816.20703,877.7212,733.2655,657.2066,923.2044,44.38504,718.7359,898.3122,736.6211
back_lift_row_start_9951.jpg,981.4737,317.21255,-186.88309,969.2428,291.8658,-163.83601,966.9397,290.59042,-163.78763,964.88696,289.34225,-163.92947,968.0573,293.92874,-233.34879,963.9521,293.4584,-233.32857,959.91656,293.02048,-233.42975,931.55115,289.64667,-27.39132,926.3429,294.29724,-340.12698,964.14514,333.27182,-127.28731,960.8638,335.06622,-217.68167,863.12305,391.1721,185.55615,891.00366,398.65054,-451.23953,900.07806,553.01794,242.27803,947.7784,575.5958,-429.21732,956.0381,667.4203,136.01106,1009.55084,686.1227,-144.47902,969.05145,690.4159,141.63123,1020.13367,707.78326,-173.41606,973.37634,689.5757,99.65675,1028.736,701.45575,-152.3946,965.73065,682.9591,113.21358,1021.3275,696.6751,-130.33638,819.79584,660.6836,218.53372,826.46484,685.464,-217.60904,1005.85095,741.3305,395.48953,1054.7189,771.66425,-199.7828,976.38403,927.07874,631.4919,1014.4426,972.3858,21.854279,943.2636,960.40924,651.0242,975.9622,1007.3535,44.660282,1054.2417,971.9046,659.0606,1095.2235,1013.7624,25.85533
back_lift_row_start_9951_flipped.jpg,946.0882,312.8675,-108.675934,955.64404,291.7721,-151.42598,958.77264,290.77335,-151.34865,962.0824,289.64224,-151.1669,955.6282,292.05414,-89.51643,957.50714,291.6491,-89.48242,959.531,291.347,-89.43176,988.64355,294.58084,-256.69885,987.32666,296.4205,25.405756,963.14233,332.59888,-139.93468,960.5144,333.28952,-58.514828,1027.8308,405.58325,-386.4781,1051.7421,400.70547,222.6025,992.6328,584.77325,-426.18802,1009.2428,556.7557,276.11365,916.8853,691.87463,-274.62018,931.69165,671.5274,185.76154,901.33026,714.67633,-328.7393,913.9902,697.2688,195.34117,896.07184,702.99976,-306.42157,908.4535,690.2891,152.03572,907.99536,696.97266,-264.32788,911.30023,683.8482,164.34137,1097.5876,672.687,-205.3733,1106.0856,648.0057,206.34415,870.8885,749.7016,-212.58789,895.72516,709.71564,336.8101,928.7605,969.14874,-23.117123,946.9621,893.39056,530.27905,967.6069,1003.2938,-2.2486444,985.3274,918.63116,548.5993,837.574,1021.027,-24.6608,873.18115,951.39996,558.7233
