back_lift_row_end_11987.jpg,898.2198,264.86243,-53.72958,886.7957,239.65195,-26.135557,884.21484,238.7789,-26.08297,881.81805,237.86229,-26.173666,886.25867,239.88634,-93.8617,882.38116,238.28464,-93.94551,878.5194,236.76547,-94.37272,847.66656,236.05179,97.881424,844.8019,234.98743,-197.16646,880.5611,280.57047,-2.1554482,876.97974,279.6724,-87.04696,788.7077,341.26123,262.8162,776.3503,338.7709,-313.68918,763.0961,495.1901,415.80478,678.3268,501.37457,-458.0617,845.17236,505.82416,476.61526,814.1794,502.33826,-410.4458,863.1792,509.249,499.8527,845.9634,505.05685,-434.82172,878.3078,493.54935,472.5428,858.1907,487.2086,-401.76913,869.76404,490.97443,463.3802,846.7034,486.52667,-390.1761,783.88635,640.88025,194.21875,777.9747,669.0489,-193.47359,978.98035,712.2058,239.49962,1025.5974,731.9296,-200.95706,951.5617,906.5063,392.26108,1004.22876,924.4082,39.145126,920.83856,936.7224,404.547,969.15125,951.0244,72.25473,1020.3101,962.31384,416.90674,1077.1299,981.12006,136.55219
back_lift_row_end_11987_flipped.jpg,1020.2932,254.81003,-145.89282,1032.5884,234.73006,-183.95854,1036.9795,233.2956,-183.89803,1041.3835,231.7557,-183.76097,1029.6318,237.01624,-124.03597,1031.0552,237.33868,-124.02998,1032.4749,237.75894,-124.30942,1075.0072,236.30359,-251.56165,1061.7157,243.98201,21.906637,1041.5773,272.49072,-165.71838,1035.6083,275.67548,-86.63106,1151.4325,351.36456,-321.43906,1100.2744,351.0517,213.50789,1265.9645,523.53424,-303.56876,1134.3044,498.59628,166.76639,1107.027,510.69116,16.935194,1062.6008,493.13165,-215.48334,1065.5198,519.5592,31.92826,1038.5,500.28558,-269.93115,1058.5367,476.2991,27.318804,1031.5316,478.22913,-281.93442,1079.2341,474.3959,30.404337,1041.6145,475.52896,-235.64833,1140.6533,652.94,-202.624,1099.2993,617.63837,203.05305,885.6956,741.76105,-310.52896,883.2844,669.43445,200.20842,939.14557,967.6544,-90.187874,918.11414,884.9423,271.6277,982.16895,991.8169,-57.032825,954.95197,915.69727,274.20972,855.66364,1044.5813,-18.828106,846.4547,955.2142,266.62012
back_lift_row_end_1593.jpg,1000.35333,342.70346,-13.145115,995.29474,318.69455,6.6615205,993.1732,317.76566,6.695131,991.15955,316.86826,6.7076926,996.12854,318.46518,-53.5496,993.6994,316.14554,-53.58227,991.2145,313.97946,-53.89668,964.25665,307.80267,100.08241,967.4562,303.72906,-170.35097,983.7458,353.29712,25.226965,982.8913,351.92062,-51.617165,896.70825,379.08228,239.13293,893.62494,384.6704,-286.8728,829.19244,491.21268,293.15775,771.1802,511.5365,-326.3715,916.0833,525.3312,329.8617,882.57684,537.88617,-81.2866,940.594,533.8199,346.83563,911.67487,549.7088,-80.88985,954.6836,527.57294,329.95023,924.21436,533.4737,-61.853836,942.1691,521.9513,319.8607,913.5221,528.3759,-66.4154,830.84576,636.0516,192.07861,823.0065,663.64404,-191.24654,990.9873,720.19965,313.06757,1053.5946,771.5555,-234.11725,928.1867,868.74023,549.8197,1009.7024,950.64557,-75.65042,897.4996,888.6422,573.08765,979.57135,973.9706,-57.336754,964.72253,930.9048,627.8266,1064.8851,1012.81537,-24.637186
back_lift_row_end_1593_flipped.jpg,924.03253,337.70535,-44.02481,930.14813,317.2466,-71.20165,933.835,315.51245,-71.10582,937.3394,313.8605,-70.88229,927.7987,317.6692,-19.03813,929.4793,316.1315,-19.014633,931.3151,314.57178,-19.205103,964.6246,309.15457,-110.33697,953.68976,310.55804,124.08438,944.22375,348.3615,-59.64187,938.8321,348.97894,8.561883,1036.1064,391.29016,-216.45128,1014.7908,393.70883,220.78879,1172.6277,508.48117,-148.56943,1089.8644,502.5544,35.854412,1041.9391,539.6608,255.73001,1027.8746,507.8499,-392.60205,1004.4031,557.80023,302.2139,1004.003,513.64386,-455.15747,990.68536,527.03406,290.87024,1004.5357,502.76508,-435.0145,1010.20624,520.39197,270.7231,1014.0459,499.03482,-402.21405,1103.7737,662.8821,-186.63052,1079.4907,644.83405,186.70544,879.0416,747.5211,-328.12787,884.4786,718.90936,186.15453,927.33984,991.376,-294.4405,934.0743,884.39185,291.76776,971.55237,1018.1671,-279.70255,972.2446,899.1691,301.46512,833.1277,1072.9396,-282.40387,880.31287,956.1094,296.29672
back_lift_row_end_19544.jpg,889.6542,270.5777,-0.44035342,880.76575,243.72995,20.9642,878.31683,242.40315,20.91901,875.96246,241.04066,20.870296,880.3361,244.58987,-46.562866,876.6179,242.74396,-46.546906,872.8982,241.01747,-46.804638,844.84625,235.36153,126.93551,841.9188,234.43085,-169.9777,871.6221,284.7527,43.484272,869.3295,284.56226,-41.82851,781.4498,332.62143,267.4317,772.89276,329.94028,-307.16367,733.7468,470.99814,267.74405,657.8635,478.02142,-387.00082,823.013,515.3823,122.99188,790.2064,517.0154,-135.91658,846.2938,525.5179,105.01383,822.5294,530.2073,-127.6619,861.4596,513.6096,89.48229,834.0944,510.7453,-106.72356,850.993,507.85715,105.55194,820.1588,504.9487,-116.84917,783.94666,641.0637,202.70058,775.02057,663.7056,-201.64915,982.02075,722.9047,212.07498,1011.25476,738.9492,-199.08762,964.438,905.56116,364.77994,983.01715,945.79095,-4.329039,934.82245,936.5425,372.43405,944.3913,972.5409,20.269022,1034.7787,959.36584,362.33328,1054.9929,1018.89355,70.88663
back_lift_row_end_19544_flipped.jpg,1030.4386,257.4292,-46.202423,1039.7781,237.50604,-84.91423,1043.3889,235.61925,-84.670044,1047.0056,233.57324,-84.482,1038.724,240.43744,-23.521542,1040.828,240.62427,-23.57875,1042.905,240.96684,-23.863707,1078.2445,234.26344,-176.38872,1070.3822,244.37236,105.25361,1049.5715,272.0532,-76.22605,1046.5555,275.97266,5.316443,1146.0366,329.73578,-270.02658,1122.3154,345.59406,250.79416,1282.216,486.35217,-275.068,1183.6333,477.10672,231.00568,1125.6101,514.4994,120.669235,1093.0005,505.63214,-66.34284,1084.2059,528.8706,158.12637,1060.9663,519.1529,-116.1076,1077.8894,492.71976,164.52148,1054.726,502.95795,-123.297455,1099.1199,490.43585,140.07596,1067.0653,497.06302,-85.98366,1139.5155,637.30414,-192.87025,1112.3971,616.6943,193.32475,897.22955,739.84454,-258.3227,896.1582,683.88245,179.40211,945.25757,953.59766,-79.503044,914.13763,889.3037,257.57208,986.1174,977.3519,-50.629204,948.5984,920.8662,259.96704,865.453,1026.577,-12.091157,836.6519,954.10065,253.09859
back_lift_row_end_2003.jpg,998.00446,308.7553,-4.857734,983.53546,288.02966,18.160149,981.19684,287.348,17.987158,978.9785,286.60187,17.8782,984.02124,288.34564,-42.651752,980.7804,287.06897,-42.439873,977.51575,285.92795,-42.463394,952.8484,287.08066,133.75461,952.16284,284.67368,-137.74379,987.44226,321.53934,39.71774,984.9421,321.8924,-38.173817,931.59955,379.5016,253.55252,914.7003,372.0869,-271.14377,880.5447,489.7429,194.73586,809.67694,477.64493,-328.89996,946.9561,526.5208,-2.611968,931.19934,530.4684,-120.26887,962.2132,536.8865,-21.089746,960.7099,542.72394,-125.11224,973.3111,526.1601,-36.897762,968.51306,521.2212,-110.67152,964.20996,519.88617,-19.712193,953.41534,517.4873,-105.1383,953.8753,637.78467,193.73541,945.97406,653.15424,-192.63913,1140.1943,719.64325,193.6029,1170.0092,707.97144,-190.15395,1137.3105,861.9607,339.61945,1199.7013,884.45276,-97.92909,1109.6653,891.1961,349.00937,1171.9403,918.44653,-86.61006,1222.1761,887.309,340.0991,1297.2892,912.5422,-105.26857
back_lift_row_end_2003_flipped.jpg,920.4011,318.4131,109.8813,927.88715,299.13885,68.082664,931.9782,298.0655,68.244774,936.1789,296.85638,68.35141,926.4898,297.87152,135.68044,928.7813,296.2008,135.52635,931.07056,294.66092,135.31274,966.0481,293.39374,-73.55418,957.35974,290.7687,226.67967,938.0216,331.41153,60.182503,935.0175,331.4229,147.85677,1013.1696,370.4089,-204.4161,1032.3353,359.88153,341.58328,1121.676,499.5603,-191.87984,1110.1382,457.06424,485.36316,1007.9043,527.532,166.48944,1017.00854,484.79962,457.20407,982.5055,538.76953,189.31169,989.31024,491.7908,450.12036,976.20483,515.2305,211.5447,982.4487,486.7044,423.0985,991.7332,513.2577,189.03235,991.1188,485.59308,437.50708,966.44556,656.64075,-206.64236,971.96124,642.33484,206.8003,707.9419,697.35016,-264.40536,769.67645,703.20044,154.7148,730.9737,911.16064,-271.06158,774.7291,878.47375,194.92598,771.21594,944.15765,-263.44742,806.18176,911.9997,194.08945,645.2829,966.77264,-235.62456,699.4689,921.98395,187.66147
back_lift_row_end_21696.jpg,993.3393,314.92563,21.9886,978.6367,294.50577,47.838894,975.45557,293.48438,47.68556,972.42236,292.37802,47.548172,980.46533,295.39142,-17.276953,977.77655,294.20255,-17.104523,975.0672,293.1347,-17.215532,945.5802,291.19833,162.69049,949.8307,291.01566,-124.346436,980.3547,326.17703,67.21638,980.60785,326.95453,-15.224798,925.6037,382.37308,299.47043,910.46765,371.7127,-287.4138,875.0746,502.34744,276.91025,814.30273,489.1538,-394.89883,950.55066,538.5007,84.43504,927.16254,533.7959,-183.25365,968.99493,546.017,69.25495,954.3873,545.9359,-186.40942,981.2363,533.68854,43.97538,963.4926,526.34906,-164.91156,972.0222,527.8331,63.665485,951.0037,521.32214,-163.26932,949.7269,640.2855,197.76141,943.734,656.9542,-196.85463,1122.345,708.65546,225.61475,1173.5568,704.26825,-187.13275,1115.6929,851.3785,392.539,1208.6122,880.7404,-70.599304,1090.973,879.0313,402.92612,1182.6217,915.2337,-54.89444,1186.3997,882.3663,395.08286,1296.0293,908.6765,-58.80851
back_lift_row_end_21696_flipped.jpg,927.4358,316.55316,77.67491,932.06885,296.92636,40.31597,936.16473,295.50705,40.51129,940.41144,293.9942,40.665012,930.1332,296.3592,103.30896,932.1237,294.74704,103.23431,934.08765,293.28088,103.000435,968.92285,287.98483,-81.09532,958.88074,288.51108,200.67323,944.45026,327.0155,36.814552,940.83966,328.07248,118.955025,1021.8116,360.4163,-235.67761,1023.64417,357.09552,350.31262,1125.9033,503.1662,-192.11954,1103.4508,475.13705,486.48416,1005.5161,536.8512,214.44002,1010.9623,502.28284,416.9398,978.7327,552.9133,245.14867,984.59576,514.7838,413.2903,974.4604,523.94965,263.97052,975.4829,503.8227,381.02008,991.2706,520.44995,236.68365,983.55786,500.11316,394.92136,974.79285,660.3132,-217.986,966.7889,645.51715,217.75797,708.0576,677.7604,-292.76144,753.6745,668.4198,174.60442,726.9971,901.21594,-200.95583,758.83496,857.98413,269.17072,767.32794,935.0284,-180.36171,793.4826,893.62555,275.36047,650.2487,958.7519,-140.7548,684.81824,905.63885,277.39536
back_lift_row_end_24633.jpg,1002.9849,340.91763,-32.4028,999.925,316.95834,-10.652528,997.5888,316.62332,-10.579635,995.37585,316.29068,-10.498105,1001.20264,315.12268,-71.2021,999.09534,312.36664,-71.1714,996.9248,309.74615,-71.47258,968.4542,307.75177,106.20899,973.1132,298.49725,-167.90025,985.0976,351.75528,15.0014305,985.0415,348.4738,-62.919724,898.0552,383.36667,235.35815,891.9779,374.71655,-284.201,834.39606,508.51785,165.56981,771.23364,502.6873,-360.6246,924.15857,527.7728,54.58724,893.869,530.2935,-167.33847,948.2812,530.4944,47.98688,925.3777,540.0975,-182.08473,964.1931,518.97736,34.5675,937.32886,524.93396,-155.34961,952.35046,514.25433,42.000256,925.9973,522.0249,-149.62999,821.7087,643.9624,198.94199,814.681,663.6162,-198.1811,968.73334,740.8395,291.55252,1033.9609,764.6785,-242.22693,920.5,906.19116,505.10977,1025.9115,964.0267,-125.325264,886.6365,932.7618,521.7053,995.6036,995.716,-112.63456,979.39844,960.2058,522.9685,1099.8708,1014.89197,-113.9935
back_lift_row_end_24633_flipped.jpg,917.3368,333.2218,-39.562122,923.7528,313.15326,-77.26018,927.67694,311.33643,-77.12186,931.58514,309.4716,-76.88446,921.12427,313.36176,-22.449139,922.6182,311.9317,-22.54672,924.17053,310.59702,-22.762207,960.1278,306.3291,-152.58104,948.5665,308.3452,98.71629,939.3253,345.86136,-65.309204,933.9862,346.75748,7.5659456,1042.3185,385.5784,-254.82019,1006.1614,394.60568,245.52884,1156.8976,491.2364,-236.06758,1067.6796,510.97467,123.21154,1026.3789,533.108,139.72032,993.2952,520.44867,-262.98416,994.4743,554.4277,168.7702,965.523,526.96454,-319.07495,982.7153,523.23706,172.01103,962.445,513.7423,-317.85895,1002.4854,516.7409,158.82863,973.7224,511.82788,-280.08887,1114.1624,666.48846,-190.80566,1073.9038,648.17584,191.20088,871.5942,734.2178,-353.5132,876.2534,716.4867,291.39462,941.4921,984.37573,-363.60825,937.264,878.7523,426.82166,989.8199,1019.2756,-360.63904,974.40424,901.15405,436.55637,839.50433,1051.0941,-367.38297,877.1587,936.43115,444.02164
back_lift_row_end_25045.jpg,892.24677,273.72943,-37.260868,884.13837,248.06773,-15.364069,881.78784,246.97232,-15.400441,879.5891,245.8379,-15.490095,883.2589,247.95555,-81.190094,879.4832,245.70494,-81.232544,875.6731,243.56702,-81.51695,847.48004,240.63799,95.70265,843.37885,237.3093,-189.70119,873.33936,287.46863,8.609824,870.0465,285.93112,-73.67986,787.4153,337.06378,244.31866,767.47375,332.32837,-313.53015,740.43896,481.32898,291.55664,654.6784,467.98483,-446.86658,811.9314,528.1275,226.19052,789.2981,509.9204,-313.0536,829.76355,539.9082,225.14597,820.2545,523.6426,-322.73056,842.01465,527.8073,199.82718,833.56006,508.50543,-288.88403,833.2283,521.6292,208.88823,819.9288,503.46097,-291.49667,786.94366,643.0771,189.78882,772.31744,670.99066,-189.05008,987.3553,719.59845,204.21417,1018.0791,743.06067,-192.87895,971.94714,903.3625,333.34836,980.98193,929.2487,50.652077,942.9756,932.4764,341.33826,943.8354,951.6219,82.58391,1044.9479,959.60974,347.9794,1042.9219,997.9746,157.90851
back_lift_row_end_25045_flipped.jpg,1025.9924,261.02554,-46.006687,1036.0613,240.77716,-86.575356,1040.0825,238.76309,-86.34198,1044.1418,236.59468,-86.109055,1034.3746,243.85448,-22.804634,1036.3925,244.07181,-22.910263,1038.3712,244.45177,-23.116886,1077.4375,237.1705,-182.12646,1067.2256,248.0595,111.34197,1046.4019,275.81744,-75.87352,1042.8907,280.0591,9.102265,1141.9608,331.44785,-261.0045,1125.0046,350.30725,260.02097,1279.7457,481.95145,-240.35045,1192.8655,490.32547,232.9019,1126.114,517.45715,165.56248,1102.2843,522.6717,-100.77544,1088.8733,532.74927,197.45526,1071.9025,535.2454,-157.38864,1081.0654,497.78436,205.16702,1061.8661,516.92114,-168.89848,1101.4503,493.66528,184.73232,1072.3588,510.87024,-123.51424,1136.3209,641.1106,-189.20302,1112.6495,621.7617,189.71033,887.83435,752.84656,-249.73758,895.83765,693.44696,191.43414,932.7421,966.3248,-77.877846,908.037,885.09125,296.89853,972.1502,990.36224,-51.19935,940.66437,915.7474,302.21506,853.7489,1037.4181,-14.362091,832.396,944.4892,302.88977
back_lift_row_end_27752.jpg,1028.0447,334.11072,-67.64636,1020.46967,311.51514,-45.357655,1017.40424,310.15555,-45.419624,1014.51105,308.81512,-45.474808,1021.95215,312.79028,-109.63574,1019.59283,311.4714,-109.433014,1017.2216,310.2898,-109.57187,984.92,302.92957,62.28559,990.2688,303.7393,-224.26881,1008.9458,344.67313,-21.291061,1009.9726,345.449,-103.49765,909.60315,381.99393,230.98624,924.3725,385.15942,-341.3462,852.25275,499.79404,291.2218,814.39417,506.18518,-313.20166,914.39624,553.8872,185.31372,918.7176,559.4332,48.06059,928.4551,564.72906,176.34758,945.1879,572.3219,44.048832,943.1174,555.74115,140.05763,960.5396,558.1155,68.37747,936.4361,550.70465,162.19994,949.0561,553.0803,69.20542,842.31494,642.5172,198.42265,844.90656,665.4079,-197.59198,985.8498,753.75305,358.4725,1048.935,777.9975,-206.39253,948.37885,883.10846,639.17255,1027.4423,961.1382,-84.68533,919.17633,904.7904,665.5629,993.72504,990.224,-68.53271,1007.5203,925.5267,716.31555,1101.7037,1004.4266,-59.60304
back_lift_row_end_27752_flipped.jpg,900.4243,321.12296,-10.301302,907.8262,303.77994,-39.86808,911.14136,303.45334,-39.689014,914.2766,303.103,-39.493053,907.32477,300.52567,11.4406595,909.59265,297.8023,11.272055,911.963,295.13696,11.084858,940.61804,304.7218,-109.16973,935.5272,294.87537,122.67609,919.1618,337.4683,-37.435703,915.05676,334.071,29.736082,1008.6425,395.01266,-246.66023,998.0718,390.88513,259.6748,1140.4155,515.288,-169.4411,1083.1234,503.92377,162.724,1020.50037,560.282,256.67526,1004.3692,537.4303,-219.91136,988.9736,580.6961,294.30566,978.4404,548.78815,-279.4796,974.2661,548.82355,289.15088,972.8461,540.63324,-282.67157,992.56946,540.4777,271.84464,982.0912,535.9362,-239.95409,1097.0267,655.0654,-189.70062,1078.1348,640.55585,190.00253,881.8444,747.3782,-311.52042,890.80914,725.20715,193.2798,920.0167,986.8904,-320.93256,946.45435,904.16565,289.6874,959.00385,1022.337,-316.98328,982.5679,924.6989,296.96786,817.22253,1045.9797,-334.10464,883.5328,970.6312,302.77402
back_lift_row_end_28098.jpg,891.78815,268.1352,-48.633186,880.9791,243.17914,-20.673557,878.1633,242.03233,-20.703646,875.47076,240.82538,-20.784231,880.2639,244.03189,-91.88657,876.07916,242.49701,-91.93731,871.8876,241.08168,-92.14333,840.91956,239.41653,106.638985,837.6827,239.45146,-203.96925,872.045,283.71527,2.6453724,869.17236,283.4549,-86.95636,786.93146,339.13937,260.71475,763.5325,334.98282,-339.29044,733.4137,479.76257,361.29474,656.14655,464.37045,-572.8437,808.90704,530.31995,318.9585,784.7759,525.07855,-561.4813,829.308,544.14075,312.4015,810.6895,544.64294,-589.9761,838.2608,534.5881,283.27774,826.716,532.2523,-557.61,829.0988,528.0216,299.5488,814.7731,525.251,-543.47327,801.21814,636.8501,198.05647,785.9507,662.09344,-197.3038,992.69257,724.0668,223.43503,1028.8154,751.9605,-192.11273,974.55426,893.86115,393.7875,994.5592,931.0505,33.856617,946.11926,920.96533,404.9331,957.599,952.7449,62.64379,1039.1165,950.083,398.22205,1055.5413,999.24005,99.541016
back_lift_row_end_28098_flipped.jpg,1032.8776,261.0077,-12.703936,1043.1475,239.62498,-53.846565,1046.8972,237.5833,-53.604675,1050.6865,235.38599,-53.45283,1042.1766,242.8514,9.36874,1044.3446,243.0786,9.243417,1046.4711,243.45505,9.011457,1082.9912,236.4372,-156.42047,1075.2429,247.38129,133.76424,1052.2466,276.07324,-46.33131,1049.1051,280.3274,37.78833,1144.627,332.87875,-240.46054,1128.3757,352.94934,259.33078,1276.01,483.32483,-241.59476,1184.3878,491.9705,197.39018,1135.3655,525.9919,138.43636,1089.8698,510.50662,-172.53479,1099.6377,541.5598,168.384,1057.3861,518.1024,-234.74408,1095.035,509.03714,179.81061,1047.5294,500.48602,-244.53447,1114.5994,505.1496,157.8819,1059.6028,496.8698,-195.80363,1128.0449,646.1807,-183.75092,1108.3241,625.7191,184.31339,885.04083,749.811,-253.83882,900.2945,686.1231,177.72417,933.0112,962.9876,-127.51246,916.41113,885.0154,246.67734,972.8255,987.0835,-106.71503,947.964,916.5882,248.23163,854.943,1035.7854,-80.16245,842.6164,947.1824,248.15604
back_lift_row_end_28108.jpg,992.56714,347.12155,-193.57454,994.854,323.77493,-167.7381,994.89154,324.34302,-167.60089,995.083,324.8878,-167.50566,991.0143,320.03885,-223.32501,987.60565,316.7715,-223.26265,984.17255,313.6414,-223.62508,972.6726,317.9059,0.43755752,961.2536,302.91653,-253.16986,978.25366,359.73944,-126.018105,972.3491,354.0467,-197.85059,900.71674,390.19202,181.94702,881.7155,378.3822,-344.41284,840.3614,525.3075,69.586426,758.5421,515.28156,-396.6187,916.00916,550.9799,-180.06172,890.29016,550.8856,-230.70291,938.2054,558.3588,-216.50714,924.8426,566.69226,-256.53098,953.19904,545.1237,-225.37332,939.5941,548.19775,-237.46907,941.72156,539.53955,-195.79486,924.34863,543.538,-214.93394,821.3398,648.0403,215.49506,801.8368,671.96875,-214.76654,1002.881,719.9268,355.63544,1035.7715,764.18427,-313.84802,955.98315,897.23425,609.3605,1019.3721,984.55774,-251.59132,918.90295,928.2227,631.5942,981.8714,1020.88556,-246.10071,1036.7068,956.71643,643.6101,1116.4948,1041.0107,-272.95773
back_lift_row_end_28108_flipped.jpg,917.2446,345.2662,13.429366,921.2645,324.27243,-21.349167,924.84283,322.06177,-21.253904,928.26874,319.88535,-21.11423,919.97876,325.11276,33.797615,922.0874,323.64053,33.753513,924.2964,322.1905,33.492348,956.4221,313.00464,-94.50384,948.58405,317.04172,157.218,938.4261,354.95883,-12.030922,934.9739,356.43307,61.195393,1035.2261,392.69632,-218.57664,1011.5897,391.28482,268.51544,1153.6036,531.6856,-130.211,1075.5079,522.4168,133.5512,1024.5034,562.7813,292.5447,992.97797,536.0263,-268.77325,990.6785,581.7501,333.9978,965.7067,545.1713,-323.98425,978.54285,546.8527,321.33167,960.2451,529.9415,-314.03415,996.2342,538.1974,304.32605,969.38885,525.8543,-283.01266,1104.1499,662.51306,-185.27007,1079.5538,644.1452,185.33409,868.4285,744.6716,-283.4562,880.65967,726.30426,217.1308,926.7653,980.9442,-213.2643,945.83075,890.8013,312.86465,970.4442,1007.3903,-195.60678,982.38776,907.49097,321.11124,837.1494,1060.9321,-171.6873,902.51904,962.2032,333.15347
back_lift_row_end_28786.jpg,1003.5192,339.24072,-55.10302,996.7974,314.23355,-34.332558,995.59546,313.57837,-34.305996,994.5289,312.95627,-34.237637,994.0988,313.28528,-93.07171,990.15826,310.82596,-93.02301,986.1548,308.5422,-93.30899,965.93774,305.67816,81.44147,957.2528,299.3896,-181.90955,988.11426,352.53564,-10.438412,983.0483,350.55014,-85.18515,906.29315,387.58698,202.98962,881.4237,389.72787,-275.80237,855.0294,504.91953,118.01107,765.7933,522.05164,-243.4187,920.32587,522.28143,-11.756977,888.0219,528.457,69.55851,935.16516,530.0886,-25.689028,919.7355,533.94385,76.5797,944.5594,518.4869,-22.512892,930.34216,518.31525,90.701035,935.9805,512.652,-19.566235,918.6935,515.1726,83.443535,831.2194,641.8243,186.786,809.6051,665.83136,-185.92892,995.6267,714.47034,260.41385,1045.4857,768.3114,-248.27191,924.5735,872.265,503.51978,1007.0535,954.9043,-66.55817,890.5114,892.20355,524.6818,976.4502,979.1741,-46.645554,965.1276,936.16724,542.85974,1065.4675,1020.0552,-34.003754
back_lift_row_end_28786_flipped.jpg,922.47046,325.96448,49.710133,929.69354,307.2128,20.056606,933.6022,305.87424,20.247717,937.34106,304.54504,20.402283,927.407,306.97903,74.01049,929.0943,305.676,73.82022,930.8749,304.46085,73.50387,965.39703,304.17108,-59.121643,955.32117,304.95868,185.98819,942.6436,341.27258,20.317652,937.4499,341.71683,91.16212,1035.4093,397.84213,-198.1105,1024.9812,394.95312,308.8271,1165.4333,517.94855,-123.258865,1102.9,497.74478,200.47388,1032.271,534.5977,348.1917,1009.5859,515.12537,-192.69212,995.7865,545.9499,393.74973,975.1572,522.1011,-242.20396,984.53534,509.96277,395.21442,968.5531,510.606,-242.31328,1004.48065,505.34473,365.46442,979.34875,508.4513,-210.87248,1104.032,662.2664,-193.15915,1083.9849,642.927,193.22919,870.6312,753.8674,-282.05292,881.7236,714.51215,222.89561,921.9777,981.1573,-226.33627,933.6239,885.828,247.36928,966.2894,1005.09467,-210.5874,969.3474,905.0115,244.64688,838.3619,1055.489,-174.99493,890.90546,948.69324,252.9056
back_lift_row_end_32141.jpg,1005.6044,311.6394,24.730421,991.7451,290.93362,48.388527,988.4889,289.7401,48.29367,985.3724,288.46982,48.20088,993.72687,292.3873,-13.980748,991.177,291.31027,-13.786321,988.5817,290.37253,-13.903861,959.28107,286.9551,160.28117,964.70715,287.73816,-119.56524,993.597,322.89917,67.62526,994.0006,324.3306,-12.476924,935.5636,376.14462,290.6562,928.2875,373.2002,-269.27386,886.1816,495.35815,218.43289,832.5636,498.29962,-281.4147,958.3845,533.62445,-37.416595,938.0614,526.3896,26.477982,975.31586,546.24023,-60.408928,965.79596,536.2329,34.597412,988.0497,534.5152,-76.98702,973.4404,514.3034,45.192368,978.9933,526.65765,-56.555447,959.91693,509.4881,43.100994,956.4001,637.12476,199.87103,949.2992,655.75696,-199.08772,1148.6465,704.4497,209.02734,1181.7872,701.92413,-199.38469,1149.0305,852.7916,371.77295,1213.0432,881.2241,-73.85458,1123.2092,882.9784,381.42645,1187.9148,915.4285,-59.05816,1230.6306,878.58606,364.91635,1305.6951,908.8637,-74.57397
back_lift_row_end_32141_flipped.jpg,918.9216,306.47086,72.4447,926.3207,288.49893,29.131685,930.2835,287.84503,29.335733,934.30566,287.06003,29.462454,924.367,286.59845,90.706375,926.5129,284.75748,90.5974,928.64,283.05392,90.27127,961.74084,285.56506,-104.28315,951.51086,280.99463,171.59875,935.2718,321.17416,26.390135,931.63135,319.94977,106.92415,1009.98413,371.3844,-239.06143,1011.2965,360.10638,293.21924,1111.6213,512.5187,-180.53322,1088.3706,473.78284,381.94098,999.29297,520.7751,234.28023,998.4089,497.96127,301.78424,969.1213,530.9364,267.19952,970.2879,507.00452,291.2871,966.5162,501.64566,282.81448,962.1987,498.50763,275.94336,982.6482,500.33862,255.13632,971.7256,495.71057,285.05783,970.58325,656.8776,-205.74731,963.8604,638.9241,205.8718,703.8543,688.0943,-292.6746,767.5461,687.7972,181.0705,734.80585,908.2305,-237.8479,776.14667,867.4035,251.58743,778.0982,942.3294,-222.98811,809.88367,900.7607,252.04706,646.0319,965.606,-188.32625,696.8164,920.00757,249.81514
back_lift_row_end_33712.jpg,987.41797,322.6894,12.947118,977.23334,302.8664,34.13847,974.52484,302.61667,34.13547,971.98047,302.2834,34.035137,978.5516,301.87952,-26.521788,975.9716,300.1196,-26.48087,973.37085,298.47006,-26.705425,947.44183,301.49173,142.42714,949.5891,295.46115,-128.18729,974.2718,335.19662,58.449112,974.2778,333.23074,-19.366346,915.05695,385.00415,293.44522,901.55786,369.28113,-269.22452,869.06213,501.31683,409.07135,799.3432,485.67798,-477.86127,940.30237,535.6461,375.0976,922.547,529.3638,-466.4847,956.91016,545.5343,380.49146,950.79926,546.2449,-491.7937,966.43854,533.63135,349.1552,963.7872,529.3279,-463.15515,958.778,528.76465,357.88757,952.6316,524.5149,-448.47504,945.3486,649.84906,199.75508,943.084,661.7433,-198.88583,1110.3202,715.4384,232.88153,1165.8055,707.85297,-191.50906,1110.1415,858.7649,385.20728,1209.0098,878.7913,-76.041534,1085.2587,889.35645,393.3487,1184.3472,912.0238,-61.50642,1189.2423,885.3954,384.21924,1298.2883,907.2332,-62.3336
back_lift_row_end_33712_flipped.jpg,930.9828,320.78143,64.06212,937.6056,301.62216,25.28587,941.9497,300.245,25.410837,946.442,298.77194,25.434082,935.0119,301.36755,88.28784,936.49426,300.06134,88.26091,937.9644,298.87347,88.06401,974.57086,294.98825,-92.917885,962.2084,295.34604,188.33931,949.5835,332.5591,23.985655,944.9873,333.43085,105.84761,1032.4387,368.4389,-219.84897,1024.8542,362.80142,301.92062,1131.7898,503.69824,-230.30383,1088.7753,464.72192,309.80188,1013.19135,532.0395,71.29119,1001.61633,484.26788,126.3038,986.334,546.9691,81.90522,972.775,491.27258,96.85906,979.4314,520.31604,99.89726,968.9026,481.86646,70.92087,994.0898,517.1259,92.38673,980.1549,480.73962,103.537636,973.97406,655.329,-200.71698,965.41547,640.5933,200.8779,709.804,676.64435,-261.12613,791.63995,706.5241,219.36855,727.8344,903.5054,-246.9342,835.9489,855.1083,382.03983,767.5034,939.9734,-236.09723,869.0563,878.5613,396.0934,636.686,964.43,-221.44238,784.40955,917.35474,401.94525
back_lift_row_end_34888.jpg,907.1949,277.91388,-24.731949,900.57587,252.19095,2.59152,897.9992,251.08821,2.5499856,895.569,249.93837,2.5016344,899.9096,251.64815,-67.95697,896.18726,249.02068,-68.00451,892.40753,246.51791,-68.25654,862.858,242.9461,128.94124,860.0386,238.04607,-179.07246,886.95746,291.068,25.24322,884.1161,288.77005,-63.19708,799.8561,335.4516,287.44812,771.9449,327.30978,-326.86282,741.5959,475.06964,342.68835,651.4879,458.95505,-521.77423,826.0439,513.57404,292.9032,791.3205,513.9701,-459.70447,847.79065,525.4768,294.3243,822.04517,533.4728,-478.1775,860.7638,513.5465,268.7205,837.52454,517.6492,-443.926,850.4397,506.81042,276.03674,824.7147,509.93246,-439.29962,785.48486,634.9627,211.3287,764.81335,660.81683,-210.51837,986.7304,717.06476,201.1369,1024.0499,737.32117,-225.81987,975.1989,907.6765,336.32138,996.8064,920.9332,25.095598,944.1643,940.8139,343.78214,959.28723,946.8316,58.20622,1051.2882,964.26624,344.7757,1066.8833,983.1689,129.1303
back_lift_row_end_34888_flipped.jpg,1014.2459,272.43317,-41.357475,1021.30316,249.43614,-80.845436,1025.1775,246.48827,-80.613396,1029.092,243.42763,-80.41178,1019.2827,254.2324,-19.48082,1020.77716,254.78177,-19.547863,1022.2072,255.48183,-19.713068,1060.9817,239.42659,-169.79675,1049.7839,255.72772,114.69072,1036.1392,283.26385,-69.883026,1031.7181,289.637,12.886386,1141.9791,327.3192,-253.48463,1107.5731,351.70404,238.6236,1282.9884,476.14557,-301.32132,1173.9667,478.66653,156.66519,1130.0544,513.9085,3.4274414,1083.2461,502.16565,-214.2239,1090.1592,531.3138,24.990288,1050.6667,513.9478,-273.56512,1081.6604,495.57114,36.324818,1044.2759,495.92108,-278.04626,1101.076,491.72888,22.394756,1058.6086,489.84247,-234.0376,1134.2412,638.6971,-192.44337,1101.5625,618.65924,192.66774,883.5216,748.293,-269.20462,897.38605,695.1181,185.70747,937.7092,952.7312,-74.583046,921.8417,897.9645,280.75293,979.09186,972.2173,-44.95133,955.998,925.80347,284.5624,863.03436,1033.7516,-10.613831,853.7165,976.74554,266.85342
back_lift_row_end_35262.jpg,1028.1619,312.8097,12.757413,1015.6953,293.1933,42.432297,1012.6894,292.01282,42.209827,1009.83685,290.74408,42.06024,1016.7542,294.37335,-25.298191,1014.017,293.2441,-25.105917,1011.2851,292.18784,-25.152567,982.8564,289.25122,155.12589,985.18567,290.3851,-141.34293,1013.35144,324.35052,58.445477,1013.3002,325.3438,-26.891329,945.9839,380.10776,310.68674,937.8382,368.33453,-305.12564,897.0683,496.7752,398.17453,844.89716,483.84247,-422.56836,964.90436,552.2797,287.7015,953.28613,542.94324,-189.64961,980.6938,564.1086,285.04114,979.8847,560.4275,-194.57327,993.40784,553.867,246.68161,989.13916,539.67505,-168.24416,986.42957,546.6654,264.9619,977.38074,533.0711,-167.58395,948.37244,632.65625,202.55133,941.6044,649.078,-201.73724,1138.9475,729.9892,223.333,1173.6182,710.56946,-192.67436,1146.5055,860.0725,407.9787,1206.6396,883.1261,-51.845566,1123.0862,885.4709,421.27444,1180.4575,915.70514,-33.250694,1221.2958,885.3246,419.32916,1296.4786,910.02295,-41.564014
back_lift_row_end_35262_flipped.jpg,888.05066,316.6669,-82.7413,890.89417,296.21844,-125.308945,894.38385,294.25296,-125.19738,897.99243,292.21954,-124.95042,889.939,297.1603,-66.63007,891.96497,296.19897,-66.63302,893.96783,295.37296,-66.864136,926.314,285.72427,-236.05934,919.56494,291.98135,28.683327,906.3346,325.64078,-116.34311,903.6962,328.48557,-39.36623,986.2087,366.1617,-340.287,989.6941,357.98505,197.40108,1099.809,519.34845,-282.4283,1056.8257,482.0161,319.52188,985.7309,546.7929,103.56099,966.7257,521.89734,276.45264,958.9106,562.67847,128.79031,939.01056,539.25397,275.64935,952.2621,529.32404,142.8906,932.573,526.30115,251.85504,967.6916,524.2155,123.41271,941.81323,519.88116,259.9757,969.0293,652.83295,-205.29973,958.9052,627.3462,205.15399,707.18396,694.71234,-252.02374,745.36957,652.29425,251.00635,731.38574,900.5158,-84.05041,758.21674,839.06195,388.28506,771.2818,926.3641,-56.64058,793.5712,869.0191,397.48035,660.2623,956.0176,-15.0339155,684.99664,892.71265,395.90796
back_lift_row_end_35857.jpg,997.9302,364.84952,-89.41375,999.76685,339.6598,-72.733894,998.9905,339.15213,-72.64966,998.3271,338.64642,-72.556854,998.3051,337.49106,-122.7629,995.8328,334.07816,-122.73929,993.23615,330.79355,-123.03965,976.4774,326.25125,40.72912,972.49316,315.64227,-183.23656,983.5151,373.97394,-46.14527,979.8097,370.0391,-109.94862,919.54126,393.83383,131.38039,882.9554,388.64813,-263.95215,839.8824,492.99994,-45.210342,742.7399,489.41843,-312.89404,895.31964,523.3011,-205.88966,862.91907,521.18713,-210.32939,908.62195,533.508,-211.51791,895.09454,534.2573,-237.45532,921.85803,526.0416,-215.37102,907.8034,522.30054,-218.69753,914.70685,518.1373,-215.54352,895.56274,516.7991,-200.71684,838.6575,639.1911,172.46254,811.78546,667.1058,-171.61024,997.7047,701.0378,288.2508,1033.3215,772.4977,-246.01147,936.7973,861.34546,508.93277,997.0862,958.9374,-157.03658,905.423,881.874,527.70087,968.62415,982.6557,-149.42029,983.76526,930.6323,526.59357,1064.9395,1025.0272,-179.47397
back_lift_row_end_35857_flipped.jpg,919.3583,355.89267,-99.29533,921.47034,335.17764,-139.0889,925.7439,332.62613,-138.79002,929.9793,330.04553,-138.57599,917.3023,335.1241,-84.611465,918.20605,332.8583,-84.67045,919.11145,330.74005,-84.883705,957.9943,318.21783,-209.60165,942.67706,319.69565,46.08098,944.115,361.50186,-122.56419,937.5635,362.27087,-48.016148,1050.5321,382.01248,-293.36493,1020.31274,373.51843,146.71596,1194.9181,474.9296,-331.49454,1096.7395,474.36057,-29.205019,1066.9487,526.6446,-17.002653,1032.7502,502.0546,-408.6492,1034.6588,553.93353,13.893297,1008.04004,512.42883,-460.38235,1020.52893,523.7714,24.615755,1003.75684,503.5583,-444.58105,1039.6022,514.0634,3.9651756,1014.7545,500.82077,-418.8662,1112.6863,662.5936,-188.43327,1078.5665,637.95184,188.28241,878.9304,741.8358,-290.13644,877.8522,711.7733,245.02235,928.3759,976.74786,-281.72855,926.603,880.7925,396.22165,974.309,1006.5455,-275.62177,965.24835,903.7988,406.8778,834.02136,1045.9492,-267.3173,855.71674,957.10535,422.34964
back_lift_row_end_37390.jpg,892.61304,262.93262,-28.026796,879.0052,236.32161,-2.472065,876.167,235.32721,-2.4136589,873.473,234.27655,-2.4968755,878.9672,237.34746,-73.1545,874.99097,236.075,-73.21354,871.0481,234.90875,-73.54254,839.03674,232.66951,117.29591,837.2097,233.40712,-194.03131,875.5594,278.90735,21.51258,872.6756,279.1681,-67.97622,790.3723,340.39618,271.42557,769.07355,334.9324,-311.82553,754.8079,492.76053,386.66037,666.45,493.07953,-452.31796,844.96246,504.36505,418.71594,804.9168,507.72156,-390.26483,865.9898,505.28915,439.74384,838.65137,516.00183,-410.7402,883.2111,489.42075,419.23386,852.5298,494.49033,-380.61212,873.3313,487.27216,406.68597,840.1376,492.1688,-370.85327,789.8817,637.0243,200.5833,775.8556,659.7927,-199.8241,996.3148,714.35443,212.57964,1019.45984,721.1006,-214.3875,981.40375,902.8422,381.57974,1000.67804,924.4415,-18.0051,949.16235,934.60236,393.04178,964.4225,952.6364,7.9313807,1062.9476,960.18085,386.90768,1080.0837,993.0455,52.55402
back_lift_row_end_37390_flipped.jpg,1030.2778,253.0006,-67.51222,1043.0957,233.76653,-104.93653,1047.3405,232.58357,-104.81501,1051.6261,231.28831,-104.67831,1040.6951,235.1724,-43.474705,1042.4915,235.03377,-43.584263,1044.2473,235.01857,-43.834747,1084.3525,236.12144,-187.39684,1072.2136,241.0455,93.38724,1049.4265,271.73364,-94.92973,1044.66,273.7342,-13.734778,1157.8118,345.35327,-278.5995,1103.5648,355.49292,254.12325,1287.4485,508.89847,-280.9458,1159.9551,498.06027,186.9711,1121.1539,514.73315,99.21034,1075.0435,502.34167,-224.97314,1078.044,526.72156,129.62589,1044.7678,510.17648,-293.59448,1070.6294,484.94287,125.76573,1038.3351,487.72687,-297.57544,1091.8795,482.08334,114.2003,1051.2369,483.00934,-246.66235,1137.1022,648.0793,-193.74559,1094.724,622.4403,194.16661,870.6762,733.5422,-285.66446,884.52405,693.5238,220.03,924.90326,943.0386,-56.424316,911.96063,894.0006,290.23096,964.52124,963.331,-21.025595,946.29504,921.14374,291.9639,852.0583,1027.6636,31.237835,849.0041,972.88385,278.7788
back_lift_row_end_40942.jpg,1020.1222,308.74036,-29.64711,1008.05566,288.41382,-2.6967592,1005.2502,287.09756,-2.9492152,1002.6033,285.66754,-3.1619408,1008.65686,290.11194,-67.23208,1005.69604,289.1839,-66.98123,1002.7194,288.3213,-67.001015,976.4129,285.77896,112.11195,976.39294,288.504,-170.88023,1005.67224,320.47223,17.652857,1004.44556,322.00302,-63.93178,950.5693,378.1433,274.13934,927.0856,371.7545,-326.1748,901.0057,505.1355,340.92554,827.4329,493.6402,-440.1838,954.0225,566.1761,169.02477,939.8166,560.951,-228.98839,965.76483,580.49005,153.14836,969.06226,577.10236,-243.9061,977.2088,568.7898,112.31142,976.45123,553.0069,-218.43219,970.59686,561.2261,144.14545,962.30035,547.1933,-206.88197,959.51215,635.6606,194.84885,946.2483,654.19354,-194.09785,1148.7445,731.03186,225.02411,1182.3873,708.2136,-181.76575,1152.5306,851.7552,409.8344,1215.2496,877.6577,-50.920418,1127.3574,875.8643,424.26794,1188.1224,909.9076,-32.83567,1232.2888,876.4297,429.85727,1309.0549,905.692,-37.851105
back_lift_row_end_40942_flipped.jpg,904.2036,312.5564,-153.67546,908.5331,292.51398,-196.99869,912.4492,291.31326,-196.92392,916.5354,290.09146,-196.7462,906.3065,291.62878,-139.06532,908.00146,290.02902,-138.99806,909.6703,288.52435,-139.14885,944.5816,285.84344,-303.64096,934.7375,285.90247,-41.629242,921.4074,324.01953,-184.88489,917.6419,324.63068,-109.00074,1000.79175,372.71423,-374.06534,991.86163,360.4376,125.550316,1111.293,525.5171,-334.25116,1046.588,495.00204,182.47272,994.47705,561.98627,20.545664,975.218,541.7552,18.187716,965.6582,580.80756,40.937588,952.3867,560.6362,-4.465116,962.30676,548.7604,61.509933,947.0562,548.46533,-23.831278,979.63403,543.05566,41.52015,955.3837,541.9074,-0.14214832,959.5594,658.54663,-195.85744,945.48334,631.8442,195.88042,693.65063,686.21704,-222.26541,761.03357,670.06085,249.45374,718.81415,906.1221,-66.99832,761.1214,863.60095,384.9981,756.4657,937.20776,-43.376865,791.2197,898.4223,393.23138,653.68207,957.6032,-12.532776,689.39417,909.77545,386.80743
back_lift_row_end_41585.jpg,884.5201,258.79044,-26.054173,872.8775,232.42487,-2.0770195,870.757,231.4713,-2.0288,868.79614,230.4753,-2.0253997,871.70795,233.3042,-70.28493,867.7802,232.10776,-70.32881,863.8697,230.99803,-70.6933,837.8613,228.6289,119.31136,832.4995,229.17392,-182.75026,869.323,275.0354,23.724155,865.5456,275.3562,-63.08724,790.9884,336.8925,266.05856,766.02747,335.91425,-290.55176,774.76776,491.31946,230.12442,673.86926,507.5958,-278.2534,851.75226,490.0958,6.294118,805.76636,500.2915,9.287,871.6736,490.55624,-21.607414,840.3622,502.45444,16.00897,886.93854,471.2593,-32.869156,848.68054,477.78284,31.374968,875.7293,469.12433,-11.435456,835.39655,476.72922,27.704046,798.60803,638.0085,203.12822,782.38873,663.47546,-202.1734,999.07587,719.5746,199.41747,1014.18195,743.09357,-200.911,975.56085,919.1859,369.8562,989.13837,951.2426,16.420443,943.2271,953.2418,382.48114,952.2264,978.39856,42.33921,1057.2441,976.0934,372.1265,1065.9832,1019.32776,54.777416
back_lift_row_end_41585_flipped.jpg,1035.1605,250.60347,-75.702255,1047.3884,230.70268,-112.1823,1051.7015,229.3366,-112.06346,1055.9712,227.87575,-111.84646,1044.7126,232.96327,-54.992023,1046.4551,233.1908,-55.098083,1048.1613,233.51309,-55.380447,1088.3271,231.86922,-177.76602,1075.3739,239.47734,83.46293,1053.9835,268.2683,-94.93014,1048.9125,271.17896,-19.23755,1152.4194,347.73352,-262.8655,1114.6316,345.46805,248.47166,1259.028,526.059,-176.79851,1158.2695,503.4442,159.5472,1106.5187,497.7847,247.15144,1076.243,488.81683,-229.09453,1067.3542,501.33212,281.18503,1049.2433,489.4285,-282.61942,1059.856,460.74124,267.47208,1043.7126,468.51083,-279.82767,1078.6191,459.94565,257.71555,1054.6116,467.0921,-244.33469,1140.52,647.93097,-196.4661,1109.0254,616.271,196.43361,886.5818,742.3516,-280.19403,886.6869,673.96295,186.24028,929.44806,962.27075,-56.654907,899.0183,883.81116,257.90607,968.90546,984.3615,-23.050913,932.5778,913.03815,261.18716,844.87524,1038.8973,24.329699,825.32355,952.9775,259.57428
back_lift_row_end_44608.jpg,1011.2685,355.44577,-119.769226,1010.4262,328.74194,-103.28656,1009.08484,327.84424,-103.23527,1007.8481,326.95734,-103.19029,1009.4459,327.79367,-162.62926,1006.4202,324.93402,-162.52768,1003.3231,322.23465,-162.8222,981.1956,315.368,11.017647,977.44653,307.9263,-261.31125,992.9998,365.53452,-73.153114,990.27966,363.30737,-150.14612,913.0369,382.93466,131.85265,888.9496,384.84814,-356.42056,849.63556,499.44666,-12.810541,762.2619,514.2129,-340.1498,907.67926,539.6255,-248.72618,880.3315,543.75916,-44.69846,921.581,553.8947,-279.9532,912.00665,558.42017,-56.070427,931.65265,540.88306,-282.78067,927.18945,539.6545,-40.97418,923.37994,531.4264,-260.9136,914.1827,534.1861,-31.031767,832.89545,646.0462,198.5613,813.2181,668.4989,-197.67491,985.4456,724.4588,380.0754,1016.72974,780.44434,-237.10292,933.30835,881.8345,681.7858,1008.77997,983.3241,-155.71417,897.9629,908.56134,708.17694,977.40393,1017.3659,-150.82565,999.79297,937.3484,725.3586,1095.255,1037.5181,-188.9529
back_lift_row_end_44608_flipped.jpg,910.6179,347.21048,-5.7026944,913.1636,326.85907,-37.84906,917.7117,324.903,-37.59253,922.1948,322.8879,-37.33256,908.9289,325.80963,15.428526,909.503,323.5193,15.220333,910.0963,321.338,14.95634,949.6444,316.4556,-115.707184,933.1462,315.34937,128.83109,934.90594,357.54056,-33.744453,927.51025,357.38275,37.47583,1033.5967,394.57883,-229.86687,1012.7813,377.07642,233.08936,1166.9974,508.8628,-177.53615,1098.5304,480.20273,56.083687,1041.2175,555.35236,272.0904,1025.0,522.1825,-350.14514,1010.381,573.2301,307.5791,996.80774,536.1066,-411.05634,991.8827,543.02765,316.1358,992.42065,529.17065,-404.96365,1012.5729,534.20953,291.65942,1004.50916,524.9439,-366.01456,1106.132,648.65186,-183.40584,1077.6586,628.10516,183.39499,885.6622,736.8948,-207.70181,890.37274,712.7949,140.75703,919.5607,949.6311,-127.80997,955.79315,896.0998,161.74922,958.7338,973.38684,-111.3332,990.7727,916.53644,158.67804,835.6581,1024.2721,-78.92084,921.75977,973.37585,153.32048
back_lift_row_end_48850.jpg,970.94275,328.81036,48.19118,961.0047,309.55072,74.11469,958.17865,309.00912,74.02866,955.4855,308.36502,73.94565,962.0016,308.85715,9.687014,959.31067,306.93317,9.76026,956.6106,305.14603,9.573801,930.9591,305.80386,184.52289,932.4921,300.36212,-101.69142,956.9783,340.54242,92.28325,956.9469,338.79355,9.835871,907.98346,391.15567,325.55933,883.2802,374.80078,-259.0297,857.96204,514.8098,369.81927,793.8958,500.2717,-368.43607,931.16156,548.2473,244.8371,916.7966,536.37756,-145.90968,949.03656,555.92224,235.06244,945.61163,551.3156,-139.64688,959.05786,542.83124,211.76292,956.26544,531.3688,-114.7153,950.65686,536.11383,226.06287,944.3191,524.8317,-123.14122,947.3183,643.51294,201.61801,937.64124,657.5044,-200.69037,1120.411,706.9247,205.47755,1166.42,700.18835,-186.869,1112.0117,843.00616,384.64005,1204.3862,870.94226,-40.742897,1088.8523,870.2145,396.52194,1179.6417,903.31244,-20.735508,1177.7257,877.0916,398.44952,1284.2104,906.94415,-4.996799
back_lift_row_end_48850_flipped.jpg,948.6888,317.54324,50.589844,957.2466,299.0962,8.680398,961.3473,297.78433,8.827359,965.6391,296.38257,8.970556,955.40424,299.57404,72.80725,956.97095,298.86642,72.67582,958.52905,298.29938,72.41929,992.24945,296.25137,-112.09264,981.9919,299.15448,173.5452,965.0228,330.57397,10.609728,960.7677,332.17905,93.58031,1037.0193,369.61087,-238.2022,1036.94,377.22086,305.23657,1134.1401,499.55276,-312.21436,1102.9707,482.10788,352.4549,1012.62006,526.10266,-127.7744,1011.3076,498.43082,234.55913,985.0325,538.4251,-138.34966,982.42804,501.95218,215.86339,981.40216,510.82025,-110.202484,975.49554,491.89304,180.60419,997.10803,509.14352,-105.893036,986.89966,490.48096,209.77655,968.9287,650.8386,-194.75597,962.8257,646.3907,195.00647,714.47406,708.1821,-207.04263,796.30505,763.7343,183.84964,723.2847,898.15344,-157.58295,901.3836,848.59656,374.3894,755.31885,926.58624,-146.04291,934.2242,853.0851,393.84418,643.26953,949.6703,-163.072,891.38727,909.9763,398.41147
back_lift_row_end_5277.jpg,982.8667,331.1717,24.611551,974.0355,311.55762,47.010918,972.1382,311.28268,47.037888,970.3312,310.92963,47.02019,973.8778,310.70477,-12.442759,970.8338,308.9571,-12.39363,967.7623,307.36215,-12.570227,948.3547,309.5401,161.58176,945.2433,303.25082,-106.77596,972.0956,343.77634,70.13416,970.1389,341.93256,-6.883051,918.6839,390.0223,289.47256,897.8458,377.683,-238.39986,861.9789,505.26703,258.93347,789.67725,496.2102,-351.3775,927.6567,531.816,91.20442,909.6742,531.1535,-198.75284,943.9209,540.1395,72.76966,939.4525,545.9921,-198.88342,953.7794,528.25946,61.73466,949.6797,525.6027,-179.43042,945.1737,522.9017,76.23758,937.486,520.279,-181.50613,950.97424,646.7801,204.01442,943.8594,658.895,-202.96475,1114.6182,715.6963,206.29874,1166.9089,708.96564,-207.61232,1106.1338,860.28033,366.10376,1207.6598,882.82275,-76.345116,1081.0035,889.6183,374.69855,1182.908,915.10474,-61.07126,1177.7898,892.1315,356.30383,1295.1548,918.61816,-61.096893
back_lift_row_end_5277_flipped.jpg,940.8906,326.1629,158.18533,945.2663,307.0068,122.08786,948.7107,305.35916,122.319016,952.32117,303.6285,122.32129,944.3043,308.1167,179.6613,946.1764,307.60916,179.52715,948.0481,307.2563,179.2865,977.57745,301.35944,-13.712571,970.11224,306.41934,246.12926,957.10706,337.83487,110.197685,954.0066,340.5668,186.19086,1022.45337,374.77597,-171.18892,1048.0024,375.8162,341.8313,1119.0574,499.2336,-234.23022,1120.5209,471.79544,455.1707,1006.17004,524.68866,17.553001,1026.1843,483.46768,456.29776,980.8311,535.444,32.799686,998.5351,484.49704,462.4184,974.5737,511.871,58.127403,991.7178,482.02463,437.82434,989.56433,511.55344,39.31457,1000.7682,484.2233,440.54092,959.03455,657.1328,-206.78813,969.649,646.4251,206.65239,701.2191,675.8997,-227.81787,797.29395,689.2237,244.7666,716.9679,898.00836,-292.81088,821.5373,851.09845,276.09637,758.4103,934.5609,-290.6518,850.6505,880.9182,274.9418,620.36017,951.90234,-249.19473,765.819,902.542,300.20065
back_lift_row_end_9231.jpg,1000.1461,358.56012,-120.854706,1002.1028,333.55072,-99.958916,1001.0457,332.52756,-99.883415,1000.1863,331.49164,-99.81418,1000.52905,332.31342,-157.26962,997.84924,329.23087,-157.18242,995.0838,326.28693,-157.41359,976.8773,319.1295,27.468523,971.4641,311.83963,-229.02394,982.38153,366.08878,-70.22805,979.30023,363.29898,-143.52074,918.7651,384.06152,175.88982,874.57196,382.96854,-330.93225,863.2357,514.5328,16.77808,757.21216,521.29443,-314.82925,908.6657,558.5043,-316.60843,885.91974,562.00336,12.568256,922.6815,573.339,-365.02994,920.9259,581.0933,9.979666,932.4688,561.03174,-372.99182,932.85236,560.8023,23.03187,922.7837,552.4087,-334.864,918.16394,552.2641,28.080639,838.68066,640.37537,196.90753,807.60156,668.41675,-196.24738,1006.39,718.50507,266.79797,1056.8485,761.9038,-261.87985,927.0825,876.6907,494.5846,1017.35345,953.2261,-101.15434,890.151,894.4826,514.5495,982.5288,976.12714,-82.750786,975.4749,950.8491,534.541,1088.617,1024.0165,-80.58126
back_lift_row_end_9231_flipped.jpg,912.8348,353.59796,10.846031,917.87555,330.99936,-24.179016,922.0355,328.60742,-24.00009,926.0447,326.19305,-23.689611,915.1429,331.21774,31.697123,916.4899,329.19922,31.502527,917.8902,327.26007,31.157656,955.7276,319.36826,-90.28496,943.29486,320.96872,162.54247,936.6709,363.16656,-11.988429,930.87506,364.0332,61.50874,1039.1556,391.87415,-208.31209,1005.6559,402.3081,271.8912,1147.2866,516.3634,-126.32657,1085.2052,519.0698,119.54815,1031.9568,561.27545,306.62955,1023.44446,532.79376,-261.50223,1003.90985,580.6737,341.19406,1003.4902,537.7084,-330.84158,986.23615,548.11255,330.38043,994.9093,527.65576,-322.60437,1005.39496,539.5405,319.62134,1004.9226,524.49817,-276.93854,1113.2106,653.6729,-187.25888,1081.4271,649.2041,186.98785,893.7022,741.28644,-305.21967,916.95703,770.2027,128.25737,910.78253,974.07794,-288.32043,1004.0697,915.2785,220.74637,948.5004,1007.855,-276.6746,1043.0056,925.14764,229.10455,806.5394,1045.7173,-301.24493,967.1984,994.3686,210.86977
