bicep_curl_start_0.00.00.00.jpg,1052.2202,143.217,-601.0173,1067.2773,123.22975,-565.4335,1076.5156,123.30497,-565.42035,1085.9669,123.20554,-565.22217,1041.2195,123.28472,-561.67865,1032.2249,123.06302,-561.58075,1023.1498,123.00892,-561.76526,1102.5509,137.82141,-341.8981,1015.6833,136.64859,-316.4687,1072.107,168.6329,-517.8694,1038.216,168.17763,-510.54782,1170.4703,284.98297,-185.1188,955.8151,280.78387,-207.31096,1196.4717,465.74283,-158.81741,922.98376,463.8755,-239.97102,1247.0875,618.8348,-386.32623,859.35547,604.1493,-486.84448,1269.3406,661.03125,-440.4138,831.27637,642.4391,-540.56714,1263.8025,661.60754,-521.75055,836.17114,640.9427,-617.81915,1246.6163,646.9401,-426.98154,859.5245,629.5007,-525.73914,1123.3601,613.4328,2.0734093,998.52057,614.4872,-0.5687535,1108.9033,844.57117,-8.48647,985.5708,839.457,-133.15237,1113.0203,1034.6993,355.20105,984.1063,1032.357,299.09207,1110.0343,1059.8169,376.0233,988.79663,1055.285,325.39462,1117.4756,1108.6903,154.5619,979.95667,1110.0778,79.187225
bicep_curl_start_0.00.00.00_flipped.jpg,871.8326,143.52846,-616.9472,880.92303,121.77189,-575.19293,889.7309,121.03192,-575.204,898.7527,120.14802,-575.065,854.4498,123.8756,-583.16315,844.4931,124.434875,-583.0443,834.4894,125.16927,-583.139,907.28033,133.52396,-336.2717,819.2046,139.87709,-358.21884,888.9611,167.64288,-527.7106,854.2679,170.1531,-534.3428,973.7224,278.8953,-185.92647,754.12103,287.61502,-264.7602,1008.18835,453.7365,-185.45302,731.377,476.54642,-275.27728,1073.5736,591.87897,-496.89447,683.67645,623.78204,-470.3333,1099.0087,632.9562,-563.7573,661.8154,667.24945,-515.25867,1094.802,630.63196,-650.1899,666.38184,665.14215,-603.2159,1076.6761,617.8623,-542.7052,687.33594,651.8283,-511.1986,939.5158,611.7126,7.8882794,810.367,619.79083,-6.2190557,934.2981,843.8369,-39.970238,817.1348,853.4844,-53.661385,938.7836,1041.4135,321.7049,808.8305,1037.3081,368.86838,937.32513,1066.745,341.57584,809.95087,1060.4443,393.10205,937.1949,1121.3163,104.66376,812.7276,1115.5377,138.91891
bicep_curl_start_0.00.01.00.jpg,903.1825,140.46182,-813.4562,910.98865,121.45598,-778.4382,918.221,119.98837,-778.4893,925.67053,118.353134,-778.4066,888.38477,125.93274,-782.5623,880.62885,127.31267,-782.31866,872.8868,128.81587,-782.1644,936.8052,127.53267,-523.8854,864.14703,141.21315,-532.5476,920.6806,159.17355,-715.36334,893.12964,164.23587,-718.25366,1014.02045,247.89598,-296.7306,829.519,275.76077,-322.68774,1064.5776,394.8527,-223.33119,830.8604,430.07477,-230.34293,1113.1865,523.1235,-497.95154,821.7061,562.8301,-424.66425,1133.8157,555.8559,-560.74896,813.5326,600.0285,-468.1157,1128.8402,560.9713,-646.3142,817.771,604.4597,-561.859,1113.631,551.2845,-538.4156,831.26385,589.03784,-466.00674,1019.4502,511.2935,5.2641325,911.7144,527.7005,-5.024046,1055.685,730.38617,5.4384084,933.09436,748.60486,-13.135242,1083.5099,923.19006,317.03912,947.64746,943.67505,304.49753,1077.8184,949.0564,328.93015,956.93726,967.51117,317.4815,1110.1097,992.9825,39.600636,948.2818,1019.1787,21.533485
bicep_curl_start_0.00.01.00_flipped.jpg,1013.4375,140.04678,-766.3463,1028.2429,125.05083,-730.2776,1035.6526,126.28464,-730.35803,1043.3268,127.419044,-730.2159,1005.88635,121.41382,-731.49,998.31714,119.913025,-731.2537,990.69543,118.5368,-731.0532,1052.405,140.1575,-484.7419,980.25604,127.45796,-477.43127,1024.4463,163.64319,-673.1145,996.96484,158.57733,-671.4374,1090.0886,272.74847,-273.67404,904.405,246.12535,-296.591,1092.5634,425.63916,-209.68465,860.76886,400.13702,-227.83885,1105.5575,562.3422,-476.47842,812.5791,524.15594,-442.45895,1115.4554,598.96344,-536.139,794.7044,559.5077,-488.17847,1111.654,602.80426,-618.19977,799.98267,562.6578,-573.4878,1099.8552,589.0353,-515.5353,818.01416,550.8283,-480.05154,1024.586,528.7125,-6.8094034,915.349,514.6529,7.085527,992.8869,754.01276,-33.490555,878.10675,730.1381,11.981912,965.252,944.9543,281.86484,847.1902,913.9118,369.7497,955.9144,964.54626,296.69293,853.27924,937.5939,389.3784,956.33057,1027.3156,21.740118,820.15735,992.9659,115.00817
bicep_curl_start_0.00.03.27.jpg,976.66296,102.397644,-573.4136,993.7755,81.34406,-545.206,1003.3524,81.54195,-545.0784,1013.21387,81.57297,-544.92505,968.1157,80.921616,-535.7871,959.3235,80.45626,-535.81226,950.4519,80.16735,-535.9369,1031.9059,96.172935,-344.09814,946.21826,92.91109,-290.8639,996.99805,128.60335,-497.00604,963.3766,127.40305,-481.4691,1099.8939,249.39326,-186.81374,881.1356,238.67336,-178.86339,1122.295,439.25583,-169.3938,844.3055,428.1976,-163.24883,1173.8036,594.84033,-366.7393,773.36206,573.4549,-372.6204,1196.2236,637.98846,-405.28284,745.368,614.40515,-410.62192,1192.086,638.8809,-489.27338,748.0501,614.0948,-490.55923,1174.179,623.8874,-405.95615,771.5475,602.2776,-410.7148,1041.5691,583.51697,5.66376,916.11694,582.02844,-4.3755274,1040.8298,817.1026,23.190758,906.9137,818.0934,-11.241076,1039.3076,1011.75146,348.96432,903.823,1013.97736,364.94864,1028.8503,1037.3966,367.27985,910.5207,1038.5381,385.58408,1063.7115,1092.6782,152.77876,893.5449,1097.9978,150.57416
bicep_curl_start_0.00.03.27_flipped.jpg,941.2461,101.410355,-626.6486,951.43365,79.403854,-589.53406,960.42896,78.42532,-589.4801,969.66846,77.27887,-589.3285,925.42816,82.28838,-590.8314,915.7645,83.15771,-590.8166,906.0224,84.216774,-590.9231,982.08606,90.83274,-373.93,894.8168,99.51151,-367.92706,960.86755,125.63186,-547.39813,926.50397,128.9714,-545.4594,1054.8916,237.3505,-228.39409,834.68384,248.68195,-258.745,1092.0531,418.26102,-214.40042,807.1061,441.6214,-258.2148,1158.2183,558.81903,-421.61072,750.0221,596.3058,-416.34833,1184.1731,596.195,-461.7342,725.2355,638.53845,-443.24384,1183.6,598.22815,-542.70917,727.5598,638.1166,-530.3629,1164.7927,587.0488,-461.7711,749.90045,624.44946,-457.18756,1014.92914,573.62506,3.5132408,887.21906,580.4815,-2.1991591,1009.0184,811.00256,37.38044,891.0234,818.5329,22.36082,1016.7256,1008.08875,353.99704,888.6982,1008.7397,400.15637,1011.2719,1032.7532,369.57217,892.1555,1029.6586,420.4623,1029.5582,1092.2858,138.2962,892.13275,1097.1738,169.3925
bicep_curl_start_0.00.04.01.jpg,908.974,139.62494,-848.4971,918.0567,120.935104,-820.2887,925.3924,119.54124,-820.2816,932.9658,117.966934,-820.1016,895.2375,125.129974,-823.9481,887.75616,126.30247,-823.7717,880.321,127.58944,-823.6748,945.9117,125.073105,-576.882,873.1127,137.36324,-586.1058,926.64197,157.07428,-752.7134,900.02716,161.52368,-755.7714,1021.0039,237.58406,-340.8534,837.4957,262.25278,-375.49652,1069.9023,388.66843,-247.36542,833.82733,419.89792,-293.0778,1115.0283,526.0704,-476.92712,830.21796,560.45264,-466.07556,1135.8304,560.6152,-533.9866,821.4528,599.328,-502.7795,1128.0321,566.64874,-616.8564,828.1171,604.6591,-598.59546,1113.2909,556.37573,-514.1387,842.4186,589.5465,-506.43155,1022.6583,507.9141,17.210716,914.3513,523.15186,-17.074877,1058.8336,726.3688,4.2365394,934.98004,751.8363,-46.19069,1078.0613,932.0145,262.19226,946.6134,959.26666,213.25514,1071.558,960.653,268.47665,954.73987,984.93225,219.90082,1104.3063,999.58484,-12.737039,948.61694,1034.4988,-73.82686
bicep_curl_start_0.00.04.01_flipped.jpg,1014.4361,140.04321,-821.78253,1028.152,125.5784,-790.45636,1035.2256,127.16432,-790.4869,1042.5532,128.62787,-790.3129,1005.69855,120.900215,-799.3526,997.91187,118.98972,-799.1815,990.1113,117.19652,-799.04114,1047.6572,140.06764,-541.97327,975.12634,123.87599,-574.28564,1022.04663,163.41821,-723.8069,995.50977,157.07857,-733.6945,1081.5634,264.39334,-319.68573,894.3727,236.31682,-366.6133,1088.4169,420.86188,-223.50415,850.56964,394.26474,-304.03937,1099.3075,564.7266,-429.11847,813.474,528.11957,-488.08972,1109.063,602.5281,-481.14648,796.9656,564.4528,-527.0928,1103.5466,607.83466,-559.05096,804.39197,570.61316,-614.71497,1090.8907,594.3535,-464.2133,822.8964,558.3289,-524.2227,1023.1724,520.0165,6.4014564,913.95,509.72714,-6.297824,990.8741,742.7476,-1.4141874,876.5714,731.6662,-2.754255,967.3819,947.5281,249.97604,844.8589,924.6274,301.54553,956.7682,971.7787,258.39362,852.3256,950.07153,315.5555,970.1855,1024.3281,-11.956461,812.5827,1000.2998,44.366238
bicep_curl_start_0.00.07.17.jpg,906.79175,144.42372,-916.03125,915.2799,124.29799,-887.4976,922.6107,122.70768,-887.49066,930.14514,120.94373,-887.3201,892.5231,128.74002,-891.3233,884.89966,129.91797,-891.1218,877.3017,131.21468,-890.9722,942.28894,127.26961,-635.44025,869.2917,140.36182,-644.622,924.3642,160.86102,-816.6351,897.2339,165.65111,-819.79376,1015.7887,236.33655,-391.43732,834.2922,263.82315,-411.84418,1065.2329,384.05673,-302.89252,831.6611,419.70486,-306.321,1113.8591,521.9218,-555.63257,828.4814,562.19775,-475.0632,1134.742,557.4254,-617.8369,820.62274,601.60486,-508.9391,1126.6239,563.54,-702.8434,826.5671,607.66724,-606.7045,1112.0853,553.3609,-594.28644,840.9315,592.4378,-515.7794,1020.779,506.2808,15.366066,914.4402,521.37067,-15.233697,1058.4656,730.25366,13.021967,939.28235,750.66895,-30.559273,1077.6293,928.98834,313.227,950.73663,948.4921,262.88614,1071.1576,955.8276,323.2199,958.48413,973.72644,272.81412,1101.3842,997.86456,35.770615,952.4268,1020.4067,-28.145058
bicep_curl_start_0.00.07.17_flipped.jpg,1015.9722,140.9472,-821.5892,1030.5015,125.22225,-787.1005,1038.1228,126.78172,-787.14795,1045.9989,128.22699,-786.96466,1007.28186,120.533066,-793.37054,999.127,118.5357,-793.1717,990.94366,116.656944,-792.99786,1052.613,139.89792,-535.8033,976.79456,123.50932,-553.27014,1025.1576,164.54184,-723.6509,996.87585,158.0915,-729.2183,1087.2616,262.11957,-322.16708,893.8961,236.80493,-356.38983,1091.9226,419.37012,-243.88615,845.6097,397.36267,-295.49097,1102.37,563.5576,-465.62857,805.5352,529.6128,-481.28964,1112.7445,603.00653,-522.607,789.3942,567.3558,-524.6157,1106.4368,606.5665,-599.1397,796.76074,569.33,-608.47943,1093.621,592.59576,-501.68283,813.9733,556.4698,-517.36865,1021.7302,520.52716,-6.303921,909.2568,510.7259,6.5037622,990.1856,740.7034,-24.217663,875.59033,731.4374,11.4397,963.7412,948.2747,231.20357,848.24445,923.51465,325.51498,954.60706,971.97473,239.44661,856.66864,949.687,340.237,958.56354,1029.1439,-42.41262,813.1652,999.98035,67.08805
bicep_curl_start_0.00.09.21.jpg,961.2225,100.751915,-538.0366,979.1629,80.39494,-510.35333,988.7646,80.650215,-510.2199,998.6486,80.73017,-510.03604,954.0017,80.10308,-497.56793,945.5746,79.78092,-497.55673,937.054,79.640495,-497.69388,1019.1599,96.08738,-314.54858,935.33575,93.1512,-248.25133,982.50024,127.1959,-463.92395,949.4404,126.117874,-444.48474,1086.8395,248.47653,-154.0823,874.3406,238.41566,-148.50766,1107.0747,435.27133,-127.39579,838.84045,423.02454,-146.78052,1152.3616,582.97424,-330.86237,769.7416,564.4571,-378.94016,1172.6893,625.2422,-373.58698,742.4781,604.5191,-422.85858,1167.6013,624.0771,-453.76843,745.0299,602.8505,-497.66052,1151.2517,608.9052,-368.88416,768.0483,591.2837,-416.30835,1030.469,575.38605,12.312429,907.78296,574.24884,-10.990865,1026.4888,810.1169,20.117632,895.1557,807.2735,-142.20631,1019.59247,1004.602,360.18866,897.3937,1017.84784,234.61732,1009.14233,1030.237,378.86157,902.0883,1043.7688,256.2142,1040.082,1081.9302,160.86462,895.7602,1099.6323,8.781939
bicep_curl_start_0.00.09.21_flipped.jpg,960.1881,100.170044,-554.0793,968.0581,78.18714,-516.1391,976.83154,77.29304,-516.09033,985.8513,76.23059,-516.0401,941.75903,80.8969,-523.2947,931.6401,81.71842,-523.16205,921.47705,82.71034,-523.2246,993.99585,90.396835,-290.86612,905.356,98.75516,-313.65512,977.43665,124.84596,-469.80835,942.5412,128.07855,-476.6261,1062.1903,241.5255,-142.29227,842.7291,250.15527,-214.46768,1097.4985,418.43848,-117.84458,825.0032,442.8252,-229.4622,1165.013,556.03296,-390.2218,775.438,590.91095,-454.11035,1191.6633,597.22845,-445.8455,752.15045,634.17,-497.08807,1188.5305,597.5124,-529.0555,754.83185,633.9801,-583.4485,1168.7805,584.663,-432.0669,777.15955,619.7486,-494.61755,1026.204,576.8798,21.75599,899.09906,584.00256,-20.10149,1021.7701,812.8808,19.208118,903.2072,820.3567,-61.443043,1019.1487,1008.41315,359.8972,901.194,1011.5568,346.63263,1009.5609,1031.4575,379.20337,901.6238,1031.7302,369.71124,1039.4431,1095.4889,162.26675,915.73926,1101.5686,129.45795
bicep_curl_start_0.00.12.03.jpg,907.96844,125.790764,-777.19635,915.1038,108.34362,-741.8083,922.02356,106.903885,-741.8766,929.17206,105.278175,-741.7176,892.6619,113.15537,-747.4739,884.98193,114.711006,-747.24005,877.3087,116.384995,-747.152,939.0374,115.038574,-500.4336,867.5013,129.72021,-520.4958,924.40314,144.86629,-685.46014,897.7872,150.21098,-691.48334,1015.46436,232.99463,-310.614,829.91345,262.45645,-346.8048,1066.0447,382.72528,-230.5198,830.12463,420.53906,-286.71704,1107.4392,521.4589,-444.7403,832.423,561.39276,-441.68024,1126.0239,554.54474,-497.74103,827.07556,599.5081,-479.2851,1118.776,562.046,-572.853,832.35016,604.6905,-562.2761,1104.2885,552.5505,-478.80307,845.1703,589.1643,-477.64612,1019.99585,502.82095,15.357869,910.75446,519.21576,-15.109465,1050.1226,722.57745,67.42981,938.8726,745.3906,-23.94297,1073.5002,917.703,355.56787,948.8981,951.84424,225.77304,1068.5442,944.2914,364.85254,954.40216,975.7816,232.96704,1095.3845,984.8988,83.69799,957.48914,1026.8821,-59.356102
bicep_curl_start_0.00.12.03_flipped.jpg,1012.635,125.56407,-702.50726,1027.302,113.174,-667.7822,1034.7756,114.79579,-667.8055,1042.5288,116.29636,-667.6508,1004.6177,109.01335,-670.97626,997.0188,107.49309,-670.7813,989.3859,106.10083,-670.6737,1051.951,130.86913,-432.52307,978.4704,116.316666,-436.9119,1023.6779,150.4598,-612.3649,996.1853,144.7715,-614.1754,1094.4508,261.5912,-243.93219,900.9282,234.6519,-271.02057,1100.7523,417.4527,-167.46896,856.8305,391.63693,-208.75592,1102.003,563.4031,-371.2793,817.2319,526.0067,-377.81918,1109.9949,604.73236,-422.1673,801.3438,564.1399,-412.0832,1100.958,608.9041,-496.22708,806.2604,568.7921,-497.1084,1089.326,594.45905,-404.83548,823.8306,556.3064,-413.56482,1029.9368,525.87335,0.4718963,915.9005,515.6812,-0.18969212,991.462,745.4202,-9.894431,882.35925,740.12054,7.377371,964.28296,955.11084,226.72925,851.85535,935.8848,309.1462,954.2587,979.9905,233.08641,859.50543,961.7434,322.7092,960.4888,1031.9277,-42.720146,819.8402,1009.9865,55.163624
bicep_curl_start_0.00.14.07.jpg,965.10565,98.155716,-570.26135,982.256,79.71555,-544.5521,991.4595,80.18908,-544.4793,1000.92706,80.48542,-544.32715,957.31525,78.982216,-535.77386,948.9645,78.57908,-535.7874,940.541,78.341675,-535.8766,1019.5148,96.11835,-352.92255,936.61224,92.013145,-306.9125,984.53564,125.25267,-496.6622,952.54614,123.5904,-483.11548,1087.821,249.08578,-192.94264,873.8234,237.06052,-195.55081,1107.5256,437.2592,-152.49033,841.794,421.10162,-175.36263,1150.8452,591.58203,-319.51315,784.5661,569.4999,-374.1787,1170.1135,633.6654,-351.0166,759.4276,611.88403,-408.98407,1167.9696,635.8134,-434.03818,765.3559,612.6399,-487.8141,1150.5691,621.4723,-357.11267,788.1715,599.9968,-410.79688,1034.16,571.4512,6.588799,910.0458,568.435,-5.517102,1027.2388,808.2202,19.887144,885.7652,801.13367,-109.196465,1028.4406,1005.6792,317.33484,886.338,1011.498,211.73613,1018.0504,1033.9813,331.53064,898.0602,1039.5846,227.36578,1054.1456,1080.5752,110.60187,857.0177,1091.4324,-19.550245
bicep_curl_start_0.00.14.07_flipped.jpg,956.5263,100.2069,-573.5619,964.4189,79.55575,-539.1614,972.876,78.361244,-539.1678,981.5902,77.01021,-539.1145,938.5087,83.246994,-544.2731,928.8718,84.479416,-544.2385,919.19244,85.867615,-544.32556,990.9382,90.366295,-326.45746,905.1458,101.63167,-340.24225,974.39343,124.05575,-493.56125,941.19275,128.40392,-497.5625,1062.9971,240.32736,-180.87509,846.73,248.9173,-232.8792,1098.4598,423.28,-146.65375,822.56274,439.94257,-221.0275,1158.1191,564.127,-351.76508,778.48535,589.361,-384.48572,1181.2676,603.2044,-385.90842,758.1784,632.1665,-408.38718,1181.1099,604.27893,-465.76126,759.3684,633.6112,-494.69525,1163.2769,592.36035,-389.36154,780.4852,620.26245,-423.1486,1026.2142,571.8136,19.80222,897.2335,578.18805,-18.552988,1029.8898,811.9763,34.00979,906.39606,819.6068,-40.48148,1032.3602,1022.76904,314.30655,894.32874,1025.8163,262.44858,1022.3911,1051.1091,325.8259,895.88434,1049.0695,274.8515,1054.5812,1103.2637,89.3388,896.9872,1112.9774,14.0586815
bicep_curl_start_0.00.16.04.jpg,903.51,133.38115,-851.8283,912.583,115.75208,-818.36926,919.9308,114.52082,-818.3936,927.4858,113.100426,-818.24225,889.87695,119.93459,-822.2589,882.2436,121.224754,-822.0827,874.64124,122.63542,-821.9481,939.3591,122.94284,-567.683,866.7738,135.22289,-579.3612,920.93945,152.20883,-755.4026,893.67804,156.62029,-759.3474,1012.09546,238.28722,-338.89047,831.14777,265.7728,-366.41702,1061.1716,389.37802,-233.65811,832.88727,424.66397,-290.0996,1110.0736,525.23254,-439.9131,829.87726,561.84357,-468.75623,1131.4498,558.642,-491.6792,821.5483,599.2816,-505.91092,1124.5085,566.4603,-574.88354,827.13806,604.7291,-601.8271,1109.4381,557.23663,-476.38513,841.65485,589.8354,-509.88922,1015.2903,502.22885,17.275501,907.79913,517.912,-17.10363,1052.8354,727.17163,14.85331,935.7953,746.6311,-39.64943,1078.104,928.36676,298.43478,956.5243,948.25305,252.69846,1071.8425,956.9453,307.36404,967.6649,973.12225,263.00116,1106.821,994.7391,20.050674,952.63715,1023.04895,-34.331444
bicep_curl_start_0.00.16.04_flipped.jpg,1020.98474,132.60313,-818.63684,1035.564,118.554306,-783.0006,1043.1262,120.1916,-783.0311,1050.9443,121.71244,-782.83496,1012.37274,114.055565,-790.0754,1004.3904,112.29734,-789.8637,996.3921,110.67118,-789.7041,1058.0471,135.36856,-526.33716,982.994,119.68946,-547.62634,1030.6251,157.0885,-718.8158,1002.3638,150.93605,-725.6227,1092.6484,262.82495,-302.96814,902.3,234.67746,-351.77634,1097.2472,418.0627,-213.36032,852.52936,387.9531,-286.34177,1104.6526,564.3773,-441.84525,816.7799,521.6642,-483.66956,1114.0703,604.7967,-499.06244,799.96375,560.87225,-529.1286,1106.7028,609.2715,-579.1466,810.37427,566.0356,-617.58075,1094.7914,594.8888,-478.61023,828.0943,553.09735,-520.65656,1028.3419,523.2224,3.2706516,916.18933,511.9518,-3.0785117,995.1717,748.4224,-19.14984,877.6412,737.2811,-7.2253923,963.3788,953.15576,251.64812,848.1185,932.45465,316.82547,952.43896,978.0291,261.14166,856.96967,960.8481,331.9945,961.92194,1030.8346,-15.752186,808.469,1004.99475,54.459576
bicep_curl_start_0.00.18.28.jpg,952.96375,96.532745,-541.45807,968.5563,77.1275,-510.0739,977.9012,77.27846,-510.00647,987.5094,77.26465,-509.89066,942.86096,77.362785,-503.2532,933.98035,77.366615,-503.15695,925.03,77.5373,-503.25027,1004.8219,94.23003,-310.1323,919.2069,93.38313,-269.3907,973.08746,124.01758,-466.47998,939.2232,123.67946,-454.86124,1071.581,253.0059,-167.66956,859.17365,242.604,-153.76167,1089.889,436.79608,-138.21796,826.56323,425.25555,-153.78546,1133.9957,587.11255,-362.80252,767.128,565.10675,-393.3608,1154.4945,632.0335,-414.34286,742.7752,606.75226,-439.2496,1148.533,631.6434,-494.8208,747.2992,605.5907,-517.11536,1131.666,615.3415,-401.19348,769.3119,592.70605,-430.7976,1018.54865,577.262,-3.0376158,894.42737,574.5944,4.3780003,1016.976,814.78577,2.5733662,873.897,807.02045,-54.696674,1020.8339,1012.7575,323.78516,870.6731,1008.003,308.83075,1012.81445,1038.9197,340.31464,879.322,1033.0885,327.5685,1039.7123,1092.0472,121.74828,854.24524,1091.6221,86.64524
bicep_curl_start_0.00.18.28_flipped.jpg,970.4365,94.1475,-557.5807,978.8885,73.32518,-520.0208,987.673,72.40606,-520.01263,996.6981,71.33541,-519.9623,952.4208,76.21553,-525.2448,942.4955,77.2004,-525.15247,932.50555,78.345566,-525.2668,1006.02686,86.113106,-300.532,917.9162,95.16807,-312.43024,988.3943,119.71257,-475.69656,953.9003,123.14188,-479.36945,1076.1421,240.7396,-157.6583,856.9182,248.74744,-202.40364,1105.8384,417.5932,-144.62584,838.52844,439.6429,-199.52203,1167.6691,555.15906,-440.4607,794.1348,589.009,-406.8272,1192.4003,598.5596,-500.9499,773.8918,633.92316,-442.1926,1190.483,597.0503,-586.8382,775.63556,632.8614,-530.73517,1171.6578,583.44464,-484.38205,796.46545,617.90674,-447.8072,1040.5583,576.31946,6.2948465,910.86035,581.1974,-4.925079,1036.3239,818.4746,27.34264,907.92114,821.2023,-11.71301,1041.7703,1022.8226,338.5292,907.10925,1019.5235,349.29358,1034.1313,1048.7196,352.00482,913.89557,1042.883,366.27435,1057.2406,1107.2994,108.1668,900.352,1106.3795,104.24801
bicep_curl_start_0.00.19.29.jpg,905.67865,128.54181,-784.2746,914.5602,111.451546,-753.327,921.645,110.37945,-753.3691,928.9524,109.13267,-753.2317,892.24426,115.32442,-757.87085,884.81586,116.56228,-757.6935,877.41895,117.90929,-757.6136,940.0133,119.541466,-514.41724,868.86224,130.77791,-528.8416,922.23456,147.92543,-691.6444,895.5138,151.99689,-696.2672,1014.7648,237.79553,-304.92233,830.8216,265.89325,-332.0121,1065.9697,385.3521,-219.66321,826.8704,425.7785,-265.5232,1112.0796,518.1316,-468.7361,827.1679,560.34076,-451.90515,1131.5989,552.5694,-531.84094,821.4457,597.83575,-487.86163,1124.8752,558.0207,-611.36206,826.4188,601.8852,-582.0211,1110.2177,547.81604,-505.66544,840.17096,586.3826,-491.82718,1021.8584,502.50333,14.4117565,915.7351,520.75275,-14.151768,1054.6871,721.51324,17.067686,938.7877,753.6921,-47.485832,1074.3242,925.33905,282.5391,951.21826,960.012,200.68245,1067.7762,953.69946,289.65982,961.3878,985.54944,206.64644,1100.1072,991.34674,20.14183,944.50446,1032.9131,-78.82453
bicep_curl_start_0.00.19.29_flipped.jpg,1013.81836,129.1147,-782.11053,1027.8379,115.20926,-747.36035,1035.3013,116.47663,-747.38336,1043.0353,117.62788,-747.20245,1004.8637,111.733246,-751.4523,997.04224,110.37127,-751.27124,989.19867,109.13467,-751.14575,1051.3928,131.03688,-501.9858,977.1116,118.607666,-510.5265,1024.6356,153.16536,-687.7458,996.87366,148.28581,-690.8071,1091.3407,261.34396,-295.90808,900.46277,236.4483,-314.25385,1095.3413,419.2584,-218.33923,853.85144,392.1131,-252.71135,1102.5393,563.8287,-439.80862,812.6572,522.592,-461.99603,1111.6823,603.72626,-495.30957,795.4712,560.2377,-506.87524,1103.9565,607.8375,-572.94885,804.27234,564.0522,-592.43353,1091.6576,593.52185,-474.8384,822.7294,551.3259,-498.71036,1026.4073,521.98785,-2.2069821,915.91846,510.77142,2.4186785,989.393,750.7719,-6.2471433,881.86707,734.41345,17.558205,968.02185,956.67957,254.557,853.94025,926.36066,347.21744,957.38617,981.46497,263.72076,863.4997,952.8708,363.5041,972.7883,1034.2427,-13.918909,816.8607,1000.80743,91.08782
bicep_curl_start_0.00.23.10.jpg,926.1408,87.96325,-622.90424,944.6523,68.70181,-589.0214,954.3002,69.11599,-588.96295,964.18945,69.3606,-588.7746,918.6378,68.12825,-579.0596,909.9761,67.77101,-579.0023,901.22534,67.60454,-579.10675,984.6113,85.73788,-379.60446,898.4298,82.10505,-325.823,947.71295,115.427284,-546.4319,913.6868,113.97668,-530.7155,1053.6552,240.26868,-230.65681,837.8517,231.57034,-203.68066,1075.9948,427.30106,-204.1658,802.9532,411.30768,-181.42494,1126.3193,578.12555,-403.37198,735.80896,559.35004,-380.88187,1148.165,618.1412,-448.07578,709.3646,599.5541,-416.74344,1144.5415,619.4016,-530.0052,713.48175,598.9356,-501.31323,1126.7404,605.00745,-442.805,736.4117,586.00085,-421.61227,1001.82324,562.896,-9.870734,879.03375,563.14526,11.004392,987.3048,799.77045,41.80102,865.58716,805.1498,15.754448,984.91254,993.1474,369.99142,861.9759,1002.50507,369.0273,979.16815,1019.5128,386.64487,872.7915,1028.554,387.2088,994.4578,1074.9218,162.81827,835.46027,1086.4066,142.91403
bicep_curl_start_0.00.23.10_flipped.jpg,996.209,88.59359,-539.5235,1003.5082,67.82544,-501.7618,1012.0499,66.79,-501.75586,1020.8488,65.59395,-501.7035,977.18445,71.0392,-508.87363,967.2478,72.10618,-508.8297,957.2533,73.32991,-509.00946,1028.8127,79.42903,-281.68347,941.40546,89.440834,-303.01996,1013.3743,113.50102,-457.18423,979.5504,117.40219,-463.4993,1096.8665,235.27675,-131.1423,878.0259,241.33653,-203.60045,1126.3793,417.36795,-90.61452,852.8883,438.68292,-216.51555,1189.2787,555.99023,-355.56796,804.542,582.657,-433.07474,1213.6675,597.7786,-407.6718,782.29395,624.74146,-473.29736,1212.854,596.0557,-494.3894,784.3741,623.56256,-555.1378,1194.0697,583.1859,-397.76035,806.3641,609.9242,-471.5032,1056.087,572.721,20.837152,924.77405,576.68066,-19.389341,1054.2843,816.2708,19.661152,931.6739,816.86835,-41.165215,1061.0634,1024.153,334.7177,933.79803,1014.00696,348.03543,1052.9329,1050.5233,349.5837,935.9037,1035.9154,368.07666,1079.0718,1105.2227,106.11858,948.4982,1098.412,107.00859
bicep_curl_start_0.00.23.19.jpg,903.8214,138.37643,-776.4043,912.3933,119.80665,-746.29224,919.5582,118.36199,-746.2741,926.96173,116.72839,-746.092,889.85785,124.155945,-749.74536,882.3621,125.35342,-749.5757,874.8918,126.67171,-749.5189,939.0481,123.484726,-506.68774,866.80457,136.3633,-516.79553,920.9984,155.44725,-683.3581,894.66077,160.00296,-686.58545,1016.3774,231.69023,-297.39963,831.0804,262.08243,-326.53778,1066.9374,382.60416,-209.31796,831.31934,421.18442,-258.03522,1111.4901,523.4735,-427.63718,831.0929,561.4857,-419.4696,1131.9445,558.4817,-482.35324,824.4568,599.40155,-453.64838,1123.5509,565.5988,-560.21423,830.1336,604.3748,-544.37134,1108.5421,555.8652,-462.69144,844.36707,589.5613,-457.53754,1026.6384,503.89618,17.934765,916.9167,521.4805,-17.730223,1061.4525,725.78046,36.979214,943.56256,747.73224,-29.92657,1082.8326,922.46173,324.02463,955.0068,949.67816,246.80334,1076.2435,950.10034,334.43326,962.10455,974.30426,256.6757,1109.5101,989.80774,61.613068,961.0938,1024.4485,-31.834856
bicep_curl_start_0.00.23.19_flipped.jpg,1018.0459,135.17236,-793.35535,1031.3014,120.284874,-758.29486,1038.76,121.2953,-758.30963,1046.4921,122.199615,-758.134,1008.2087,117.344055,-762.5886,1000.29565,116.16165,-762.40344,992.35956,115.10658,-762.2578,1054.1901,134.9539,-512.14984,979.9508,124.50359,-518.2723,1029.0674,158.49161,-698.6273,1000.9781,154.3476,-700.9488,1093.4926,265.94147,-310.13165,904.69727,241.40457,-321.003,1097.3146,422.78464,-244.11641,859.4448,395.6358,-248.11328,1102.3489,566.93884,-472.84744,816.4421,522.5631,-440.63437,1111.2972,607.33655,-529.8314,799.16614,559.3272,-478.61118,1102.456,610.62354,-606.8885,804.59216,563.42755,-567.9592,1091.0782,596.06177,-507.946,822.79333,551.76306,-478.76624,1026.6049,526.2428,-0.9906766,915.7209,514.68353,1.1382155,989.9265,751.42993,-12.673916,880.4414,738.53107,11.743908,965.63544,952.9573,265.8047,848.25714,927.9493,339.03723,956.3164,976.68695,276.43298,854.57623,954.3863,355.09857,961.89294,1029.788,-6.271674,817.87775,1000.8281,76.564125
bicep_curl_start_0.00.28.11.jpg,928.8385,87.668,-641.5119,946.11176,69.597404,-606.1162,955.41736,69.965515,-606.0399,964.9763,70.16092,-605.84326,920.5816,69.36028,-597.58405,912.13885,69.23434,-597.54083,903.62683,69.289314,-597.6724,984.5383,86.91026,-394.2609,900.50836,84.555695,-343.4786,949.83795,115.29964,-564.4962,916.746,114.345985,-549.68744,1053.6741,241.99307,-245.01837,840.06335,236.65111,-212.05322,1074.4716,426.07196,-237.87328,800.28674,417.9675,-199.48825,1119.411,575.7401,-469.25507,723.90356,561.9905,-401.51492,1139.968,616.823,-525.36346,694.0461,599.779,-436.37366,1133.7289,615.3054,-608.1689,696.515,598.234,-524.7138,1117.3198,600.52954,-510.76544,719.4963,587.07275,-443.9599,1000.1928,562.43494,-15.360598,878.3589,562.4611,16.272264,993.1736,797.2917,5.636597,865.2179,799.564,25.996883,990.02246,999.2872,307.4879,862.90137,998.0175,375.31558,982.2893,1027.2008,320.77682,874.743,1025.0936,392.34982,1005.8376,1079.6765,93.86154,832.7195,1079.8502,152.46603
bicep_curl_start_0.00.28.11_flipped.jpg,998.8178,86.67955,-543.19275,1004.99084,67.21599,-507.22504,1013.08673,66.384705,-507.22916,1021.42847,65.385414,-507.21844,979.7003,70.03781,-514.57983,970.01575,71.01225,-514.5068,960.286,72.13351,-514.5722,1026.9882,79.72704,-292.82922,943.3453,88.65771,-315.70084,1014.05615,111.8692,-462.26392,981.5191,115.2061,-469.24615,1093.7704,236.44868,-141.10321,879.50037,240.50876,-208.3312,1127.2133,421.77542,-91.982056,857.7775,439.26813,-225.2392,1198.2202,557.02734,-321.26254,808.6849,578.34406,-451.35162,1222.9259,594.7988,-363.45953,786.2613,618.19244,-492.3213,1227.0863,593.81665,-448.958,786.6033,616.5929,-568.6683,1208.181,582.27496,-362.22327,807.9475,603.08044,-488.14334,1056.9899,566.7539,18.743036,928.2428,570.4226,-17.208069,1054.1193,811.57965,-1.5996779,928.48254,813.63226,-73.176735,1057.1555,1021.09515,303.74304,930.7353,1018.5905,285.43134,1047.6553,1047.7915,318.15945,935.2758,1042.1364,302.5091,1078.8412,1102.4376,84.13528,932.8023,1103.8086,46.42391
bicep_curl_start_0.00.33.21.jpg,926.7372,98.0355,-639.0627,943.8418,78.665405,-605.2109,953.0965,79.011475,-605.1141,962.5873,79.1829,-604.87286,918.69086,78.11614,-596.9895,910.2844,77.736885,-596.94775,901.8047,77.54338,-597.114,981.8926,94.70317,-385.42844,898.5302,91.405624,-342.19275,947.3558,125.116844,-557.8913,914.5651,123.787056,-545.10266,1050.4178,248.18582,-211.09618,837.6055,240.43968,-219.63734,1073.8633,434.60556,-174.33514,800.8583,426.838,-233.29039,1120.0376,590.0227,-382.0786,729.39966,568.8207,-460.57065,1141.6506,632.3827,-428.27246,699.79956,605.2446,-502.78134,1136.7494,633.555,-514.1448,701.5019,603.31836,-582.72266,1119.573,618.03345,-424.02377,723.9233,592.64557,-500.61734,996.4959,572.8742,4.417523,873.49347,571.3861,-3.33507,994.24243,804.7402,2.4281723,854.6888,802.3725,-112.6333,987.9942,1004.94855,336.36273,857.45355,1008.72424,277.27805,975.584,1033.4075,352.78305,868.66785,1035.7634,298.26822,1017.1645,1082.0656,128.76736,831.955,1090.118,46.669968
bicep_curl_start_0.00.33.21_flipped.jpg,999.63934,95.71141,-519.60986,1007.13776,73.9037,-483.05746,1015.79553,72.93858,-483.07965,1024.7032,71.81747,-483.04987,980.884,76.753525,-489.94473,970.7881,77.61802,-489.849,960.63434,78.635376,-489.95996,1031.6963,85.23927,-265.90552,943.938,93.99548,-286.17877,1016.1553,120.18233,-437.4842,981.8859,123.58599,-443.71756,1097.6389,237.74304,-120.44073,878.2826,245.32321,-186.91656,1128.5154,419.4314,-77.396416,859.16266,443.15506,-200.35248,1196.5212,555.79333,-345.64255,813.3027,586.34344,-421.8235,1222.1951,597.43134,-400.9178,792.1263,629.1789,-463.29388,1220.9198,595.19617,-486.79898,794.6381,626.21765,-544.0872,1201.3141,582.29944,-387.48972,816.0979,612.0373,-459.64917,1057.8956,574.0848,12.90805,927.64966,580.376,-11.138983,1052.0042,817.75525,-4.5002503,934.7147,823.63666,-62.633923,1061.069,1021.7065,313.68848,937.3113,1021.3727,327.5711,1056.3862,1046.6141,329.7785,939.10565,1042.9618,348.14398,1071.8254,1104.968,97.99715,952.3713,1107.7208,96.66503
bicep_curl_start_0.00.39.09.jpg,922.7994,108.35903,-590.39935,940.4259,86.62078,-561.88745,950.0791,86.858864,-561.7916,959.97626,86.91764,-561.56537,914.4901,85.88709,-553.81665,905.6505,85.25301,-553.8041,896.7319,84.80392,-553.95734,978.82025,100.420135,-352.5492,892.3852,96.35614,-310.9215,943.1185,134.33052,-510.63864,909.39844,132.76062,-498.1854,1044.228,249.12823,-173.32506,829.3183,240.17131,-203.07043,1064.7189,437.8058,-127.56496,795.3793,430.8891,-202.66478,1115.8485,588.1096,-324.5456,731.0552,575.8122,-410.99594,1137.6173,629.6168,-363.81958,704.16156,615.1101,-449.30545,1135.7455,629.50183,-448.04184,705.95557,613.87854,-527.09454,1118.1202,614.84,-365.27777,728.9416,602.25256,-448.5535,991.0436,581.6017,17.52478,865.29736,579.88525,-16.298994,989.7423,816.414,26.236195,838.8492,808.4486,-159.36313,980.1266,1009.6704,381.3743,837.7742,1015.5518,238.87881,966.69946,1037.7383,400.45325,846.9587,1043.3239,262.26514,1008.60065,1085.2032,182.12881,816.06934,1094.4775,11.171333
bicep_curl_start_0.00.39.09_flipped.jpg,996.1474,102.034355,-536.2633,1005.57367,80.72405,-498.4085,1014.34436,80.14543,-498.3942,1023.3528,79.41078,-498.34338,979.4143,82.36398,-504.94897,969.5055,82.73761,-504.86435,959.54987,83.28854,-504.97205,1032.2185,92.52356,-275.78592,944.63635,97.227554,-292.48404,1012.8898,126.719345,-452.42725,978.8452,128.52664,-457.6082,1099.7863,238.5307,-136.98233,879.42145,246.2368,-184.24966,1131.6261,416.14813,-112.75818,860.1124,437.92947,-179.93954,1194.5334,557.9732,-399.20956,818.2996,584.81714,-377.74915,1220.3119,601.7734,-458.9941,799.6522,629.1639,-414.54083,1215.8927,600.6343,-543.4689,802.4071,626.98566,-500.81857,1196.3519,586.6459,-442.10648,822.78326,612.7347,-417.19025,1064.3724,576.9615,-3.4522328,935.08124,583.48193,4.8870907,1061.5525,821.74493,-20.424376,939.972,814.36365,-8.403975,1072.3174,1030.1313,268.74588,946.28845,999.5873,385.7226,1067.178,1056.9624,281.79752,954.0981,1021.8136,407.236,1086.9642,1114.7048,45.228313,942.4342,1084.7214,164.1765
bicep_curl_start_0.00.44.07.jpg,918.6709,100.448395,-586.85474,935.54517,79.24824,-555.01324,945.2956,79.24206,-554.8971,955.2962,79.052025,-554.7113,909.05164,79.44557,-547.3207,900.00195,79.24682,-547.27386,890.88947,79.23266,-547.44714,974.79297,93.80677,-340.44644,886.3738,92.83622,-299.43173,940.29224,126.8011,-506.69894,905.54517,126.46777,-494.56683,1043.8278,248.84065,-166.95277,826.97546,239.04749,-191.06969,1067.1537,437.36972,-124.86501,792.9133,425.12592,-195.20999,1115.7307,591.78094,-326.29626,727.95233,572.1597,-424.09808,1137.1652,635.0271,-367.0857,699.7389,612.77136,-468.3174,1133.8978,635.685,-451.6211,703.4706,612.14557,-546.7597,1116.5895,620.1389,-367.19473,726.35846,600.0647,-462.91403,988.8799,580.87506,14.736819,862.69977,578.535,-13.529527,991.2322,816.339,25.826094,845.3174,810.0766,-116.81813,980.5767,1012.3628,374.17062,847.71924,1015.41986,288.834,966.3373,1039.6362,392.47037,857.3141,1042.0115,311.89236,1010.3697,1092.5175,171.45494,829.58234,1098.6096,62.95909
bicep_curl_start_0.00.44.07_flipped.jpg,1008.7971,97.823006,-548.08856,1016.9188,75.802704,-510.80527,1025.8173,75.10136,-510.8124,1034.9585,74.24172,-510.76605,989.8662,77.82698,-519.9006,979.3715,78.390175,-519.839,968.816,79.11299,-519.9346,1041.1433,88.18762,-289.7829,950.5356,94.34583,-318.6632,1024.6125,123.33732,-464.34506,989.3088,125.65327,-472.9148,1106.3567,239.74487,-152.63597,880.9942,244.86742,-210.54584,1135.8058,424.7546,-126.571945,858.4557,440.63885,-198.43527,1202.7191,563.90405,-391.43817,813.86743,591.2218,-375.09833,1227.8325,606.25366,-443.9941,793.4761,636.18945,-403.56946,1227.2932,604.30597,-527.88477,795.8283,635.63367,-491.7438,1207.7266,590.78546,-433.332,817.7002,620.8861,-414.46432,1070.3584,577.10767,7.1999397,938.2898,582.82086,-5.7331295,1064.6128,822.394,18.84578,936.5295,821.9332,-14.347105,1070.299,1025.4989,325.41882,938.1421,1016.36835,355.49503,1063.5087,1050.9446,339.5309,945.30426,1039.2584,374.35535,1083.2893,1112.1512,100.89416,931.7899,1104.4254,117.60563
bicep_curl_start_11976.jpg,995.00726,100.17091,-610.49365,1009.26953,84.75281,-575.5863,1017.6416,85.723,-575.56854,1026.2864,86.56094,-575.50366,983.6936,82.55511,-575.19635,975.0271,81.87218,-574.9956,966.28613,81.336464,-574.98535,1037.1282,103.055214,-345.76605,954.07666,95.12356,-336.49908,1009.1366,127.79701,-523.97894,977.0801,124.66266,-521.34924,1090.232,254.94917,-189.75142,874.7009,230.28484,-183.90013,1112.7882,401.73303,-197.71335,824.5621,380.79358,-166.81294,1120.7627,524.57733,-607.0733,768.78174,499.50534,-493.1868,1127.9338,569.2205,-709.95715,747.3969,537.49615,-575.97235,1111.7649,562.37573,-783.19244,752.9817,538.19604,-661.0394,1102.7407,546.4514,-647.83,772.5097,526.7044,-537.1961,1002.4339,563.21674,5.0300093,874.1818,546.3501,-4.400253,984.607,801.81934,-21.156593,815.22534,776.4696,-39.952892,960.10657,997.976,324.45853,769.0736,968.10474,332.04303,945.9316,1020.9005,341.18585,773.3346,994.0596,349.84476,962.5994,1085.1248,87.6354,737.36444,1050.6978,77.856606
bicep_curl_start_14114.jpg,979.0392,135.08858,-729.54565,991.8751,114.54325,-703.35315,1000.3558,114.57238,-703.2653,1009.1149,114.43871,-703.08026,966.55884,113.88185,-704.75916,957.59796,113.31833,-704.6365,948.6102,112.91684,-704.4848,1019.469,125.048836,-491.6897,936.71967,121.91303,-491.48856,993.4828,158.94232,-647.0218,962.67883,157.75809,-646.9273,1077.064,264.0757,-328.54605,858.07983,242.99745,-343.71112,1086.6543,434.91678,-280.9125,804.43475,408.4764,-306.28107,1103.4924,591.8995,-489.8525,752.8804,556.57996,-469.61945,1117.2649,636.4705,-550.4334,730.5416,595.75183,-510.1997,1101.5781,637.4907,-622.20557,738.532,604.59296,-594.24554,1087.7965,621.8188,-523.6121,761.58057,594.0114,-506.68195,998.4524,570.2941,15.712352,868.83105,556.21265,-15.35268,986.9479,810.7143,31.29252,803.99835,783.2265,-81.537384,964.7495,991.08826,367.4696,763.8096,969.15186,249.68367,949.53253,1013.9245,386.79944,769.0852,993.55054,266.9977,983.7175,1078.3948,159.49507,734.16046,1056.823,8.645623
bicep_curl_start_14114_flipped.jpg,949.1609,132.22173,-883.4353,958.0248,110.812195,-855.7301,966.3937,109.75274,-855.629,974.97974,108.4556,-855.36084,932.8699,113.9648,-861.66974,923.7648,114.79405,-861.5806,914.6943,115.77986,-861.4728,984.75507,117.71864,-617.1738,901.983,127.23771,-637.9863,965.9326,154.02113,-788.2213,935.27313,157.1805,-794.1864,1063.2255,238.60062,-412.85898,847.2388,264.4591,-432.25787,1114.1921,404.74878,-316.92706,838.80365,440.68103,-370.1998,1171.9325,553.9974,-479.76663,825.3767,592.81104,-538.54736,1195.5746,592.01587,-526.7989,813.19446,635.5038,-577.84875,1185.5281,597.25684,-608.09393,823.96497,640.9085,-669.3324,1168.1028,587.02454,-514.6231,843.2318,625.5266,-576.9197,1065.3313,545.98486,8.646359,936.91296,564.90704,-8.469207,1123.2513,781.5157,22.427795,937.0375,801.3564,-38.18509,1150.9696,972.78174,371.81876,954.8301,998.87994,314.3573,1141.6047,1002.1733,392.05936,973.16974,1024.8344,332.7939,1197.2273,1048.7028,157.5944,925.8835,1089.4507,71.88685
bicep_curl_start_15586.jpg,983.2302,102.041855,-693.46246,998.57166,86.39886,-660.1696,1007.16785,87.64808,-660.09973,1016.0456,88.747925,-659.9345,973.0021,83.63226,-661.1633,964.1059,82.73053,-661.11096,955.1596,81.988174,-661.00995,1026.2026,106.96391,-440.081,942.7363,96.857025,-439.75977,996.7471,131.47046,-610.0675,964.46375,127.389824,-609.5092,1080.0983,259.44653,-291.50018,860.3336,235.18199,-298.0903,1096.995,431.99103,-237.61911,812.6753,403.3438,-258.4306,1097.3606,592.40015,-427.86105,759.8762,548.0317,-428.9783,1104.7583,639.2955,-485.61377,738.30225,588.42035,-466.5351,1085.8773,640.0756,-554.65485,744.6573,597.8058,-551.21106,1074.6356,622.6672,-459.7325,767.3243,586.562,-466.36877,1003.8323,566.0464,15.532653,874.81384,551.01605,-15.108862,987.3664,812.85455,56.904587,810.6997,780.59595,-62.05397,960.11523,992.1615,418.63705,771.7772,972.68463,261.3272,943.35754,1015.5641,441.06686,779.94305,1000.223,277.92877,983.5866,1077.3683,233.50154,729.74445,1055.8756,30.953787
bicep_curl_start_15586_flipped.jpg,949.24207,96.599464,-874.0747,957.201,78.57908,-838.2469,965.6124,78.025635,-838.1648,974.2778,77.21724,-837.91797,931.07184,81.54903,-849.7907,921.3954,82.74005,-849.71967,911.7352,84.09636,-849.60486,981.4706,93.34483,-591.8081,895.21423,103.024826,-631.7138,965.3842,122.87035,-778.98956,932.2908,125.99608,-790.37506,1061.9347,234.28485,-396.76672,839.57794,253.83963,-441.21445,1121.535,399.24924,-313.10602,835.43414,431.30185,-387.44458,1173.5203,551.54767,-498.31213,831.5644,582.0819,-579.4126,1195.0468,593.8523,-552.85736,821.46484,627.66626,-620.2306,1182.1399,599.3591,-631.1032,833.63116,634.9152,-711.9202,1165.129,586.4889,-533.0302,852.9676,617.2015,-617.55585,1067.2858,547.3429,18.406345,937.5754,566.977,-18.26283,1122.978,778.85913,48.038048,942.8224,801.9427,16.725021,1148.9944,972.31085,400.13306,958.65814,994.985,412.93744,1138.8104,1000.35333,421.59018,978.58386,1020.6477,436.83035,1196.4679,1053.8567,196.34158,917.1701,1086.5048,184.07753
bicep_curl_start_15820.jpg,992.2114,98.09579,-896.1518,1006.4872,84.45103,-858.4109,1015.0256,85.59631,-858.32385,1023.8622,86.57256,-858.003,980.3447,82.4039,-861.00696,971.4005,81.99767,-860.9246,962.451,81.74604,-860.84155,1033.7128,106.37583,-615.249,949.4481,99.106445,-618.5678,1005.8155,128.4326,-805.52356,973.76154,125.361946,-806.16656,1086.0022,262.64386,-413.72336,869.4039,241.84885,-442.47787,1103.2678,431.1196,-341.43134,816.93866,408.434,-405.30954,1113.1937,591.9901,-549.7531,750.39343,544.4508,-577.4826,1125.9547,635.9061,-609.0318,722.7959,577.6555,-606.15784,1108.6293,640.4323,-692.111,727.4802,588.4496,-706.96704,1095.7968,624.8388,-587.949,752.3753,580.667,-620.61096,1014.2637,551.0789,17.341866,885.3454,536.90875,-17.162567,986.60547,798.3013,19.31966,825.9303,770.2682,-106.65323,963.6675,999.00793,347.3125,778.78937,977.09485,224.65605,948.8523,1025.2532,363.01505,786.0385,1004.426,240.89964,985.92737,1083.8918,111.25495,734.3433,1063.6047,-36.51845
bicep_curl_start_15820_flipped.jpg,937.14856,99.10519,-924.7412,945.81854,82.877846,-884.8048,954.09406,82.32272,-884.7329,962.6252,81.51295,-884.41174,920.2504,86.12981,-893.3851,911.13513,87.52158,-893.32056,902.0416,89.06068,-893.2814,971.7912,98.09096,-632.7455,888.5745,108.50838,-654.29755,954.25854,125.064735,-829.2974,922.50354,128.47421,-835.584,1054.1255,237.01099,-428.70685,837.12915,256.82855,-452.77158,1118.1726,398.52963,-349.91382,827.3687,429.38907,-391.80667,1183.392,546.2243,-547.6965,814.35504,578.386,-563.8377,1206.0704,581.902,-602.2635,804.67633,617.6426,-591.4554,1198.3287,586.4713,-685.41925,809.1709,628.46893,-694.22107,1181.9763,576.6366,-585.26965,830.45703,614.6294,-606.47614,1064.6022,533.7172,10.122057,935.999,553.7849,-10.131934,1111.4441,774.3811,15.200386,944.79675,793.4762,23.178993,1147.7203,976.6258,360.82947,957.04663,991.7626,410.5249,1141.3059,1003.2832,379.30463,974.45483,1016.6468,432.64764,1184.1881,1061.8776,111.84025,924.5692,1083.5509,154.54164
bicep_curl_start_1961.jpg,978.6828,125.788734,-788.98285,993.14905,107.50342,-762.0975,1001.87024,107.9979,-762.00964,1010.8646,108.3309,-761.7983,967.7558,106.0098,-759.8426,959.01117,105.294395,-759.8128,950.2244,104.74738,-759.69714,1022.98883,121.19025,-546.24243,940.3401,115.25393,-529.452,993.9237,151.08527,-705.03125,962.86993,148.69759,-699.7533,1079.261,262.2248,-375.3307,862.006,237.5747,-357.026,1089.8832,442.28503,-325.559,806.723,406.93182,-302.19742,1110.8114,605.47723,-484.8979,743.4022,551.9016,-464.80664,1125.5431,647.85425,-528.18616,719.01215,589.8942,-495.81036,1114.0406,650.44635,-605.4494,722.49646,596.49097,-585.39453,1099.6904,636.01227,-519.3693,745.7919,587.43115,-504.61682,995.94476,568.5896,8.817092,866.7695,553.8624,-8.493201,983.7318,811.9702,47.654934,802.7983,783.1479,-49.557613,962.337,1001.3774,401.7562,768.1206,979.08,275.74142,946.4006,1028.1444,421.81418,777.60455,1008.89655,291.36267,989.36804,1084.5612,190.10309,722.59705,1058.3773,28.316881
bicep_curl_start_1961_flipped.jpg,951.6271,124.2929,-842.7392,959.0933,102.692825,-810.19806,967.6504,101.57331,-810.15027,976.4129,100.21124,-809.9183,932.97943,106.23505,-818.97644,923.154,107.3588,-818.89386,913.34845,108.64578,-818.6752,983.1104,112.451996,-569.921,896.92065,123.78178,-600.78705,967.50757,148.06644,-748.84814,934.8112,151.92464,-757.32104,1058.6747,239.69508,-381.76376,842.01117,266.42026,-401.67303,1116.9789,407.92303,-318.10547,840.5009,446.4776,-349.9904,1184.6292,556.36194,-474.6915,823.8178,601.68085,-528.9242,1210.8234,592.8329,-518.0935,810.1344,645.73517,-565.51154,1202.4692,598.42535,-598.2078,819.1019,651.80597,-655.28754,1183.6251,588.7772,-509.81296,839.4935,635.98456,-567.24286,1066.8011,553.6867,13.323518,939.62787,573.80536,-13.099113,1130.3174,785.5358,63.488766,933.7666,803.9066,-51.135506,1150.4812,970.02594,456.23737,955.9162,997.9218,317.58362,1138.445,997.9736,482.13834,977.601,1024.1925,339.23593,1202.0397,1050.7295,273.67902,912.492,1091.2051,89.34194
bicep_curl_start_25183.jpg,983.2684,113.447975,-819.0976,997.07465,95.896935,-782.19794,1006.0531,96.69757,-782.1387,1015.2999,97.34175,-781.89307,970.15,94.10395,-787.5897,960.51135,93.49405,-787.51306,950.84283,93.03439,-787.43494,1024.3773,114.6422,-541.59186,936.18866,108.02265,-559.75104,997.31805,142.40588,-728.22406,963.4646,139.73734,-733.2884,1075.3466,266.05725,-357.35742,855.6848,244.90515,-397.0086,1088.1034,435.80453,-281.0584,807.13025,413.8978,-355.8643,1097.159,594.87775,-487.53778,754.85,558.4241,-525.4599,1107.9943,640.8882,-547.0151,733.0486,598.3652,-563.7911,1092.5804,643.0376,-622.9443,739.13403,605.7715,-654.053,1079.8086,626.5424,-523.5493,761.094,593.97266,-564.72766,1001.0843,568.25397,22.688034,870.5815,553.1435,-22.28535,985.03796,812.75775,53.718517,811.5361,780.67834,-64.72625,956.7096,1006.70245,383.7548,766.85645,975.86865,270.5881,939.0921,1031.7062,400.44025,772.9366,1002.3686,287.91174,980.2872,1094.4773,158.00954,728.78284,1062.1885,19.842108
bicep_curl_start_25183_flipped.jpg,944.9566,113.748184,-826.67957,954.1631,94.48765,-792.9162,962.541,93.38445,-792.9003,971.15283,92.05579,-792.7205,928.96564,98.45013,-795.16046,920.1032,99.82214,-795.0646,911.23914,101.36153,-794.8809,982.4184,105.37344,-560.9969,900.34106,117.643654,-559.47125,963.349,137.62416,-738.2679,931.8425,141.89586,-737.6667,1064.5546,242.29134,-386.86954,849.83044,263.0833,-360.35385,1117.3334,409.89377,-332.62283,845.01575,434.94696,-301.663,1174.2291,563.1387,-497.2061,831.8519,585.5314,-522.70874,1196.3241,601.5187,-543.4712,822.3066,629.2973,-570.80884,1187.6289,607.8593,-622.19586,830.9319,634.24554,-657.6045,1170.4708,596.4448,-531.087,849.80133,618.08527,-561.9236,1060.3125,554.98413,1.7291385,932.6841,572.2275,-1.5628983,1129.4554,789.26385,17.272799,938.589,805.62085,27.241789,1155.3011,971.7094,427.3602,961.3758,993.3195,416.66068,1145.618,996.11334,454.69916,982.0863,1019.01575,439.46744,1197.3405,1057.9752,231.30637,924.1247,1084.1002,183.56659
bicep_curl_start_4082.jpg,973.06323,118.7283,-732.8252,986.7413,100.86325,-697.2876,995.2936,101.137184,-697.2793,1004.10724,101.26799,-697.2086,961.5002,100.175934,-696.41174,952.7909,99.84953,-696.2561,944.0103,99.71001,-696.10815,1016.0576,116.09403,-467.615,934.11115,112.8607,-451.60074,989.2171,144.67755,-646.0644,957.34674,143.33644,-641.34296,1074.6487,266.23676,-311.38977,859.72266,246.381,-290.3098,1081.5375,442.30167,-270.42685,811.24054,415.98526,-229.00728,1092.2415,608.8591,-458.43658,750.9819,568.77594,-400.43207,1103.5197,653.94604,-512.48895,727.928,609.856,-436.02402,1091.4379,658.00836,-587.94586,732.00354,617.75323,-525.5767,1078.3022,641.73615,-494.08447,754.20337,605.9627,-441.25443,995.0432,576.4891,6.5101395,867.4104,562.7753,-6.2034326,993.9633,818.2631,46.180717,803.76917,792.67053,-2.9786932,957.6892,990.9268,479.9401,772.1846,971.65985,405.78873,939.3348,1011.29517,509.97202,782.0639,997.2848,432.0225,979.8707,1084.3916,305.27988,726.4071,1057.487,194.12286
bicep_curl_start_4082_flipped.jpg,949.829,116.44628,-859.0755,959.33887,97.01506,-829.2775,967.92065,96.08117,-829.1946,976.72064,94.915855,-828.9804,933.8648,100.63002,-832.87085,924.7315,101.96094,-832.846,915.6129,103.43347,-832.72705,987.65533,109.196594,-609.1386,904.0508,120.49193,-615.3763,968.23035,141.28561,-773.4896,936.14014,145.12392,-775.12805,1067.9954,245.88539,-436.7144,852.8752,266.67352,-428.72247,1124.6317,416.5856,-381.51825,843.6286,440.66983,-364.51398,1185.5415,568.5836,-518.3153,835.80585,600.90875,-518.07007,1209.6138,607.66876,-559.9925,825.06067,647.6194,-549.5738,1199.3696,613.0042,-635.53735,837.08093,654.15906,-636.9885,1181.6376,601.51526,-551.14685,855.81104,636.57666,-554.8428,1069.4081,549.2843,3.967171,942.9204,567.398,-3.7537162,1128.8226,783.7246,24.350336,940.5465,805.6483,-9.563699,1153.8248,976.16486,360.7426,956.27014,1005.58636,311.91037,1144.5201,1003.89233,380.4411,975.432,1032.876,327.32535,1198.5415,1055.8049,157.19946,918.7929,1094.7083,72.87512
bicep_curl_start_47084.jpg,976.2402,159.4578,-842.44464,989.6261,137.21829,-820.7938,998.2447,137.1415,-820.77075,1007.11053,136.89233,-820.6133,964.4666,136.1011,-821.47675,955.67004,135.06865,-821.34863,946.84534,134.2149,-821.2367,1019.0264,142.75311,-601.11005,936.40656,138.17085,-594.8601,991.46185,180.23792,-752.9564,961.1499,178.43257,-751.0409,1076.9252,274.85925,-404.89957,860.20245,249.03413,-405.93555,1081.8099,453.02283,-340.25067,808.81213,415.1813,-328.26672,1092.373,611.7465,-484.3143,752.75757,560.475,-461.66983,1103.4666,650.728,-527.95465,729.42896,597.5125,-492.13034,1094.9456,653.38025,-600.7813,732.5499,603.24884,-581.9601,1081.9689,640.02374,-517.3419,753.886,594.0963,-500.7625,990.74786,583.1179,10.428584,862.98615,568.73474,-10.291068,974.1887,814.19055,34.92542,806.74835,793.7987,-12.018817,954.5422,998.54706,402.69702,767.1422,975.62463,382.10306,939.4973,1022.91595,424.56613,773.28516,1001.7867,405.21765,975.59235,1082.4745,186.08969,731.22766,1056.0568,154.20844
bicep_curl_start_47084_flipped.jpg,949.28925,160.85687,-859.2035,958.83386,135.86311,-837.9931,967.4446,134.89961,-837.94696,976.2523,133.69766,-837.79877,933.3276,137.73518,-843.4202,923.86914,137.698,-843.3305,914.4334,137.81071,-843.094,984.2547,138.36333,-602.6502,899.6107,143.46933,-621.75354,964.18054,179.99937,-761.8412,933.0563,181.35957,-767.2679,1054.9868,244.89915,-396.48474,841.81964,266.4584,-393.1762,1107.6984,413.11798,-308.9357,844.3625,444.29803,-312.97064,1176.7982,558.50464,-447.4535,836.6511,598.49,-497.33752,1202.5349,593.7604,-484.72302,826.5261,643.71674,-538.1866,1197.7712,597.8423,-564.95496,835.4647,646.47614,-627.8441,1179.4943,588.88995,-481.69385,853.5578,630.2693,-535.3857,1058.1232,558.74426,5.395415,933.1303,577.35345,-5.23472,1130.1016,784.6296,22.760157,934.5229,805.8128,-4.842291,1151.582,969.4507,380.26535,959.37885,994.4704,341.6794,1139.1176,998.35004,403.48267,981.62463,1020.9658,361.01627,1203.6404,1049.9419,185.7708,916.9859,1086.2411,115.35147
bicep_curl_start_48595.jpg,983.0213,114.66125,-703.99286,995.84576,96.804016,-672.13855,1004.36176,97.09958,-672.05145,1013.1605,97.243904,-671.8712,970.34546,96.14229,-672.60266,961.37134,95.860596,-672.536,952.34534,95.76033,-672.4203,1023.42706,112.49059,-458.82956,940.3962,109.48331,-452.6676,997.8699,141.51796,-623.51733,966.06946,140.30695,-621.4221,1078.5322,264.65903,-306.84402,861.32556,241.9376,-313.19006,1086.1509,436.84122,-266.70923,809.7254,408.27356,-270.09814,1099.0146,593.77344,-454.76834,753.57306,556.4231,-430.4476,1110.8741,637.7411,-506.14224,731.1684,595.4372,-463.85538,1097.3643,640.1584,-578.7912,734.91406,605.5378,-550.34,1084.3604,624.7209,-488.39014,757.8575,595.6487,-469.47986,993.8307,572.2617,15.692188,864.92413,556.77075,-15.383653,980.4869,811.1311,60.779602,803.2925,782.8508,-51.670586,961.77545,995.7523,411.03745,762.94794,971.8811,283.25256,946.5855,1018.69226,431.4993,768.57227,996.7984,301.39822,982.4336,1082.5443,208.34119,729.8572,1057.8378,46.626827
bicep_curl_start_48595_flipped.jpg,945.2982,109.78796,-828.75116,953.94824,90.83721,-799.1608,962.46265,89.715034,-799.08295,971.222,88.34901,-798.8906,928.2697,95.18001,-803.5692,919.08826,96.82999,-803.53076,909.94415,98.62686,-803.39124,982.6038,102.64513,-581.8612,898.2863,116.22815,-589.07635,964.1352,134.68315,-744.39954,932.2026,139.47598,-746.37915,1067.2224,240.62778,-411.2427,847.3543,262.54688,-408.7208,1125.8308,408.46268,-358.31268,838.6792,436.11066,-350.34006,1181.5099,558.77997,-516.8047,829.6987,589.80316,-507.73328,1206.28,599.6544,-564.723,817.01794,635.2889,-538.19086,1191.5593,604.30756,-639.776,829.75195,642.6392,-628.1881,1173.7622,592.32245,-549.31635,849.9358,626.4322,-544.77356,1062.6561,549.20996,4.2990484,931.5628,566.75183,-4.195496,1128.6272,782.74603,12.802084,932.65857,805.36707,-10.50279,1158.1879,981.36633,329.78192,951.07184,1007.8673,303.16098,1148.0662,1011.6103,348.07315,970.28253,1036.0948,318.8793,1208.344,1057.958,124.602066,915.1688,1094.989,67.72285
