chair_dip_end_1032.jpg,1181.0457,144.84296,-235.79373,1172.3647,113.8504,-222.42877,1169.5084,112.00139,-222.43951,1166.9231,110.14899,-222.50584,1172.1246,116.5215,-297.973,1167.5022,115.31808,-298.03122,1163.0338,114.15968,-298.1567,1128.2067,106.559616,-111.28401,1125.8269,111.790794,-443.88864,1157.1113,159.14684,-184.24844,1153.7511,160.45097,-281.18,1039.302,205.41968,84.59255,1044.1436,224.5829,-549.59766,968.9607,380.88202,177.44641,959.7268,409.5643,-581.14374,956.718,511.7074,158.11143,902.47424,574.0757,-515.1843,951.76917,541.971,178.14894,877.8309,611.3853,-586.5744,967.15485,543.7724,130.95949,896.6784,616.65875,-573.38696,965.70844,534.41534,134.97563,904.6171,601.07495,-509.845,989.8501,521.2736,209.78323,989.58746,555.11945,-208.61905,1120.7113,703.0915,375.53656,1168.5498,742.7056,-116.489334,1102.5209,883.53766,652.5165,1131.7473,946.2819,154.8171,1075.6892,907.2599,674.3658,1092.6146,970.4282,182.3622,1167.3374,946.5847,642.8726,1202.5142,1015.845,147.18639
chair_dip_end_1032_flipped.jpg,737.915,137.30986,-291.20547,745.72186,112.97461,-340.4748,749.39215,111.07458,-340.5882,753.2845,109.0626,-340.69705,744.7164,111.53986,-267.66595,747.8926,109.29035,-267.8231,751.24457,107.06362,-267.64584,788.8518,103.21251,-450.3839,784.31573,101.15537,-111.79184,762.72894,153.24045,-325.68588,762.0135,152.3341,-228.05765,891.1726,216.80533,-574.8679,868.01855,203.56664,139.4182,996.1831,388.9255,-662.54395,943.36475,373.17264,197.75128,1034.7457,559.02124,-639.0569,976.2629,525.21106,98.194565,1057.717,595.69,-740.113,985.63513,562.21686,107.76988,1027.3599,604.7753,-727.06006,977.86664,561.9705,48.227005,1020.57916,589.8118,-637.20654,971.40826,549.5928,68.17521,958.5763,538.8291,-238.18944,939.97687,516.2323,239.03983,726.6139,741.4964,-194.95534,798.30634,717.6603,388.11285,794.831,959.56537,79.9556,811.1836,920.3973,677.9108,838.209,988.6816,103.437904,851.04095,955.18646,699.58685,707.8019,1035.9216,45.01314,710.8441,991.4055,642.5489
chair_dip_end_10414.jpg,1094.4608,175.00716,-117.78027,1095.683,147.957,-102.92165,1093.7794,146.56783,-103.0123,1092.1022,145.0262,-103.14533,1094.5919,147.02748,-163.99417,1090.7645,143.7502,-163.97343,1087.0057,140.52719,-164.28339,1063.2406,135.27092,-2.2721956,1057.8451,128.89119,-275.366,1071.6519,186.67119,-70.13861,1068.5769,182.36395,-149.49655,985.61774,215.45416,205.07309,973.4334,214.45163,-393.85782,952.8412,390.36154,286.311,920.3924,397.53738,-425.29562,964.3539,514.44995,291.89105,904.85925,571.0649,-470.3674,967.5254,540.7395,325.01825,884.3273,616.50525,-568.2705,979.03345,544.16077,261.10742,913.4197,621.0361,-545.74005,973.6734,536.7671,265.05515,918.92706,605.4585,-464.31564,1000.4401,525.8831,202.24228,992.1565,553.9929,-201.1909,1069.8278,726.6047,234.36401,1135.1512,767.77844,-192.40155,1033.5614,924.21204,396.8499,1033.8126,965.9442,3.0750782,1001.11334,953.2288,408.8561,984.1017,983.6605,20.050734,1112.3801,997.6482,367.0477,1101.5321,1059.771,-26.623825
chair_dip_end_10414_flipped.jpg,815.9954,166.69731,-214.98503,820.52014,141.68481,-273.5646,824.4038,139.5542,-273.602,828.557,137.29329,-273.5424,819.33057,139.82507,-203.92831,822.2878,136.94969,-203.9563,825.42896,134.1073,-203.82307,862.2802,124.24192,-412.0787,856.5771,119.63081,-87.180336,839.8595,177.11569,-259.00525,839.6293,175.82417,-164.90865,954.20935,224.90573,-527.5597,919.86945,196.10132,109.447296,1014.6957,410.98984,-571.82733,957.1426,375.57657,171.81076,1031.508,580.0171,-564.053,958.85736,524.531,128.37413,1052.9926,620.8068,-639.934,961.35236,564.2168,144.35303,1024.4622,624.1799,-638.49786,953.5277,562.01654,96.50623,1017.4126,608.2719,-564.11255,952.726,547.23224,104.14892,932.0088,546.8351,-208.97914,907.7272,522.64795,209.72408,779.8142,769.67346,-226.54738,840.8015,732.559,247.4556,863.46967,986.7202,-51.935925,893.9264,934.6259,477.3447,908.50616,1013.5999,-41.133503,927.1138,968.36365,490.89954,783.0293,1072.4315,-164.67023,829.9214,1011.00525,405.03275
chair_dip_end_10766.jpg,1164.9253,139.35837,-227.51292,1156.8668,107.35674,-214.1249,1154.0604,105.13037,-214.1896,1151.539,102.87732,-214.32428,1156.2302,110.538414,-288.62424,1151.4661,109.36644,-288.7063,1146.8467,108.223434,-288.8154,1113.428,97.66507,-100.399666,1110.0977,104.24943,-428.95544,1141.2013,152.42233,-175.0301,1137.6714,154.31776,-270.69577,1029.4385,196.24397,101.08792,1033.0648,215.23656,-521.727,961.387,377.94293,188.14574,959.6665,400.23453,-551.1122,943.0566,524.6404,187.67476,904.1363,568.4789,-522.6415,937.5738,558.15314,216.65224,879.45654,607.94617,-603.60016,950.2806,562.9737,168.7201,897.6514,613.8315,-585.6452,948.9886,552.2648,166.3066,906.23914,598.31793,-516.80695,995.2185,517.2851,210.77637,994.22107,547.5353,-209.7449,1117.6532,710.1256,342.47372,1172.2037,732.1887,-115.68456,1101.0972,897.24,613.1426,1144.3647,932.2218,175.00433,1075.8383,920.5948,633.6485,1108.2651,956.5759,203.94704,1161.8055,963.7779,584.3201,1208.5112,999.2533,165.04036
chair_dip_end_10766_flipped.jpg,756.71313,125.94343,-264.005,766.0962,100.93419,-316.07086,770.5736,98.72935,-316.1175,775.288,96.4218,-316.1355,764.33124,100.18382,-238.92357,767.5714,98.163734,-239.11383,770.9525,96.175026,-238.88307,813.01935,89.78462,-425.7367,805.9481,89.52217,-67.392715,782.78094,141.62357,-299.21985,781.3756,141.71852,-195.60287,909.86816,206.69751,-535.462,884.68915,195.41771,176.7075,999.76514,390.83365,-623.30164,951.1792,376.54816,238.17075,1030.729,569.2416,-615.95917,974.76276,548.11475,158.53351,1054.3958,608.6816,-716.6214,982.42365,590.65375,175.90233,1020.47644,616.9205,-708.0083,976.3164,590.81885,122.44234,1013.4702,601.1127,-615.1912,970.9616,575.78455,131.31866,954.94836,533.2059,-236.20639,934.9212,514.16156,236.99445,725.1238,724.64294,-213.29008,789.79083,725.1496,370.41684,786.3827,959.8242,12.448294,804.9962,946.35144,625.9295,826.3266,997.5493,26.677439,842.80383,986.1804,643.46497,688.55005,1026.2272,-49.24384,701.5266,1015.75085,586.859
chair_dip_end_11000.jpg,1012.2103,177.80165,-46.253597,998.5191,156.55074,-27.935814,995.31714,156.00125,-28.040386,992.321,155.29758,-28.165854,1000.1803,158.12996,-97.70796,996.76074,157.97386,-97.78284,993.4361,157.80887,-97.912224,966.44293,160.46455,72.14316,971.22485,162.51799,-238.00554,999.92957,192.48186,-1.6271392,999.67633,193.16112,-92.05066,945.7545,261.3387,262.33014,934.4571,250.98824,-387.09332,920.5174,418.7955,328.70056,900.1737,407.24484,-453.80905,927.55255,536.081,265.77896,892.6533,555.9779,-470.79593,929.1719,561.4654,296.67218,876.4949,590.56287,-540.8843,943.19507,562.7302,235.85603,896.76447,596.97797,-520.5986,940.10547,554.9395,236.93684,903.3446,586.0301,-462.8623,976.4979,514.4363,211.6325,967.38416,526.87085,-210.57858,1126.5563,649.4701,160.85564,1165.3633,639.3129,-271.6077,1127.2192,824.39453,325.5502,1187.0734,851.0163,-127.18527,1104.5392,851.88916,333.69812,1161.1095,885.7729,-117.83665,1199.5632,869.4042,275.22122,1264.4963,893.7951,-193.69687
chair_dip_end_11000_flipped.jpg,914.40625,187.68217,-152.04524,923.19727,167.00372,-191.80574,928.0895,165.87836,-191.97842,933.2093,164.7058,-191.9984,918.29443,165.27718,-127.0258,919.3039,163.56906,-127.08818,920.5376,161.89839,-126.94552,960.29114,161.35854,-291.52774,944.1454,157.57008,10.654866,932.2106,201.85228,-184.05241,926.4264,201.0207,-96.58799,994.1913,252.89609,-424.49564,1009.5189,241.42279,202.59673,1023.516,419.71808,-495.5935,1029.8561,414.27112,270.76392,1037.2164,565.614,-514.49133,1012.34174,553.65704,212.982,1053.6556,600.3501,-596.3184,1010.23474,590.8545,235.30931,1034.4425,597.5451,-585.6127,1003.5514,586.49713,177.32251,1027.7388,585.6659,-511.64258,1004.06433,573.24805,187.91187,937.5441,534.99347,-219.31291,946.9061,521.96234,220.10167,702.1574,659.7954,-215.23622,796.0753,662.41626,327.32065,724.3582,853.40814,-29.137178,771.7631,830.159,579.5105,756.5893,884.18195,-11.959196,793.5007,867.58203,596.72363,648.357,916.1327,-62.763676,691.7958,870.7022,534.4822
chair_dip_end_11090.jpg,1071.5845,144.19955,-96.602425,1059.1299,119.13044,-71.949104,1056.3811,117.12921,-71.94788,1053.8645,114.99094,-72.041275,1058.3641,122.40104,-140.073,1054.0513,121.99623,-140.0532,1049.7832,121.6211,-140.2884,1022.13477,115.78517,45.84822,1018.50275,124.777916,-252.74486,1055.0818,159.92706,-45.026104,1051.4952,162.23007,-131.31734,978.1154,226.2023,255.36644,963.31775,231.00433,-394.91345,965.2911,395.6615,335.5654,931.80005,410.6069,-422.92606,978.4711,510.17484,314.0843,913.2652,576.09924,-470.84296,981.36786,535.1219,343.21075,893.4034,619.1594,-565.6142,990.85364,538.1069,277.8952,921.2332,624.2668,-547.6264,986.2844,530.69104,284.50162,926.38873,608.733,-466.5282,1005.32007,524.40875,208.06696,993.85266,548.00916,-207.07446,1096.8243,721.5228,232.10287,1135.3665,757.4003,-225.72693,1058.0706,913.6434,411.9633,1039.6722,958.5198,-38.918095,1025.4609,943.16394,424.2913,991.4201,981.30817,-23.011427,1136.7365,981.1152,382.5188,1110.6886,1043.8615,-87.829926
chair_dip_end_11090_flipped.jpg,852.86554,143.57526,-192.77815,862.6073,121.797676,-252.68176,866.437,120.547874,-252.64494,870.5132,119.17686,-252.56087,862.9155,120.70787,-183.05408,866.4243,119.15365,-183.10307,870.02136,117.666664,-182.92497,902.1693,117.38548,-387.03027,900.45386,115.015526,-62.981,871.1965,160.60382,-234.68478,871.83716,160.16171,-141.32617,964.67535,239.96317,-506.2895,935.9483,212.17375,148.58615,1001.86224,427.04254,-552.1944,972.06976,387.40466,208.98378,1016.41034,585.7503,-573.17114,969.37994,525.3317,151.54121,1035.2866,623.7965,-654.7873,971.704,562.8399,165.00154,1012.3318,623.4193,-660.80615,963.0431,560.3224,118.48237,1006.0442,610.60516,-577.27435,961.9863,546.9666,126.94552,923.65936,552.993,-212.63208,900.4361,529.804,213.24463,790.4756,761.6437,-202.59267,824.5449,728.01953,300.05618,874.24097,984.2938,-36.226185,898.30115,919.565,528.6989,916.5669,1017.03564,-29.730389,932.8654,953.1237,544.25183,779.9117,1054.5322,-172.41681,825.8326,982.91815,477.04843
chair_dip_end_11701.jpg,1022.9575,194.29556,-174.8047,1013.68964,170.8962,-162.3038,1011.4244,170.40924,-162.40337,1009.4105,169.77295,-162.41112,1013.8445,171.4182,-229.00958,1010.13153,170.51447,-229.08662,1006.5479,169.62782,-229.29369,985.2695,170.65454,-55.192066,983.2875,169.61108,-354.84445,1009.88617,207.37689,-126.84741,1008.23706,206.93134,-214.43044,964.77344,260.62302,166.79689,928.9255,251.16241,-487.97836,935.1678,413.82617,270.31125,900.37036,406.94464,-558.61945,943.43994,531.6909,207.82043,902.59143,557.84955,-589.5849,944.0508,556.16675,234.97627,887.3776,592.9835,-666.1994,956.7761,555.9646,170.38358,913.15796,597.8919,-656.7886,952.71594,548.1898,179.35017,920.0341,586.5586,-584.4615,975.60846,519.9884,218.90785,958.7814,531.0891,-217.96591,1100.1431,665.7731,234.37868,1156.6879,660.7594,-281.56522,1070.4155,817.8391,400.48978,1172.8217,862.4309,-193.15292,1046.4092,840.8269,410.28235,1144.3188,894.56476,-188.79181,1137.2927,863.70764,357.95712,1260.5642,912.37524,-283.43515
chair_dip_end_11701_flipped.jpg,902.2793,195.8413,-102.4662,908.4503,176.89856,-144.45969,912.0055,175.82289,-144.58359,915.7763,174.67548,-144.52069,906.422,175.10754,-83.12407,908.5128,173.40862,-83.196945,910.84033,171.72832,-83.08979,941.071,171.7716,-270.89755,934.2577,168.35884,17.56167,918.6216,210.65703,-146.33685,916.5981,209.64929,-62.7539,981.5778,267.0527,-435.5943,991.4196,249.10916,182.81279,1017.05853,423.32483,-537.91064,1009.3663,412.91452,235.72444,1025.5269,560.7909,-555.1216,998.6443,546.9409,175.9185,1040.3225,594.44855,-643.3216,996.4461,582.6628,201.34784,1014.81604,592.3708,-627.11914,993.0566,580.1958,145.54002,1009.5425,579.3134,-550.7558,992.6098,566.70984,152.5319,942.7717,538.378,-213.30363,948.9148,523.60754,213.98012,722.77234,656.04846,-207.90515,800.1789,641.04205,318.0613,738.7242,857.7832,-55.9371,792.8559,821.75476,536.8122,768.1191,888.6768,-43.95202,818.702,859.15204,550.9902,663.47144,920.3278,-90.21249,714.73047,865.2571,509.87476
chair_dip_end_12627.jpg,983.84204,188.39977,-70.50605,973.2346,166.82207,-53.060795,970.34845,166.39816,-53.217304,967.68,165.78917,-53.326275,974.59033,167.76686,-120.04744,971.2356,167.33347,-120.15595,967.98785,166.89017,-120.35172,944.45905,169.90662,45.471222,947.44946,169.88779,-256.3668,971.78687,203.1427,-27.485126,971.20123,203.04507,-115.41785,927.1646,266.79617,234.97485,908.5352,255.46498,-415.65082,909.78284,422.39218,313.06097,883.43085,406.90588,-507.59015,917.15027,545.2386,264.90933,889.1325,558.5617,-552.4775,918.8442,571.7878,295.4321,876.2638,593.85706,-631.85254,927.9593,572.0785,235.70825,898.9399,597.71155,-609.97675,925.4435,563.5555,238.33873,904.39575,587.0298,-544.054,972.9729,522.37463,219.18471,963.31915,535.10754,-218.23532,1119.2634,651.72705,186.16339,1168.632,649.86926,-271.0436,1114.6896,810.02814,372.36957,1185.1631,854.31824,-106.1855,1093.1262,835.2374,383.88446,1157.8721,887.127,-93.72568,1183.7106,853.89417,338.24026,1259.8613,901.8974,-162.1428
chair_dip_end_12627_flipped.jpg,931.25214,190.27852,-35.942715,940.6968,171.28491,-80.50442,944.72174,170.41011,-80.566925,949.00256,169.49178,-80.58898,938.756,169.3095,-13.530083,941.1378,167.6647,-13.658048,943.73596,166.06961,-13.579603,975.09534,167.98541,-207.23727,967.6743,163.45915,101.45034,944.84576,205.54352,-77.17682,943.09314,204.19733,12.083193,1006.5248,258.55685,-367.3873,1021.23676,255.319,280.54797,1031.0011,416.76633,-477.28595,1038.042,414.41284,357.9642,1041.1185,562.0302,-493.22964,1028.9418,548.406,302.9667,1056.7025,596.45874,-567.7056,1028.4489,581.743,331.0179,1037.964,597.00214,-549.95074,1022.17267,578.79425,278.4245,1031.7195,584.9209,-487.55786,1021.13,566.2768,279.55493,946.7408,542.5947,-221.15723,955.6537,536.03894,221.75789,716.54895,673.8057,-211.05444,809.44653,673.9036,321.51434,737.9389,869.15405,-46.299534,781.14325,840.7766,546.51013,768.0367,897.65436,-30.360306,803.61005,876.477,560.9791,664.4442,936.11163,-77.959465,699.14923,883.2637,498.68384
chair_dip_end_1511.jpg,1198.7585,141.14816,-227.25046,1191.6293,109.14117,-211.46909,1189.0597,106.962395,-211.49367,1186.775,104.7544,-211.55067,1190.9032,112.109665,-285.0968,1186.2096,110.70736,-285.19492,1181.6538,109.34436,-285.3605,1149.331,98.67582,-97.873955,1145.3373,104.93278,-420.89563,1174.9135,154.14891,-176.8568,1171.0922,155.68182,-270.88617,1068.1235,197.53065,94.40136,1055.5276,216.13225,-526.1312,998.76996,377.81644,179.42096,968.697,402.86533,-558.44714,985.2024,514.34705,168.81975,903.86957,571.0529,-519.00024,981.06836,544.6954,191.85654,875.96246,609.1093,-595.1173,995.23785,547.4432,143.27501,897.537,616.1615,-581.29663,992.9625,537.22186,145.61794,907.53925,600.2629,-515.0745,1019.7994,516.49603,207.52199,1006.684,549.8236,-206.4828,1147.7476,715.51794,290.81015,1188.9464,750.9435,-173.36375,1120.4735,900.12616,531.069,1133.5978,947.2636,73.73602,1091.0901,922.04846,549.1876,1091.0851,965.79285,98.06759,1185.1919,977.11194,507.2433,1204.1958,1033.3824,61.881214
chair_dip_end_1511_flipped.jpg,725.0571,132.64822,-287.35358,733.8099,107.32073,-342.39526,737.8741,105.18326,-342.42322,742.1562,102.93143,-342.48846,733.11884,106.313774,-265.7403,736.5775,104.24412,-265.92523,740.1897,102.22635,-265.72516,779.3986,97.25993,-458.34802,775.88983,96.63606,-102.79242,750.83057,149.07593,-323.08893,750.3384,148.74261,-220.57172,878.34406,216.90134,-566.27637,859.7457,202.60872,142.40074,988.89166,393.58447,-647.13153,946.03235,379.85367,196.49373,1027.8798,559.5964,-629.8776,983.45685,533.6837,112.881035,1051.295,596.4619,-730.8478,996.17566,572.8729,124.25336,1020.8454,602.29193,-719.4928,985.96826,572.5004,72.17676,1015.0375,587.9773,-629.5401,978.3834,559.758,85.66116,939.8359,547.07776,-237.15923,921.48883,522.9177,237.98021,699.1078,738.8422,-219.78282,773.208,700.6071,380.99158,791.6322,965.63696,40.145958,796.8422,913.73175,663.1334,838.1678,996.4398,61.096603,838.25775,951.998,684.0995,703.78,1046.5234,5.098354,693.16473,985.2728,636.7525
chair_dip_end_15733.jpg,988.27344,193.58768,-262.2175,983.1974,167.83652,-250.71135,981.9398,166.8779,-250.75075,980.908,165.76196,-250.72638,981.6526,168.84003,-307.06137,977.60547,167.92564,-307.0912,973.72614,167.01714,-307.3071,959.21735,166.22887,-143.9898,952.1398,166.23024,-396.92813,975.92456,207.48482,-214.02386,971.5121,207.3302,-287.95477,925.3012,251.48672,87.768105,910.6719,257.49414,-502.3954,909.90955,412.31635,189.70744,889.3873,413.32422,-556.4676,921.5992,539.19653,160.26276,900.1931,560.85767,-583.34174,923.05536,567.865,186.94794,889.339,597.2415,-661.18,933.24677,566.4973,130.25197,917.7577,597.5472,-646.93494,929.83435,558.2297,136.93489,922.0916,584.64716,-576.01636,967.322,514.8777,204.55652,967.9884,534.0117,-203.83832,1059.2675,670.80865,250.58801,1177.7788,660.6555,-248.00684,1007.3031,824.47003,434.51215,1180.3484,851.5447,-79.15773,980.8102,847.18933,447.93646,1151.2251,879.6855,-64.09396,1062.6882,876.34924,410.9115,1252.3912,909.9588,-114.703476
chair_dip_end_15733_flipped.jpg,922.0621,188.45181,-49.524998,929.83356,168.73015,-96.184,933.57227,167.7352,-96.266914,937.5934,166.69962,-96.264725,928.62866,166.38062,-26.959818,931.3717,164.3977,-27.057125,934.3171,162.4557,-26.979414,965.64734,161.8329,-234.51237,960.52527,156.17223,85.354706,937.40155,202.23508,-95.537254,936.9798,200.6906,-2.7958674,1013.294,251.85736,-402.1581,1015.7793,241.20374,266.9443,1032.2643,410.84573,-504.73984,1026.4653,403.1138,348.08807,1030.3077,558.90094,-523.2339,1012.186,536.7099,281.43817,1044.2765,595.5055,-607.2715,1009.99066,569.5498,308.48367,1021.28894,595.8769,-590.45386,1002.9849,565.88324,250.79118,1015.6556,581.5609,-517.5033,1002.4895,553.1974,255.07475,956.7357,539.3071,-223.57803,958.5071,526.5263,224.21422,723.5116,672.26056,-225.06525,807.607,670.0731,305.9417,737.70935,865.8713,-43.585987,782.4108,841.8218,526.18805,766.7048,893.95874,-26.91012,805.9985,878.0632,539.87384,663.1,931.48566,-75.96408,698.23206,885.8456,475.51193
chair_dip_end_18980.jpg,1037.7126,188.3088,-82.66226,1028.7812,164.52263,-64.80337,1025.9514,163.14874,-64.90958,1023.2977,161.6066,-65.029106,1029.5406,166.63818,-131.97005,1025.8549,165.88791,-132.035,1022.2437,165.14195,-132.18933,997.3386,161.51086,31.846018,998.749,165.09361,-266.83466,1022.67096,200.97379,-39.69285,1021.0858,202.00636,-126.70207,961.94586,258.81824,220.0569,946.03424,247.87431,-418.59695,918.8878,413.58167,289.35355,885.3182,396.118,-492.04684,935.36774,529.8062,200.72475,887.61206,548.98914,-439.1527,939.49884,556.234,213.77443,874.17175,587.2144,-503.12152,951.85815,552.399,158.12224,901.6792,587.409,-477.8034,948.9163,543.82184,171.51903,905.6317,573.0547,-426.98694,983.54816,527.8401,212.07288,971.85974,540.5632,-211.15782,1131.8213,659.26953,194.50237,1174.187,650.7843,-265.94614,1134.3502,821.3353,357.30118,1203.8746,858.2274,-120.949585,1112.7566,847.35284,364.0135,1177.3154,894.6259,-109.677216,1200.8883,865.0494,306.9836,1284.801,898.07385,-171.29752
chair_dip_end_18980_flipped.jpg,889.02515,190.89188,-112.82177,895.01587,172.13654,-153.13612,898.32556,171.02916,-153.31328,901.8516,169.84048,-153.34601,893.0625,170.62512,-94.668816,895.22644,169.03346,-94.68416,897.6054,167.45044,-94.53238,927.9658,166.60396,-270.5328,920.4499,163.6121,6.2343774,906.06506,204.51033,-153.85907,904.19574,203.77867,-73.53563,980.0408,258.17484,-429.19437,980.1676,244.12383,178.3478,1046.5347,411.8607,-523.65186,1012.76917,403.45734,221.8118,1044.2346,558.941,-525.98425,1007.9837,540.9324,138.5626,1056.6342,593.0534,-613.76843,1007.70215,577.12897,154.93106,1024.7887,592.8158,-593.6055,1003.6305,574.57855,94.394714,1020.0887,580.0467,-519.27515,1003.5718,561.54785,112.24107,946.66534,536.8936,-216.60788,944.4374,521.59393,217.23553,714.6057,659.91174,-224.74956,790.7579,652.5523,304.7862,727.0995,862.3778,-41.695877,768.8839,833.134,550.77106,758.4086,893.90106,-26.379656,793.8067,872.60657,565.9145,647.8582,923.5158,-90.23802,682.8974,874.9807,503.0923
chair_dip_end_19438.jpg,1180.3517,140.96558,-236.39005,1171.8278,110.87396,-222.32893,1169.0177,109.170715,-222.37956,1166.4725,107.47214,-222.45473,1171.2805,113.55361,-298.86063,1166.5892,112.458435,-298.93515,1162.0334,111.411606,-299.05875,1129.4318,106.09626,-109.76663,1126.1533,110.74155,-448.20416,1157.7825,156.0775,-185.29825,1154.054,157.43172,-283.84317,1047.2107,208.48167,93.30741,1047.3993,223.89868,-565.9118,975.3971,382.60645,173.14835,957.3747,400.2433,-601.9925,961.2115,523.8262,151.31956,889.16974,567.6063,-568.09143,956.8807,555.6511,177.867,861.4469,604.1344,-653.6639,972.3701,560.9015,123.71032,881.83276,612.70514,-637.4054,969.95465,551.3231,125.91551,891.1169,598.27295,-563.63434,985.23065,522.46515,214.46269,982.9642,555.1127,-213.24083,1118.734,696.22766,391.4664,1166.8076,739.06995,-114.61763,1093.2076,871.0003,677.67194,1130.3137,935.6408,160.02328,1066.4457,892.46594,700.0191,1092.2203,957.09814,187.87015,1152.58,936.681,667.35486,1198.8099,1006.43427,145.83209
chair_dip_end_19438_flipped.jpg,737.81866,141.14177,-234.46704,747.1126,116.15837,-285.97736,750.9552,114.18585,-286.01624,755.03125,112.12875,-286.07047,746.44604,114.92116,-208.74828,749.9406,112.76173,-208.95155,753.62085,110.64469,-208.72078,790.95776,107.198166,-402.80502,787.8725,105.83352,-45.165447,761.9904,158.27583,-270.0967,761.7396,157.30647,-167.13843,884.91724,218.6179,-541.4274,873.88434,215.38844,209.18896,992.26514,384.13513,-648.92413,955.45856,383.68597,273.07986,1040.5219,550.2152,-621.865,997.126,532.5569,166.50902,1065.5977,585.6751,-724.42737,1009.6075,568.9958,180.80325,1039.4423,595.669,-707.9121,1001.0265,568.47296,124.58184,1032.6084,581.9286,-618.89594,992.0432,555.8884,137.42784,963.99915,543.0869,-247.45663,951.75793,524.97723,248.3121,738.9359,743.17426,-187.49129,801.29266,716.70593,421.22153,794.53455,969.3203,81.02199,806.3912,912.1002,738.39557,836.5077,1004.7276,101.26829,844.39685,947.7429,763.6095,691.85724,1034.648,23.160755,699.96515,974.0329,712.29926
chair_dip_end_20167.jpg,1160.7188,119.923325,-168.1231,1149.88,91.328445,-153.26534,1146.7537,90.083954,-153.25093,1143.88,88.79942,-153.35391,1150.1914,93.69528,-225.51602,1145.8965,93.01154,-225.58215,1141.7391,92.38834,-225.74939,1107.7643,91.81217,-47.37732,1107.1069,96.30271,-364.94437,1139.512,138.21826,-120.46556,1136.8228,139.53311,-212.86206,1035.3281,206.47719,130.90915,1041.3162,220.2695,-478.7247,965.3617,381.00128,201.25542,960.76105,401.9898,-516.47003,936.94464,514.66815,185.09155,893.37524,571.628,-494.1294,928.776,544.8307,207.47894,865.3622,608.7043,-572.16223,942.36304,548.5278,160.2718,883.9468,617.2843,-561.0362,942.7384,540.0011,162.09207,893.5851,603.2004,-491.58005,1001.056,523.25824,205.32655,1001.8397,552.4101,-204.224,1113.5022,709.62177,321.32993,1170.9907,734.845,-147.61885,1087.4519,894.76794,579.591,1132.0902,943.0888,109.64237,1060.1193,917.09265,599.2611,1092.971,966.0667,134.90485,1146.0026,963.01953,554.24097,1201.6094,1017.1089,90.6462
chair_dip_end_20167_flipped.jpg,758.71124,108.15887,-255.51933,771.3003,84.82133,-304.5796,775.617,83.249054,-304.60013,780.14813,81.55897,-304.6699,770.1115,84.183266,-232.05045,773.5059,82.7789,-232.22934,777.0122,81.4224,-232.01373,817.7779,83.0532,-402.7423,811.8865,83.00575,-66.926254,782.8673,129.17691,-286.6185,781.3395,129.01598,-189.97008,905.0728,214.15828,-517.55896,875.8826,209.33751,175.43576,996.3572,393.0992,-598.05695,945.35095,387.52405,232.42963,1033.469,563.82916,-597.7988,981.1575,547.2442,144.02982,1059.2166,603.368,-699.6448,994.12354,590.04553,153.66788,1027.2712,611.62964,-695.8741,986.34454,589.37885,98.825966,1019.82275,596.9191,-600.80646,978.4645,574.40894,116.058716,952.2154,544.6105,-229.92809,927.8199,526.35754,230.76062,704.11487,720.84784,-235.64627,779.8088,707.51886,332.42133,779.0361,955.8571,-3.1606617,796.1771,924.7182,586.0819,821.7919,990.4494,14.085314,833.40155,963.85254,604.1201,685.56976,1030.0208,-56.144325,694.2309,995.3441,550.3688
chair_dip_end_22984.jpg,1010.7683,187.43552,-145.19029,1001.688,162.58841,-132.73187,998.84344,161.46397,-132.77591,996.22833,160.19795,-132.81319,1003.02625,164.18718,-196.53455,999.64185,163.5111,-196.59315,996.37506,162.83406,-196.79446,971.0648,160.07932,-41.79578,973.577,162.05356,-326.95654,996.313,200.60599,-103.73575,995.66174,201.11633,-186.81644,934.2483,253.3878,153.69504,931.59784,247.83542,-457.27725,916.43506,409.98834,225.12209,898.08154,398.1631,-527.0714,922.9355,526.3882,192.86247,889.4339,553.96533,-534.9694,923.44086,550.6644,224.63475,871.632,590.1841,-609.3222,933.0143,549.41394,171.61372,898.5594,593.4749,-588.1595,931.125,542.0034,169.28493,905.0977,581.2742,-526.08185,968.729,517.35486,208.86441,971.919,530.4541,-208.0725,1075.7631,665.43365,238.02554,1173.5444,654.1214,-242.32782,1056.3503,830.5743,413.19952,1189.7346,866.6221,-84.79296,1034.5928,855.42816,423.96497,1161.608,898.95795,-72.06459,1115.6599,877.686,378.2096,1265.5643,920.85486,-132.87573
chair_dip_end_22984_flipped.jpg,902.2809,176.99236,-143.77925,911.2243,157.25594,-186.52512,915.1827,156.29861,-186.6727,919.37225,155.30228,-186.67975,909.86444,155.09477,-121.321075,912.37024,153.2701,-121.419685,915.04974,151.4793,-121.28318,947.14813,153.98473,-301.4942,941.277,148.88687,2.4525144,918.09784,192.8809,-181.17513,916.61554,191.51642,-93.21683,986.0143,255.53595,-429.05627,1001.7532,239.20447,190.88785,1018.8633,426.62692,-506.52896,1031.2753,408.6474,271.00732,1037.2993,570.4041,-506.71338,1032.7714,548.78973,231.59612,1054.4219,600.8759,-583.3945,1035.8073,583.23224,254.28418,1038.1053,599.4054,-573.9255,1029.9054,579.0303,202.21542,1031.2076,588.0796,-504.4387,1028.5454,566.2871,208.4389,946.1501,537.0679,-215.34825,953.33435,523.34247,216.07126,716.03625,663.0717,-187.225,799.1395,667.66156,352.36414,732.7198,846.9967,33.785397,771.64624,824.7994,626.3291,762.85016,875.9562,54.557293,796.3021,860.50244,646.5881,658.25214,906.2454,8.8264475,682.23895,863.4457,585.9663
chair_dip_end_24243.jpg,1088.9431,163.02795,-57.565346,1078.4163,134.74138,-35.537807,1075.9756,132.10216,-35.46853,1073.7687,129.35301,-35.62661,1077.4668,138.88553,-99.2436,1073.292,138.38853,-99.209915,1069.236,137.92,-99.463356,1041.144,126.01134,71.45074,1038.2656,137.86311,-205.31664,1071.3259,176.52278,-7.978777,1067.8068,179.81676,-88.35181,974.45776,228.02882,262.02188,993.414,240.38354,-337.1925,940.90094,398.95825,343.97534,944.1304,416.5978,-382.75052,935.23346,516.49365,343.2683,907.8008,574.3891,-426.0588,932.64453,544.1237,373.32837,885.1672,616.27185,-509.08304,940.7268,545.61865,320.96143,908.74634,621.59125,-489.96545,939.96857,538.1205,320.04385,914.7133,606.7162,-418.74612,987.94794,530.5158,197.75166,996.82056,556.2496,-196.87076,1048.7388,734.37616,230.90176,1128.6376,768.545,-222.78268,1010.9555,927.9044,410.53476,1039.6442,977.09393,-73.59773,982.7605,955.12463,423.64764,993.5457,998.63776,-59.826427,1075.6196,994.2482,380.37445,1104.2661,1062.2449,-115.08735
chair_dip_end_24243_flipped.jpg,824.88446,151.69402,-212.13055,837.17633,129.57837,-269.26456,841.60504,128.53264,-269.24362,846.2469,127.359436,-269.17963,835.8683,127.86644,-200.31319,838.8696,126.02164,-200.37161,841.9668,124.23619,-200.13498,880.4803,127.5449,-384.78412,873.27924,122.4398,-66.60753,845.1427,170.87157,-246.96364,843.43463,169.46602,-155.27289,947.3598,253.59258,-480.5096,922.929,231.15894,144.6636,1009.5299,434.38336,-500.795,977.7909,403.50912,205.69635,1029.306,584.92377,-516.47644,988.2631,536.456,149.73265,1048.2992,623.7587,-609.1762,994.4054,571.5443,157.86005,1020.3432,621.88416,-610.67505,984.4137,568.8223,112.55525,1014.9885,607.81116,-519.24774,981.3517,556.85266,124.78896,929.2377,570.65906,-203.69728,911.631,545.8278,204.55664,762.5043,766.35803,-217.15726,837.52374,741.6239,266.59418,877.4291,984.88965,-51.17436,895.80676,931.93445,489.27188,923.6684,1013.78564,-42.14743,928.8802,967.1661,504.79535,795.2278,1063.4406,-137.50626,822.9467,992.9414,451.78357
chair_dip_end_2633.jpg,1087.7214,137.53912,-5.9710145,1074.9775,116.58636,21.34451,1071.3436,115.79511,21.470812,1067.8873,114.88382,21.352503,1077.5804,118.13549,-44.894226,1075.0288,117.55395,-44.841373,1072.5508,117.006004,-44.996536,1037.7205,123.04342,130.55461,1046.9923,125.759834,-162.67784,1072.7407,156.92223,43.65998,1072.5007,157.38324,-41.238163,970.10126,235.95444,308.32025,1025.1877,236.36838,-337.54883,937.0254,402.57037,375.99677,964.6137,408.80508,-454.31717,919.99854,525.3051,389.32016,909.9215,571.7454,-558.1048,912.61334,555.60706,422.72992,886.268,615.6137,-636.74176,917.35767,558.2663,378.577,906.0638,621.8789,-619.2215,921.9567,548.8791,370.5338,910.4347,606.4302,-552.9063,1003.9513,538.6465,223.61475,1034.2786,562.0295,-222.39001,1065.7552,750.99725,286.45715,1165.977,781.5456,-277.57214,1016.94543,936.20123,445.83044,1035.2123,962.80597,-135.68323,990.4843,959.6195,454.4364,988.55804,973.3842,-120.33754,1071.061,1007.332,394.27567,1070.1727,1061.4589,-182.52715
chair_dip_end_2633_flipped.jpg,831.0016,139.41743,-144.79482,847.25714,119.81045,-197.09377,851.72375,119.611084,-197.01443,856.4069,119.282524,-196.96884,845.9239,117.610306,-130.12996,848.43964,115.94334,-130.23291,851.0237,114.341125,-130.13364,888.1959,127.26977,-311.11862,880.11096,118.885086,-6.8921676,847.55316,162.57054,-178.9865,844.0074,159.8194,-91.59227,935.8012,256.83884,-407.90308,912.93365,239.92383,188.0766,990.5684,435.18787,-423.95578,958.3746,411.5589,271.47363,1022.05664,579.9485,-395.88086,976.99927,549.65576,236.81395,1040.8674,615.8423,-464.70462,984.3061,586.4602,245.19696,1024.7288,616.09424,-465.08633,979.0644,583.57623,201.6754,1019.0727,604.158,-397.10898,976.1848,571.4176,213.13441,904.72394,566.0279,-195.24614,891.8444,545.86414,196.09941,739.9965,760.1422,-191.94136,836.18225,752.62823,255.53278,857.2675,970.99036,-17.843584,893.7838,934.87463,481.97113,904.071,998.2343,-5.4622326,925.2715,966.3973,498.69025,778.9344,1053.2062,-91.40225,828.01355,1001.1114,440.26468
chair_dip_end_31239.jpg,982.9999,173.61116,-106.55954,969.5364,154.67697,-90.725044,966.9001,154.58997,-90.82078,964.502,154.33076,-90.859406,970.3848,155.67542,-155.70898,967.08044,155.72688,-155.78795,963.90515,155.7843,-155.99312,942.2459,160.67653,21.769182,943.9656,161.26062,-270.91696,973.7486,189.35999,-57.97124,973.3645,189.83682,-143.12251,938.9892,257.1852,233.60901,912.96484,255.3001,-415.6633,926.8611,409.01385,326.1001,893.44025,415.01132,-490.9785,941.8435,520.9231,258.5149,896.37695,559.62384,-546.73035,944.7363,545.0365,278.27994,881.81396,592.886,-629.89,954.4789,543.86884,217.98738,904.9467,595.61615,-621.1882,951.13904,536.40717,229.86038,912.0568,585.2756,-544.8392,982.55457,516.88226,216.8099,969.7505,530.9721,-215.86055,1128.6194,654.2818,202.4633,1171.576,648.5598,-282.2668,1132.5464,820.3947,354.6637,1185.135,852.6657,-186.84056,1111.9331,852.98,362.6312,1156.265,890.47516,-180.834,1214.2571,849.633,314.8922,1272.1028,888.2669,-261.54407
chair_dip_end_31239_flipped.jpg,927.42554,192.85904,-108.979996,935.4353,173.37119,-153.75415,939.1248,172.52129,-153.8728,943.0374,171.61253,-153.84454,933.99896,170.98735,-89.1519,936.30115,169.06772,-89.2273,938.797,167.18944,-89.09255,968.43555,168.93202,-281.90176,962.73157,163.42001,20.027988,941.5856,208.07222,-151.61101,940.3822,206.373,-64.27167,1000.94653,264.15942,-432.31146,1014.15607,246.00313,205.16808,1025.2793,427.67538,-516.1952,1024.4275,409.27267,290.95328,1042.0579,570.51965,-508.3514,1016.84564,539.561,243.18018,1058.8357,602.3996,-581.90216,1018.14746,571.92816,269.23486,1040.6086,600.52997,-568.52527,1011.3395,568.3044,214.91669,1033.46,589.10675,-503.39923,1010.1905,556.7359,219.73042,940.9458,541.8047,-219.20076,948.58057,526.2345,219.78555,713.53735,673.77277,-202.87364,811.0282,661.7711,340.8641,728.1643,867.31244,-16.054518,795.94556,820.89716,608.45667,758.1045,896.8751,1.7996823,817.8708,854.99274,627.6836,652.94946,932.3019,-57.453144,726.34906,867.1546,570.6062
chair_dip_end_42515.jpg,605.8138,188.42162,-100.148415,604.62164,157.36865,-90.462166,602.5015,155.1991,-90.36704,600.64105,153.02692,-90.508,603.6143,159.20377,-152.49966,599.817,156.98912,-152.58612,596.1612,154.80124,-152.68846,567.33484,141.36871,-2.270079,563.8081,144.64343,-274.5379,581.7891,197.74123,-56.700985,578.6145,197.72017,-136.23239,471.39252,216.1407,150.21965,479.12128,234.65822,-378.38693,397.9939,390.95142,222.8159,381.8055,408.97867,-416.75778,363.08298,542.0378,221.45476,324.2895,566.3072,-343.12695,355.38828,582.94904,241.53189,300.04205,606.10205,-399.30383,360.12527,584.5245,206.51236,316.51782,610.11584,-380.33533,359.95557,571.902,205.11685,321.62207,595.27844,-333.32053,392.87408,529.74457,183.60608,385.58743,564.7645,-182.4037,564.9237,676.93634,231.00906,600.1866,730.5518,-171.17053,527.69995,870.76056,477.53308,567.44946,960.191,51.786987,495.132,895.4707,497.59232,526.10724,987.21216,74.52523,591.6627,942.3048,491.53607,645.2519,1037.0013,68.5671
chair_dip_end_42515_flipped.jpg,750.9103,182.20728,-110.47822,754.30615,156.51012,-155.0562,758.24774,153.59035,-155.15237,762.41833,150.55313,-155.2537,750.40265,155.305,-90.088524,751.8263,152.38992,-90.30033,753.4096,149.51045,-90.17419,796.2657,138.2381,-280.12955,782.8596,136.03531,15.236995,780.4916,191.22989,-151.64734,775.23615,191.76866,-66.53812,912.92596,224.67043,-431.13858,865.214,226.78726,204.84721,1019.3674,389.66492,-486.8464,937.95764,387.2023,256.80402,1041.6315,551.90485,-444.20004,951.2863,528.8563,194.9152,1064.1459,598.74677,-512.43744,956.0806,572.2928,212.06123,1039.3561,605.3775,-487.26477,948.2491,570.48987,161.5177,1032.6989,586.39,-434.08765,945.15875,556.0314,167.80527,1000.97516,542.41516,-198.62038,963.93317,527.5489,199.6912,770.7393,751.82947,-166.79367,807.98157,700.3642,245.37708,819.69226,943.36646,60.08053,820.7885,908.298,469.1028,860.28156,961.7926,83.87118,862.18536,937.1663,483.35358,753.9905,1027.9398,67.75531,735.77045,995.61084,424.45605
chair_dip_end_44207.jpg,1092.1382,134.04056,-119.180305,1080.0625,108.83395,-92.443275,1077.4078,106.87366,-92.353065,1074.9728,104.78604,-92.52736,1079.3782,112.078926,-160.22101,1074.8939,111.62687,-160.1799,1070.4916,111.23702,-160.41911,1039.8457,106.12909,32.529144,1036.957,114.96712,-262.38162,1073.5734,150.31229,-65.13053,1069.4451,152.66325,-150.5705,973.4254,216.22993,227.99101,986.95544,226.84572,-391.25443,941.16986,392.02478,305.7653,944.8929,405.9265,-419.16254,934.58905,523.0151,290.85593,916.66266,577.78815,-424.4957,931.68896,554.415,315.33405,897.2717,623.8062,-501.02435,941.3743,557.909,261.00735,921.13837,628.7096,-486.49408,940.2855,549.21765,266.4978,925.19556,612.039,-418.83734,1000.7818,529.4679,205.12563,1005.1988,557.4215,-204.26259,1074.3898,732.353,267.42807,1138.9984,773.69293,-209.28194,1040.7014,921.51044,463.5999,1029.8799,957.6046,20.816608,1011.3004,947.4704,478.63702,982.7377,973.4874,42.81527,1112.773,992.54706,441.46814,1085.672,1047.8368,4.6478868
chair_dip_end_44207_flipped.jpg,829.5979,140.2462,-226.58177,842.3669,118.87324,-286.1663,846.46234,118.4975,-286.20786,850.8247,117.99358,-286.22787,842.3251,115.6216,-216.45552,845.66675,113.3595,-216.46643,849.08813,111.181854,-216.29099,883.68665,119.66795,-420.28815,880.13464,109.97966,-99.919334,848.02594,160.37624,-267.86166,847.1561,157.15479,-175.45784,950.8463,253.00967,-528.7643,914.179,216.58257,120.20907,999.92316,441.4422,-551.9034,948.0572,379.49237,207.13504,1015.0211,587.25116,-549.7736,935.54346,484.91046,151.37689,1032.2122,623.2413,-625.33496,934.4416,513.3117,165.44153,1012.13104,620.23816,-630.9806,922.66473,506.44272,117.81057,1005.93085,606.2405,-552.8865,921.8518,496.67172,125.78998,920.09686,562.73016,-208.24776,895.04724,537.1726,209.19237,773.42,771.2013,-207.26167,828.7141,734.18506,274.96887,890.7664,989.21265,-26.030602,887.72736,927.20935,507.26028,938.70123,1017.02594,-16.746374,918.9672,960.94763,522.84204,809.29407,1069.8741,-139.8547,818.32043,990.6631,457.89267
chair_dip_end_46153.jpg,1094.6454,126.065216,-91.51935,1078.735,102.89624,-71.36697,1075.248,101.90941,-71.259186,1071.9756,100.78999,-71.3965,1080.1008,105.4225,-140.32364,1076.1716,105.43737,-140.2549,1072.362,105.52035,-140.37964,1036.681,108.40925,36.555336,1039.8268,114.73975,-262.38528,1076.913,146.27528,-41.69842,1075.5886,147.98723,-128.31601,973.509,223.17146,224.0672,1005.5548,233.75815,-375.03473,940.2063,394.1277,313.08997,957.664,417.709,-403.7119,932.8878,519.8146,326.11758,922.45294,584.8315,-406.90915,929.2292,550.58105,353.4643,899.6085,627.6156,-483.2084,936.5787,552.0495,304.45068,923.1429,632.37463,-469.48654,937.34375,544.51794,304.98505,929.331,617.6673,-401.08087,988.6844,535.4442,200.83995,1004.3969,559.2987,-199.79361,1057.0515,731.5588,274.08176,1131.7206,760.06934,-185.82729,1024.3639,926.16034,487.26373,1043.022,962.7713,8.549567,992.4431,955.1849,503.14252,997.6275,984.97656,26.060003,1101.6573,988.00195,469.44098,1110.6716,1042.2399,-22.320269
chair_dip_end_46153_flipped.jpg,829.84344,125.65137,-197.95056,843.41644,105.18419,-253.188,847.5868,104.47296,-253.164,851.9483,103.64046,-253.12741,842.9973,103.344795,-186.5524,846.5573,101.739944,-186.63998,850.17224,100.15807,-186.38585,884.3668,108.48334,-365.30856,880.2616,103.11186,-57.941048,847.7002,147.43918,-232.02534,846.8799,145.83456,-143.63652,933.42303,241.42639,-471.8559,921.2173,222.6028,169.17441,985.3881,427.07343,-521.10394,974.73346,394.46045,239.68478,1013.9732,584.3071,-512.17523,994.9016,538.42365,196.36525,1035.6875,621.9864,-591.022,1002.6399,578.19147,212.4326,1014.61017,623.58527,-591.92114,996.0996,576.7013,168.98898,1008.60364,610.03455,-514.06635,991.4735,562.24664,173.08186,929.21136,552.6715,-207.02766,912.4221,534.2343,207.68195,771.37427,761.16144,-229.55399,852.21326,733.4182,262.6856,866.1066,994.60895,-75.93894,910.5805,937.47784,468.92346,908.46985,1028.1056,-71.78607,943.75354,976.657,480.0667,774.617,1063.9625,-210.82222,832.06104,990.0258,394.75916
chair_dip_end_46719.jpg,1167.3248,146.65132,-186.74493,1161.3094,115.071785,-173.56299,1158.967,112.53021,-173.58058,1156.9077,109.94737,-173.77795,1159.9744,118.71803,-244.38898,1155.2803,117.48056,-244.4672,1150.73,116.27602,-244.55492,1121.4774,102.55027,-68.91902,1115.4556,110.76491,-378.90814,1144.3633,158.31491,-137.6462,1140.2262,160.64934,-227.98683,1035.2305,197.10413,122.771774,1038.0421,215.41612,-479.3503,968.6554,374.75916,207.9997,955.96826,395.33328,-509.0489,950.0377,512.776,214.9871,890.7442,568.6696,-477.97842,944.90356,544.5629,243.80833,860.7376,609.00684,-554.95514,956.6766,547.7605,196.46979,883.0696,618.5133,-537.8279,955.59894,537.9393,193.75293,892.7895,603.13837,-471.8663,988.5069,515.9739,205.8162,986.3484,547.14813,-204.66534,1113.9248,710.4693,341.4743,1151.5844,739.94824,-112.2154,1109.3098,898.57074,585.75256,1123.185,958.8554,124.141914,1081.1146,922.64374,604.2179,1080.6089,985.42444,147.39177,1185.5098,964.9018,561.0303,1209.2594,1031.7614,108.20916
chair_dip_end_46719_flipped.jpg,752.4208,140.77644,-210.37646,761.76746,116.25555,-255.72363,765.904,114.17146,-255.83739,770.3201,111.97326,-255.91681,759.37274,115.1041,-179.73038,762.0976,112.86196,-179.94115,765.00854,110.64469,-179.78091,806.7677,103.90578,-369.10974,798.43494,102.6467,-19.287716,778.07086,155.77089,-247.4966,775.854,154.93317,-146.46758,912.34045,211.67183,-503.45496,874.66187,204.85979,207.61494,1001.73914,388.98914,-597.1758,941.116,369.70633,280.4148,1042.5515,555.13684,-576.45514,959.92084,502.0085,169.08238,1067.9418,590.722,-669.0481,966.02167,533.63086,186.5305,1039.338,600.5452,-658.72046,955.54877,530.26025,128.65482,1029.3362,585.3308,-574.1031,950.97375,518.5413,140.50563,966.5404,530.85864,-231.28343,942.2559,516.89465,232.19437,734.6426,730.76965,-196.74886,795.25684,728.1926,340.75153,783.7513,946.69495,46.32223,801.38043,939.0551,597.4052,822.3634,976.6543,66.0968,838.24286,975.04175,616.02405,699.1359,1017.9955,5.4835663,704.0639,1007.1908,553.2222
chair_dip_end_48025.jpg,1110.8008,160.5189,-57.30405,1103.0509,133.16917,-33.116768,1100.0935,130.62164,-33.111153,1097.3514,127.94858,-33.257694,1103.3374,136.54495,-101.99667,1099.5435,135.44449,-102.004074,1095.8339,134.3824,-102.29537,1064.504,123.135376,74.70258,1064.5016,131.76204,-226.4505,1090.0369,173.15485,-8.52858,1088.116,175.08813,-95.6774,992.50256,218.62943,267.53647,999.5843,230.7845,-369.82074,962.3307,394.29837,349.3903,950.37714,413.29904,-403.15848,961.198,517.3094,343.97253,919.4008,575.45844,-444.87222,961.11017,545.4771,370.85028,898.1637,618.94855,-536.5828,970.53406,548.3954,310.61948,923.6942,623.57806,-519.8924,967.9693,540.5773,316.9289,928.6592,607.7468,-440.04214,1003.36865,532.37006,209.0633,1003.836,561.3646,-207.98264,1070.3462,732.89404,247.06924,1128.7692,769.73895,-224.77512,1030.7634,921.337,444.6924,1028.0702,959.4572,-31.22249,998.3195,947.89264,458.81708,980.9998,975.42426,-14.652021,1109.3098,993.51447,406.48428,1089.407,1052.3466,-80.61481
chair_dip_end_48025_flipped.jpg,809.71936,161.02855,-102.70123,818.77576,136.61812,-159.72127,822.7532,134.74239,-159.69157,826.9499,132.73488,-159.55882,818.46686,135.76157,-91.65525,821.79,133.7547,-91.748535,825.2325,131.78041,-91.58194,860.3335,127.15553,-296.6515,856.5601,125.18414,17.162807,829.99536,176.34766,-145.68796,829.77124,175.89113,-55.20658,926.2204,237.69212,-418.38248,917.47644,224.27048,199.28172,979.5353,419.94183,-466.3153,968.3202,394.71753,267.142,1011.2066,579.4045,-466.60257,974.367,538.72253,246.22409,1033.8226,618.00104,-542.4617,977.44836,575.566,265.81268,1012.0408,620.3486,-541.56464,968.60034,573.46295,224.45801,1004.3599,606.3545,-466.9311,965.8344,560.0692,224.35399,910.7942,557.77045,-202.11041,901.0736,540.26685,202.90952,748.85364,763.80084,-229.76576,835.3055,742.7934,253.5894,867.32477,981.70734,-65.43561,883.1072,940.7056,480.46848,914.58185,1008.5073,-53.913666,915.8046,977.523,494.44296,795.1675,1068.2855,-133.20386,810.4956,1004.4982,429.5043
chair_dip_end_49303.jpg,1192.0605,178.76872,-266.464,1196.065,149.42596,-254.57411,1194.6871,147.48161,-254.64423,1193.6002,145.52492,-254.8134,1193.9222,150.66988,-323.69357,1189.7642,148.03116,-323.75647,1185.7225,145.42699,-323.86908,1165.4181,134.24072,-141.68942,1157.4266,132.98741,-450.08282,1169.792,186.59146,-214.67757,1165.2255,185.53482,-304.89148,1078.764,205.15651,78.18912,1064.6917,218.01028,-563.86957,1010.6283,379.00143,156.02379,974.94794,390.6192,-610.90436,991.4557,530.123,139.1985,902.38776,564.8666,-585.807,987.6829,564.27356,168.54303,871.36725,603.25665,-675.7154,998.2862,569.19727,113.91514,894.2921,613.2808,-654.0148,994.8157,557.74506,115.54432,905.0066,599.0044,-579.1563,1005.42426,520.56964,220.2279,991.45685,551.56726,-219.04211,1137.1763,710.11816,384.06183,1159.7053,751.17096,-102.59937,1117.3986,888.5401,658.14417,1128.9148,952.29486,166.11737,1089.9641,910.4712,678.1968,1089.9939,974.382,191.50389,1182.2963,956.66,628.54706,1203.1533,1026.2778,139.26718
chair_dip_end_49303_flipped.jpg,716.938,175.5037,-192.3957,719.4779,149.4304,-242.09352,723.1692,146.15353,-242.14796,727.08014,142.74533,-242.13693,717.41034,149.6355,-167.89674,719.8614,147.29776,-168.09628,722.50854,144.96298,-167.90771,760.75446,126.96425,-364.8247,754.0616,130.59273,-20.691334,744.4451,184.04898,-232.0859,743.1713,185.00319,-132.4809,873.6185,210.92044,-499.7136,849.5872,208.59985,193.47943,980.0211,379.8581,-598.2577,932.60406,375.64087,244.7337,1034.4806,545.49677,-587.98334,961.96893,507.98938,169.32349,1064.8414,580.0385,-682.5787,971.7042,540.34656,193.03578,1035.1769,593.86017,-669.31476,960.42975,538.89404,139.09741,1024.5537,580.2132,-585.4084,954.7449,528.11865,143.51701,964.3579,530.0662,-229.74031,945.99194,515.2844,230.52182,741.5195,732.1871,-179.63318,795.2788,706.74585,369.34412,798.1494,961.90607,48.190758,801.4105,919.1931,645.64655,837.33484,991.4995,67.16763,838.46106,951.1274,667.0496,716.4892,1045.4777,-2.443608,712.7141,999.7517,608.9621
chair_dip_end_49590.jpg,1157.6891,191.62022,-73.39537,1148.8392,162.88582,-57.933357,1145.5227,160.29799,-57.936363,1142.4321,157.62135,-58.04801,1149.9255,166.3386,-125.94818,1146.4122,165.15091,-125.92312,1142.9814,163.99413,-126.18121,1106.8138,150.68886,40.543324,1110.2953,159.44861,-258.03656,1134.9741,202.48401,-26.685356,1134.4265,204.52179,-113.14585,1027.2242,239.53093,221.92525,1042.3486,251.31783,-371.18494,971.2896,401.15918,299.1776,972.9707,419.0817,-399.78845,950.86304,519.7125,300.86908,919.53656,573.11725,-430.97266,945.33136,547.84064,327.51276,893.5936,612.95135,-513.12396,953.91925,551.289,276.18454,914.60425,620.76624,-499.77768,953.93805,542.9627,277.51437,921.6022,605.66455,-426.88403,1010.1072,542.0541,200.66539,1010.49567,570.9051,-199.7945,1094.1246,745.128,216.63574,1149.1191,787.3417,-254.55823,1036.4866,924.01013,402.1261,1018.9856,963.7677,-95.18603,1001.54675,944.9603,415.89133,970.6858,971.9972,-80.93524,1104.5476,1004.31805,372.79843,1064.0781,1064.8799,-138.10214
chair_dip_end_49590_flipped.jpg,767.80084,187.53296,-107.238754,773.6989,163.41125,-157.14255,777.5941,161.48814,-157.20087,781.69855,159.43892,-157.11023,772.98706,161.4688,-89.25239,775.70856,158.91364,-89.36305,778.652,156.34843,-89.260544,812.1774,152.24327,-292.00943,807.9338,147.74689,19.949883,788.6407,201.91048,-150.15303,787.64075,200.70557,-60.13961,869.40656,252.60294,-420.66675,899.3692,234.32582,196.70322,950.1192,424.8135,-511.6223,971.56714,406.49814,262.1631,1011.9533,581.247,-505.8494,1001.5184,548.0706,261.29105,1039.3906,615.11945,-571.2452,1011.2139,581.9146,286.39374,1021.6838,618.3567,-562.6947,1003.32666,581.45465,243.36508,1013.23376,607.0435,-502.69363,998.7331,570.4548,240.94196,906.3901,565.0645,-212.83023,922.0996,548.7798,213.61772,735.37317,777.0221,-227.43987,841.3019,753.41425,273.08246,857.8541,983.7173,-77.6505,904.2792,932.04285,509.11526,906.16473,1002.32294,-65.64413,941.0732,959.62146,524.3543,799.34656,1085.3615,-118.992546,848.1206,1004.1059,475.47806
chair_dip_end_5990.jpg,1008.1906,174.08775,-107.39933,994.05774,151.07288,-94.2236,990.6143,150.33223,-94.33499,987.3745,149.46638,-94.417076,996.98755,153.14528,-160.53555,994.03564,153.25066,-160.59131,991.1924,153.34586,-160.73929,961.2582,155.58128,-9.174328,969.7322,159.3219,-305.09604,995.82025,189.72704,-68.62863,996.5919,191.31886,-154.64168,932.21564,257.2824,167.35045,943.3512,255.44539,-437.0811,909.7928,414.62424,229.73326,909.4419,409.07376,-508.3148,913.37244,544.315,183.29535,895.50354,554.9459,-520.83014,913.63983,573.0864,207.33261,881.753,589.5941,-595.3048,922.69006,574.14795,154.52864,900.23193,591.7588,-576.83856,921.1455,565.72,158.9061,904.77625,579.82263,-514.1464,967.4104,523.5937,210.69795,977.73,537.86255,-209.69543,1092.5099,663.6286,230.88245,1181.5442,647.8908,-241.27556,1067.557,822.9186,416.349,1189.5474,857.5659,-72.272354,1044.8394,844.17145,427.9571,1160.9669,889.3036,-58.47381,1122.683,870.4272,378.7351,1262.9333,905.63605,-119.41155
chair_dip_end_5990_flipped.jpg,910.50055,170.56558,-122.95462,921.05194,152.35075,-165.74727,924.74255,151.57741,-165.84422,928.62354,150.73373,-165.84143,919.6056,151.16046,-103.27886,922.0062,150.12544,-103.36104,924.60284,149.1182,-103.21783,955.2821,153.93906,-287.48254,949.74524,152.10226,4.9454713,925.2854,189.64948,-163.97964,923.59686,189.05386,-79.505714,982.58044,266.414,-433.71625,998.1949,250.71439,181.17567,1019.994,431.7317,-526.8381,1024.32,418.49265,249.6268,1040.1052,564.2691,-528.5387,1025.3512,541.20605,195.46045,1056.9847,593.8448,-608.86237,1028.6334,572.9536,217.78563,1036.3273,590.30347,-595.99146,1022.29486,569.0175,164.59259,1030.6522,579.5968,-525.2225,1019.93567,557.682,171.82335,941.1868,538.4873,-210.85637,949.318,522.62427,211.57486,723.11115,669.0508,-195.81062,809.99036,654.4675,321.90726,738.2454,867.15186,-29.935946,793.4008,825.8065,560.5781,766.8529,899.6371,-16.968586,816.64545,863.05304,576.47656,660.08185,922.4,-74.29104,714.4115,863.0068,528.9674
chair_dip_end_8242.jpg,1058.9133,142.96725,-83.07077,1044.9998,116.080284,-68.27966,1042.0369,114.11533,-68.12688,1039.3284,112.01929,-68.28957,1045.3545,119.5499,-130.40894,1041.3267,119.3449,-130.38037,1037.4065,119.18989,-130.58409,1006.6915,113.688156,25.970324,1006.25586,123.499855,-242.77193,1042.6337,159.86346,-38.099155,1039.8804,162.57701,-116.17926,954.518,232.44608,210.32214,968.0548,232.3978,-357.08664,936.71576,413.55795,302.50916,930.6817,413.25757,-377.5965,938.5569,535.6177,323.73627,912.99194,579.2717,-380.4821,937.09247,565.9974,353.70853,893.6686,624.30707,-449.4996,944.59955,565.0586,308.68643,920.2314,627.3754,-434.68857,943.84106,555.5262,304.8966,925.5853,611.6384,-372.86823,982.3748,543.1803,193.11829,988.02014,560.21686,-192.24571,1068.533,735.8302,248.72343,1129.4062,762.5579,-179.16748,1025.5265,927.4455,424.03857,1048.3981,965.3554,16.78494,993.56824,954.1545,436.88614,1002.7341,986.72375,35.538975,1099.1376,994.16296,406.32626,1118.1655,1052.2971,-0.3957387
chair_dip_end_8242_flipped.jpg,860.5893,136.60904,-178.76616,874.1765,116.46614,-232.53308,878.3872,115.74017,-232.57341,882.8263,114.87812,-232.54497,873.1757,114.70013,-163.26772,876.4503,113.119385,-163.34828,879.8319,111.56603,-163.17052,915.41296,118.52012,-349.39465,909.86804,113.162964,-29.355797,878.586,157.42749,-215.63414,877.3086,155.69012,-123.753746,968.589,245.78792,-475.3782,944.9548,226.55063,184.31038,1009.27014,434.32855,-519.8604,971.15216,403.8237,244.99554,1020.2338,587.4917,-522.1815,971.0648,540.74493,182.94904,1037.7627,627.64874,-605.9436,972.83215,580.6855,194.08492,1013.54865,625.726,-605.1073,965.24664,576.87006,145.87189,1008.812,610.94,-524.4146,962.5449,561.71515,157.19405,940.5246,556.509,-209.90172,920.948,535.7348,210.74557,771.79736,756.9298,-235.45215,843.65533,729.1867,248.50076,870.8733,988.21277,-71.75351,891.5184,929.16205,457.13293,915.84924,1020.4537,-63.6257,923.8544,967.31055,469.70264,784.46704,1064.0966,-184.28279,813.0718,987.243,391.2162
