chair_dip_start_11164.jpg,1122.4539,319.44534,-16.774363,1113.7051,296.8538,10.169499,1110.6362,295.40076,9.973267,1107.6794,293.93192,9.890217,1114.6815,298.23932,-57.57961,1111.8188,296.61374,-57.400322,1108.9583,295.0751,-57.51277,1076.043,290.01184,118.58557,1079.5063,290.70743,-179.07253,1102.0756,331.18384,27.898685,1101.2451,331.3787,-57.674305,987.21313,364.75983,257.54675,1018.1425,372.30344,-310.7172,870.8108,449.16782,347.00922,854.0062,448.9322,-398.52444,885.96265,538.96814,302.98,895.8922,587.0497,-219.86887,887.3736,558.8808,303.039,901.15173,617.89026,-239.57959,900.7864,560.4572,274.29794,922.9463,608.5005,-222.63635,901.50745,553.0383,284.34683,915.68713,596.2555,-205.29669,917.1442,642.6597,202.13867,924.2338,668.3533,-200.98262,1072.3944,754.62164,291.0473,1135.3628,807.2647,-214.89224,988.8509,908.3272,454.25287,1056.4896,984.63666,-40.73644,951.75433,925.9089,465.96466,1015.9293,1000.3286,-17.270948,1037.9911,971.32574,470.21185,1100.382,1056.3575,11.933037
chair_dip_start_11164_flipped.jpg,810.27295,317.9141,-17.848991,816.5693,297.0341,-65.12632,819.9511,295.5805,-64.95184,823.5038,294.0414,-64.84046,816.6963,295.7066,0.7780261,819.48175,293.86722,0.7520212,822.4485,292.095,0.7303638,853.46063,290.12775,-204.85472,851.75775,287.95676,94.39377,831.5944,331.21982,-63.541283,829.98975,330.78418,23.359962,913.4968,370.49414,-306.60654,948.58105,370.3961,233.0709,1062.1324,462.3132,-359.66943,1055.1111,467.94986,298.34766,1025.4402,587.5837,-140.16563,1048.9775,558.967,155.69453,1025.2928,617.279,-159.56926,1050.1304,583.72974,148.907,1005.0863,609.45447,-129.8316,1037.0577,582.477,109.90431,1015.5281,598.5664,-117.53729,1034.8099,575.80444,132.84653,983.48395,662.76605,-198.58292,995.37885,652.4171,199.49641,764.73346,771.90533,-175.53358,839.75183,760.68274,316.9636,855.31665,980.1451,-53.22135,898.2961,947.81244,450.7517,904.133,1010.6059,-42.97905,940.6176,979.6694,456.1555,771.53455,1035.819,-41.51453,819.6129,997.3389,460.2597
chair_dip_start_16598.jpg,1038.0203,287.8035,-15.484494,1022.81354,268.03607,13.216261,1019.55286,266.54968,13.027968,1016.41595,264.9707,12.886634,1024.1931,270.5182,-55.15806,1021.23596,269.88,-54.898815,1018.27295,269.29544,-54.735905,988.4831,265.22467,127.58048,991.76013,270.43118,-174.81236,1023.7977,299.31097,31.327997,1023.1898,301.6801,-56.093292,945.1044,355.59073,265.92685,949.1131,351.07962,-324.4546,869.29895,452.77585,270.99347,836.5774,446.78696,-455.32294,891.0715,548.80334,65.56326,882.37366,565.75824,-299.1722,894.7968,569.7501,43.049255,889.34125,591.341,-333.8086,905.67395,565.84436,5.8337507,907.2047,579.3285,-311.18585,904.3851,556.11273,39.51032,900.64594,569.33234,-284.45135,927.22595,616.7987,201.3801,925.4864,629.71136,-200.32385,1102.1827,715.1621,278.45905,1159.7715,689.63007,-187.28513,1107.9254,841.66846,506.29343,1200.3729,864.7195,-48.281567,1084.7863,864.12744,521.89954,1176.1636,897.2485,-32.03599,1181.3997,867.09064,501.8121,1287.7692,894.1944,-55.740147
chair_dip_start_16598_flipped.jpg,900.3828,284.15247,-10.659592,907.00934,265.65936,-45.318886,910.7213,265.37027,-45.236145,914.6258,265.06973,-45.15596,905.6743,262.8913,6.035765,907.6097,260.9467,5.9934506,909.63727,259.09882,6.138634,939.2862,267.00607,-145.96013,932.63727,260.11804,85.76662,914.23413,300.85568,-43.547672,911.3109,299.00504,23.54049,978.6826,358.87494,-266.1921,984.824,350.56116,254.57231,1102.6748,477.83945,-284.25684,1063.3164,469.52676,345.75223,1042.6904,561.8211,-95.98352,1032.6858,544.8115,269.60825,1037.548,584.92535,-129.3045,1027.6985,568.52124,266.26764,1018.0515,571.3398,-97.7788,1017.34875,565.386,217.77106,1028.9309,565.20746,-79.05954,1017.0669,559.493,242.71617,975.6307,632.03094,-201.18251,973.7838,618.2379,201.55904,722.7409,660.1685,-194.21695,810.57623,674.56445,310.9506,741.27765,878.35736,-72.65602,797.99854,855.5642,497.57938,772.83704,915.5339,-59.550037,826.1097,892.1155,511.714,666.777,919.708,-73.13191,720.6261,891.8302,523.00146
chair_dip_start_16703.jpg,1056.5585,304.27612,-23.690287,1045.8987,284.04355,9.225388,1043.2345,282.0904,9.05009,1040.7358,280.12885,8.916243,1046.6852,287.09726,-57.446117,1044.0238,286.38568,-57.161438,1041.3611,285.7496,-57.018528,1015.75024,277.35474,126.97536,1017.75354,284.14508,-168.30573,1043.1742,314.0759,22.021423,1041.9877,316.89835,-63.037205,957.8972,353.0041,266.65002,966.4534,360.43372,-338.98444,882.4422,445.86594,249.83878,848.688,450.4422,-476.26648,894.00745,550.4068,0.3443048,895.2208,566.20905,-330.44925,897.3112,575.8876,-29.238241,902.2064,592.0081,-368.70367,905.6851,574.7208,-67.671295,925.4964,582.4463,-347.98038,903.84485,564.63983,-26.886179,918.2579,572.5456,-316.87918,918.4849,609.1988,209.62593,917.6656,629.4096,-208.43921,1099.4125,660.9935,301.17087,1159.4048,669.95044,-223.36613,1090.4362,810.1119,560.0276,1176.8513,842.923,-42.24014,1065.0852,833.3898,581.7691,1148.2,871.3364,-20.90567,1164.397,849.5864,569.25366,1268.1576,883.95654,-52.358498
chair_dip_start_16703_flipped.jpg,875.86426,296.54236,-0.284493,875.8719,277.8787,-40.790424,878.1634,276.77017,-40.671585,880.65497,275.66626,-40.511856,878.1595,276.12354,12.041395,881.3022,274.34384,12.119704,884.53546,272.63202,12.339572,904.16296,273.7793,-176.89185,910.8768,271.31696,59.979073,890.7335,309.56586,-45.12537,892.4171,309.51257,23.430521,949.6422,357.50378,-304.5147,980.82275,349.24356,213.28575,1073.3113,467.95163,-310.54297,1061.9572,463.3399,244.22458,1030.1721,563.10675,-111.07768,1029.076,544.159,91.73316,1027.7844,584.76666,-147.33228,1021.3487,566.28534,81.175064,1013.2633,576.8679,-107.61521,1015.19244,567.0029,35.387794,1022.30945,569.8628,-91.55351,1016.61035,561.34467,65.28426,989.83966,626.0799,-223.392,992.04803,608.21924,223.86197,735.8449,665.09674,-235.64348,791.83044,636.5819,320.5909,749.91644,886.33136,-101.07833,777.5763,832.4652,494.96457,781.4184,918.6266,-82.82268,804.74426,863.7691,508.52097,689.80005,926.4696,-58.026157,710.7682,874.6099,541.9881
chair_dip_start_18954.jpg,1120.7402,306.92923,-148.0099,1116.992,281.11993,-123.13428,1114.2612,278.71506,-123.25277,1111.7064,276.27298,-123.34663,1117.4958,283.8158,-193.91725,1114.653,282.12842,-193.665,1111.8645,280.55862,-193.71736,1078.9602,266.83746,-5.3900533,1080.4442,271.8159,-316.93323,1096.7866,313.72482,-98.283295,1095.3076,315.00125,-188.40579,987.64825,329.20627,152.92828,992.8679,347.40604,-450.95953,891.5272,437.4984,192.56339,836.49725,441.51648,-569.902,888.9982,556.0376,12.146531,873.5788,586.2569,-409.43683,890.6212,583.77686,-21.081364,877.71326,614.7325,-460.97552,898.33777,582.82404,-62.350273,902.78735,608.77905,-437.15356,896.9207,574.6947,-17.576374,897.51184,595.8726,-395.55234,899.27545,602.3424,222.13208,896.38525,638.8508,-221.09227,1068.6489,648.3934,377.1511,1175.66,730.35614,-273.20663,982.34735,812.6451,632.74725,1140.0682,916.9782,-87.14913,945.99963,834.2006,653.58923,1098.3717,939.3155,-61.45975,1034.0924,865.32007,695.9686,1226.6932,969.4551,-22.392551
chair_dip_start_18954_flipped.jpg,804.649,300.2908,-58.628334,806.9631,277.6949,-108.50484,809.203,275.5458,-108.284004,811.58453,273.31693,-108.05201,809.9492,277.8167,-46.786083,813.79987,276.19485,-46.929226,817.80347,274.68082,-46.945568,839.893,265.19376,-236.72787,846.87146,268.26392,46.778297,825.2469,309.44968,-96.999855,827.00995,310.65698,-15.15938,914.2713,337.90372,-314.34,949.1574,348.60614,213.51553,1080.4852,420.4154,-339.411,1066.3514,456.51913,259.69772,1043.4806,568.0172,-101.063644,1056.136,551.8736,85.86714,1042.4675,604.4892,-125.691574,1055.8254,573.4735,67.42431,1021.61993,597.9444,-97.5903,1040.028,571.62445,24.742195,1031.1876,583.3009,-79.7506,1037.8136,564.5641,59.810318,1000.1868,644.1476,-217.33566,1006.0539,629.3629,218.11435,765.7045,734.73444,-156.5016,821.0446,701.83136,362.5953,796.7812,970.0998,43.553497,826.9802,909.3425,583.99915,835.78735,1001.7651,65.042404,859.094,939.65784,602.39734,702.4326,1033.0454,78.91873,745.3936,976.57587,633.0373
chair_dip_start_19624.jpg,1039.249,276.49335,56.1155,1022.55707,261.42065,86.88813,1019.02356,261.10068,86.8423,1015.60626,260.70895,86.78567,1024.4241,261.90692,17.77375,1021.63214,260.9479,17.953163,1018.843,260.05502,18.079092,987.6028,264.80783,195.91309,992.5018,263.19098,-110.300606,1025.8658,290.6421,99.56091,1026.3776,290.64142,11.054579,939.3006,354.42368,314.88644,957.2869,344.69385,-278.43634,867.129,450.70197,308.44037,873.9071,451.7305,-430.76636,885.50305,556.5758,132.31992,905.5693,567.21924,-307.72217,888.76263,578.6186,125.12795,905.3944,596.6386,-343.8357,898.7067,577.7325,88.99055,924.58374,592.4664,-323.16235,897.82764,568.753,108.72765,921.40405,581.68243,-294.9156,929.504,614.5422,207.7934,934.10474,627.2539,-206.77206,1111.8197,714.36957,309.64487,1168.3113,684.35,-190.82062,1124.8289,816.3886,593.90125,1191.7699,858.0833,-39.97985,1106.1282,835.17786,617.05396,1167.281,889.1321,-24.172628,1194.4786,833.8037,619.0138,1274.3759,889.9297,-43.359272
chair_dip_start_19624_flipped.jpg,898.5108,272.90628,-29.33893,904.74634,257.2167,-73.93847,906.86383,257.3183,-73.956795,909.23676,257.42255,-73.90319,907.3054,254.3063,-19.195375,910.6845,252.62392,-19.133163,914.19293,251.06091,-18.806986,931.0435,261.09506,-205.2607,937.885,254.14801,43.120075,908.3044,289.63458,-71.173355,910.2102,287.38794,0.6237162,966.6592,354.36392,-344.2301,982.0792,348.82812,239.21805,1076.2753,471.35593,-396.76108,1056.0117,457.85385,315.85764,1031.4689,562.39246,-292.95743,1032.2513,551.60187,195.09355,1028.8734,585.01117,-352.86612,1028.64,579.83655,200.25334,1012.1528,576.2293,-313.82196,1021.7069,578.85187,142.85645,1020.02997,569.38525,-275.78455,1020.1758,570.0671,165.53455,976.3074,626.71454,-228.84985,978.31946,614.1817,229.37738,720.39136,662.7823,-227.55446,808.1299,665.3715,433.67673,758.21704,881.5187,-76.60264,796.9575,839.82477,692.0296,792.5624,920.6831,-63.972744,824.2549,875.9355,714.5771,683.34576,913.402,-93.285065,709.9763,867.3629,731.90814
chair_dip_start_24816.jpg,1077.572,290.207,-80.67221,1069.7633,266.47397,-55.9418,1065.7491,264.86496,-56.049236,1061.911,263.20844,-56.166534,1072.406,267.75217,-124.52838,1069.8776,265.89783,-124.32827,1067.3773,264.15613,-124.35598,1025.9408,256.8039,60.47443,1034.1488,257.77597,-240.77745,1051.7703,299.68152,-32.350567,1052.902,299.3387,-119.35575,939.4821,337.01562,206.10973,951.6525,337.14752,-370.25674,854.1117,456.5476,247.4136,791.1658,439.23697,-491.28238,877.1102,572.67505,85.79392,866.8721,582.99384,-315.27243,884.6244,597.8843,59.399788,882.6599,614.192,-342.52466,894.9263,599.3495,21.960533,904.84515,600.76404,-324.63373,891.33606,592.28864,58.877075,893.3321,589.26544,-298.79117,872.2527,629.54956,206.21078,875.3868,655.918,-205.1364,1027.0531,647.1375,353.47565,1156.663,707.381,-258.61566,937.3752,802.7265,554.6634,1106.9414,935.05426,-66.59175,900.16394,822.6673,569.09937,1062.4595,959.43115,-37.43644,983.22534,850.03296,614.8878,1178.0502,1005.4052,49.109985
chair_dip_start_24816_flipped.jpg,845.5767,276.5035,-93.595146,851.4818,255.8458,-135.65944,854.0512,254.0167,-135.57503,856.76526,252.09973,-135.43465,853.6871,256.5883,-71.86692,857.1962,255.56364,-72.00331,860.8081,254.68164,-72.08549,887.15924,248.05408,-246.40852,891.252,253.11093,44.234135,865.1206,288.3324,-125.97772,865.7806,290.1993,-42.48679,965.72546,329.1214,-349.1518,975.4714,353.82004,232.25645,1136.9364,421.66815,-389.0298,1082.9149,462.72046,290.94855,1051.0745,563.47473,-114.221466,1055.9575,559.402,86.890724,1036.1617,601.21423,-133.63702,1050.0322,585.5544,63.239258,1017.3328,588.05066,-99.57399,1038.1876,579.28955,14.127506,1031.7448,573.6149,-90.036545,1038.6035,569.06964,55.825333,1044.9725,637.5208,-224.96791,1035.424,627.05804,225.64337,797.83215,727.4516,-191.39412,834.16425,709.25903,350.63635,815.95264,967.0794,22.85892,823.9623,915.1483,524.13745,852.9199,998.5862,48.624992,853.53674,943.9416,538.13666,724.45624,1022.94684,73.32458,735.0955,975.653,562.6128
chair_dip_start_25631.jpg,1132.9075,327.04257,-33.971554,1121.8213,304.53464,-5.3295455,1118.693,303.44614,-5.5890303,1115.6921,302.3452,-5.715534,1123.1702,305.9137,-73.24265,1120.2206,304.64658,-73.00213,1117.2676,303.44925,-73.03355,1081.9603,300.73035,110.27624,1086.5197,301.4058,-188.98856,1113.4425,339.1446,13.579551,1112.1385,339.34955,-72.09794,996.1535,375.09088,249.6064,1023.3643,388.78128,-306.32153,893.71344,461.95996,331.31674,854.932,461.66754,-384.0924,900.54565,552.0921,253.53516,900.97253,594.33417,-229.81638,900.63934,569.0306,245.21654,909.4988,615.53204,-264.48663,914.1139,573.58,208.5251,929.5164,605.503,-246.4304,913.39545,567.8134,230.79156,920.51447,597.161,-216.21489,919.464,645.6919,204.24908,928.736,675.7325,-202.90175,1067.6597,771.749,336.7466,1146.3577,821.0549,-230.42593,1000.7878,905.9537,574.11975,1060.1755,990.97406,-77.42206,964.5643,921.3039,594.444,1019.9254,1007.3742,-58.3477,1059.56,958.04474,609.6299,1108.249,1052.7819,-50.60525
chair_dip_start_25631_flipped.jpg,803.78674,324.78305,123.33705,808.52844,303.4034,75.95687,810.62134,301.83173,76.17013,812.9031,300.10406,76.255104,811.9107,303.0928,138.08192,815.6628,301.7369,137.97386,819.55347,300.5187,137.93459,841.83466,296.77258,-93.330956,850.0117,297.67184,187.61246,823.1804,338.07782,68.29985,825.34375,338.75677,149.87921,901.36115,374.3793,-217.17365,951.6944,385.62064,307.4367,1053.4458,459.50464,-217.21533,1051.6934,481.51297,384.493,1019.9391,586.6528,123.30474,1025.4004,581.2474,245.64236,1020.5817,615.38165,128.14442,1019.18634,606.0687,237.39069,1004.14294,607.2995,164.21194,1007.30664,605.8683,192.587,1013.1022,596.4321,151.5518,1007.30176,598.98254,220.13649,1000.81006,674.0306,-218.01294,1015.84406,666.95874,218.91052,757.7374,782.32556,-226.36673,825.321,763.80493,329.07184,871.6087,1003.4198,-98.29552,901.35455,950.0108,464.24216,927.2997,1031.0457,-84.89136,947.8645,978.4826,472.03372,788.2915,1067.5715,-56.33094,822.63666,1003.679,507.82587
chair_dip_start_28223.jpg,1029.5303,280.84982,37.566616,1014.38727,263.95343,63.746273,1011.01294,263.3755,63.65919,1007.7593,262.72266,63.60252,1016.37854,265.07803,-2.1829855,1013.74097,264.38443,-1.9425191,1011.11444,263.7593,-1.7945476,981.621,266.8514,169.25044,986.81085,267.46497,-123.37882,1016.6938,295.13232,81.36499,1017.35,296.14694,-3.1225333,936.6284,359.4502,305.8356,953.51086,350.69028,-279.035,866.2201,451.2466,310.23904,855.3986,452.16223,-424.41858,885.0821,550.02905,118.22352,884.88654,563.94574,-301.61002,887.6123,571.1782,107.08406,885.8418,591.0743,-337.42148,896.70447,567.39484,70.8988,904.66296,584.7615,-313.0941,896.3796,558.3188,95.05698,901.5999,575.0056,-286.87625,925.77795,614.5823,202.64758,931.3599,622.14746,-201.66339,1091.859,722.3689,301.56256,1155.8065,679.4182,-202.38524,1101.4503,826.90497,557.3355,1191.1824,857.8451,-95.9852,1082.1041,847.7227,576.99963,1168.1984,892.4112,-84.66018,1173.6516,840.9991,579.5244,1277.7845,883.8638,-105.33178
chair_dip_start_28223_flipped.jpg,889.82764,283.02756,32.36475,896.9219,265.6595,-5.153361,900.1324,265.1267,-5.0706086,903.5004,264.56107,-5.0121484,897.5187,264.0411,51.321445,900.51245,262.68466,51.299034,903.57574,261.43832,51.482395,929.95215,266.9142,-128.20958,929.03406,263.89017,126.83448,904.05084,299.37573,-8.34582,903.5579,298.93127,65.75192,969.88837,357.02194,-252.27519,989.04236,353.4991,285.88876,1101.0559,471.70886,-262.13123,1075.1552,460.2484,387.6845,1042.2812,558.19025,-25.239506,1037.0778,542.9108,310.40854,1038.9713,579.6418,-47.35313,1029.0538,567.26587,307.97806,1019.93225,568.9296,-17.37598,1023.0494,565.3048,258.96906,1028.9579,562.1439,-6.146893,1022.9863,558.3389,282.73123,981.7066,632.39496,-213.36623,983.62256,618.2928,213.63768,729.15265,668.48456,-212.64253,796.57526,667.0386,342.5288,752.0963,887.94824,-67.28746,783.1829,849.0033,549.4826,785.9508,924.2921,-51.777504,812.1066,884.9814,565.2759,672.8787,926.65784,-55.382164,699.75354,882.4126,583.5015
chair_dip_start_28457.jpg,1081.5624,305.6489,11.764347,1069.1898,284.86957,37.048492,1065.5062,283.84534,36.950394,1061.9482,282.77213,36.890987,1071.3699,285.95813,-31.885721,1068.6371,284.75745,-31.746973,1065.9182,283.62198,-31.831244,1029.7678,283.63992,143.45699,1036.3062,284.5108,-159.10725,1062.3594,320.1857,56.158054,1062.746,320.01642,-31.2619,961.6126,376.16446,275.65488,978.4021,363.74603,-281.31067,872.55646,476.96002,356.82162,844.9856,458.98157,-386.60345,889.607,578.9782,247.22528,904.7273,577.5057,-249.99701,892.0319,607.84485,234.99959,912.47626,613.7584,-268.37292,899.7174,605.8817,201.86212,932.2606,605.1894,-255.53316,899.0149,594.1691,225.39798,924.99255,591.1282,-237.05086,916.1461,651.54926,196.48207,919.2399,667.78156,-195.43135,1093.1099,783.5661,259.21875,1147.1053,795.5535,-203.24986,1009.1399,882.5986,448.76935,1053.6737,966.2148,-38.65602,976.22546,889.19476,466.1566,1012.9962,980.73566,-17.908009,1045.2975,936.9107,503.85657,1096.5504,1035.2556,-1.260523
chair_dip_start_28457_flipped.jpg,850.5728,307.02365,44.064743,858.2649,287.1311,-5.773956,861.4341,286.39102,-5.5881352,864.7723,285.55554,-5.42045,859.76306,284.47327,62.223007,862.98303,282.39496,62.254173,866.3789,280.38596,62.27726,893.263,286.30887,-166.1475,894.79205,280.24255,138.59999,869.0969,324.2277,-10.384022,868.0643,322.05984,77.86672,935.6589,376.555,-302.9326,987.3522,369.70557,285.72427,1062.4045,481.11234,-340.06436,1086.0631,463.38226,332.73962,1024.5283,586.5738,-73.20598,1069.52,559.7378,167.56679,1019.8552,611.05414,-83.38702,1062.5631,585.4528,162.08917,1006.253,600.8091,-53.077824,1056.1072,585.1261,128.12749,1017.55505,592.9246,-48.75453,1056.1333,577.8495,146.3944,995.15936,661.61786,-218.01405,1014.3244,649.1691,218.96541,761.0087,765.5338,-257.19644,850.37134,751.1001,324.73706,859.3069,986.73596,-211.52101,911.17487,928.56854,449.4068,910.1628,1020.5791,-207.51057,951.9355,960.1401,453.92984,774.6001,1042.6144,-175.92989,837.68805,975.4442,483.5694
chair_dip_start_28728.jpg,1085.4198,307.37546,-98.9804,1080.9113,280.3976,-77.960785,1077.2434,277.78845,-77.981346,1073.7367,275.15607,-78.03909,1082.674,283.2947,-146.55109,1079.955,281.59045,-146.37845,1077.2837,279.9753,-146.43466,1038.0424,263.69354,26.311375,1044.1124,269.37894,-274.9098,1058.7201,314.05063,-53.610382,1059.4314,315.47223,-140.87476,935.6997,330.37354,163.80663,960.4078,343.48535,-386.22858,851.2959,455.7715,185.60976,809.7878,461.7352,-489.18384,869.19244,568.3838,26.11668,882.5028,588.26105,-323.49628,876.0799,592.732,-1.9892261,896.00806,615.7298,-359.8374,886.8931,592.81213,-32.163704,918.45386,607.8998,-337.1721,884.87787,586.026,1.5528295,909.61194,596.4546,-307.94983,877.67773,624.72076,203.7527,889.45374,655.5905,-202.74983,1034.2582,629.2008,342.28076,1163.1222,706.6442,-250.02322,960.3852,799.10077,558.08405,1114.3948,926.7357,-40.76193,927.0974,824.2186,573.99603,1071.508,951.13434,-11.376203,1009.4539,842.903,611.93713,1180.9487,993.8088,59.439133
chair_dip_start_28728_flipped.jpg,842.60065,296.2347,-43.97039,844.1735,273.71027,-86.3216,846.51526,271.25467,-86.18153,849.0406,268.71735,-85.89125,846.15234,275.01257,-27.296478,849.2513,273.88242,-27.413837,852.4726,272.8485,-27.455265,877.3249,259.96597,-205.47508,881.23395,266.98474,65.4781,862.8525,304.7395,-79.17411,863.4993,307.38522,-1.2821853,959.8552,333.47128,-306.56467,973.8944,353.7847,224.37488,1117.4529,433.33417,-376.55887,1076.0515,469.5674,264.02295,1051.2991,567.54474,-174.68013,1042.1328,565.5225,94.30406,1039.4836,606.79755,-196.22447,1032.3916,591.74927,73.01947,1023.8876,590.3005,-168.4558,1019.3025,584.3453,40.870323,1036.139,575.6545,-154.57341,1021.39984,573.75006,70.375145,1038.6805,634.235,-203.19427,1030.4395,623.123,203.84717,793.47217,718.4069,-198.26984,823.14923,701.3278,283.8279,813.6556,949.81903,-2.3430166,822.76483,905.31287,424.2598,850.4843,978.5986,21.438852,852.1967,932.6288,433.4666,727.40204,1006.5022,56.694027,745.3864,966.1274,450.64868
chair_dip_start_29439.jpg,1059.9869,287.23022,-388.7893,1065.4141,266.80707,-337.1766,1068.5913,267.92435,-337.48584,1071.8878,268.91428,-337.65933,1052.8336,260.5123,-388.206,1046.1514,256.07214,-387.88098,1039.498,251.74301,-387.9925,1049.466,268.0429,-91.24269,1011.86957,246.1896,-316.8828,1047.5579,303.0949,-297.10464,1027.7279,294.01352,-362.10275,955.65967,344.14966,176.42967,941.58795,336.92706,-474.39014,849.66565,450.28192,227.67961,766.75916,422.314,-634.16925,875.077,559.2597,-0.9461176,852.6704,578.95184,-529.12964,891.2769,589.40344,-42.961777,874.58813,609.3094,-588.85913,896.24634,589.9171,-97.337425,899.9244,590.38947,-564.69507,889.6295,582.27673,-35.58702,880.3661,582.8762,-513.8378,887.43713,629.1119,230.0776,865.7734,663.3401,-228.91135,1108.7943,664.83185,302.84546,1147.0288,715.56854,-303.77206,1063.5878,873.61005,449.75787,1122.3706,932.03253,-90.55522,1025.9341,908.3755,458.70007,1075.9066,966.0076,-62.31911,1146.2037,928.54425,479.4195,1226.7039,977.2072,-27.002007
chair_dip_start_29439_flipped.jpg,867.85834,283.84448,-366.0288,878.0553,257.26962,-358.00665,887.5268,252.83432,-357.85797,897.1348,248.367,-357.72122,857.26685,265.8809,-313.7932,850.227,268.0811,-314.07626,843.20667,270.42065,-314.0379,925.07,245.65091,-229.30788,856.83685,272.76813,-25.219473,899.268,291.72638,-313.20245,869.5436,302.9998,-255.06432,981.39484,320.2632,-302.8895,950.90753,354.8981,289.39557,1141.4701,402.56,-457.65756,1049.0837,481.59277,386.30484,1065.8435,558.9792,-407.82562,1049.3298,572.56726,189.97559,1056.8387,602.1863,-460.01456,1045.8086,604.7614,146.1577,1025.9218,591.66003,-457.18286,1034.1978,595.93915,101.11595,1040.1492,576.77747,-402.28677,1035.4878,586.3395,160.84412,1052.5056,634.89734,-210.58867,1027.9824,619.6205,210.89682,799.7335,725.4722,-246.84494,833.9017,695.93,271.72864,823.71277,951.53436,-60.694,818.26697,908.2901,459.83923,862.2672,985.3853,-40.13316,847.90784,944.7523,471.91168,730.0866,1013.7508,-68.707146,725.1833,971.2205,429.11288
chair_dip_start_33239.jpg,597.4347,336.91156,-47.885235,604.2711,314.54068,-27.366787,602.2975,312.7579,-27.43012,600.48926,310.90662,-27.58896,604.324,313.1385,-81.482994,602.6387,309.09525,-81.391014,600.9899,305.10718,-81.40928,575.3225,293.05484,61.922997,576.7851,285.03973,-174.77196,572.0855,339.33224,-10.354573,571.3266,335.02045,-79.15008,481.03882,338.52533,191.30916,471.04605,335.83557,-299.36252,386.36557,452.90903,233.53691,306.22696,436.76755,-381.5659,404.57205,567.9602,100.69979,387.68402,580.2742,-234.20702,410.63156,601.4141,76.51327,404.18396,619.8116,-259.1439,417.1607,601.5451,50.68143,430.79068,606.40625,-232.88234,415.22617,589.2419,81.428375,418.91,589.9949,-216.1146,404.04227,617.12244,183.95909,380.89612,642.5391,-182.88873,609.7619,682.6793,183.67827,644.6151,716.74713,-218.78082,588.0191,893.0394,301.94476,643.78094,926.076,-9.2847805,554.61597,920.9787,308.67383,603.7979,949.9181,20.007996,662.4341,959.91705,299.78177,744.17065,993.37994,68.244606
chair_dip_start_33239_flipped.jpg,840.35455,332.9529,22.102678,835.40515,310.03168,-21.320913,836.882,306.50818,-21.145641,838.51697,302.87198,-20.791138,838.2331,312.46454,35.008938,841.3074,311.1006,34.782246,844.49994,309.84186,34.791195,863.809,286.56732,-160.03188,871.49255,297.65674,97.42654,860.6371,334.51288,-20.91105,863.2666,339.0436,53.498085,942.6445,337.34564,-268.5913,982.1123,352.4971,234.54173,1113.5441,417.72617,-315.85233,1107.727,447.77484,243.31876,1051.7948,563.0284,-82.82901,1073.348,551.48267,81.22911,1042.422,601.38403,-92.24162,1062.037,579.1152,55.264732,1025.2703,585.5531,-58.837185,1049.3828,575.6855,26.02755,1039.5963,570.24994,-60.13225,1052.8147,564.6466,57.72133,1043.6902,634.9717,-193.88461,1047.8156,624.0527,194.54968,793.9755,739.79895,-164.7039,831.5223,707.4809,237.8733,829.7909,936.99677,62.48148,839.0206,912.72107,284.86282,864.57306,959.7719,90.76267,871.20703,938.3593,285.66232,756.5795,988.5622,142.07407,761.6414,976.18634,293.93683
chair_dip_start_33710.jpg,1169.1283,324.53662,86.1341,1159.8496,301.0591,110.81772,1156.604,299.3029,110.70768,1153.4197,297.50833,110.59686,1161.3292,303.64804,44.99445,1158.5834,302.47134,45.22433,1155.8582,301.36234,45.266415,1121.3638,293.3738,197.39691,1127.2212,298.0805,-94.14465,1150.0281,335.98737,123.00275,1149.2164,336.98245,39.201027,1018.93933,355.36426,301.23193,1074.9985,384.7975,-244.60033,911.5519,440.56836,283.55612,934.00287,464.08252,-318.5674,888.45526,551.52594,152.71121,925.9451,597.9138,-184.676,879.89886,575.4367,154.70786,919.29065,626.2682,-222.18556,893.8957,583.6456,127.845985,938.90356,628.3329,-203.82812,897.2892,576.53876,134.29604,936.49146,616.6917,-173.82465,927.77704,636.30164,207.26073,953.1145,671.736,-205.88313,1083.0347,759.6645,334.95508,1173.2664,815.62,-203.06079,997.94073,878.75354,527.9303,1048.093,979.3341,-9.5608015,965.179,886.14685,543.1651,1005.1269,988.7684,11.639166,1034.2743,941.68555,554.72235,1069.5717,1053.455,42.907753
chair_dip_start_33710_flipped.jpg,762.7251,326.17346,35.837406,765.91437,302.71887,-10.247882,769.48346,300.63614,-10.042363,773.19476,298.42,-9.816379,764.95996,301.4141,58.9763,766.80725,299.11035,59.021667,768.827,296.80847,59.073708,800.8352,291.12646,-158.90683,794.5321,289.64673,155.70448,785.4469,337.37885,-16.96206,781.368,337.28503,74.32283,856.2706,366.6243,-321.21207,905.0756,357.6661,310.1925,995.3196,446.51108,-445.4259,1024.8301,436.89438,348.95416,1002.8994,578.55237,-312.55695,1037.1201,529.0171,175.56964,1011.83154,605.96436,-348.81158,1039.1116,553.99744,170.39172,993.59,606.75134,-320.72247,1030.2468,554.9719,133.59747,998.35693,595.15564,-291.96744,1027.1678,547.7517,152.75575,957.20715,637.08167,-217.11311,976.58136,626.3762,218.0693,755.63306,780.0214,-241.26886,827.63934,752.8186,282.95642,872.2186,977.5802,-142.96278,911.1498,927.7491,417.7045,920.1686,1000.8636,-135.7889,954.8406,952.1714,419.46582,810.24963,1049.236,-126.47276,855.7065,990.0121,417.7454
chair_dip_start_35336.jpg,993.1199,309.60684,-292.2392,986.5441,291.71164,-237.7825,991.32544,290.9749,-238.11453,996.271,290.14328,-238.1828,970.42053,293.5628,-286.51062,962.43677,293.57898,-286.04666,954.53986,293.64755,-286.11572,984.067,296.16348,10.134446,931.69257,300.807,-202.84999,997.8241,322.3223,-199.47997,974.0658,324.66,-260.44284,951.51306,382.57108,232.22464,920.0673,381.63696,-312.04886,871.4309,466.51654,287.91837,797.127,454.38675,-498.19537,859.80853,546.4364,81.11318,870.6827,576.27747,-524.7854,860.2263,563.137,33.004326,881.0398,591.95514,-579.8681,862.2081,561.1564,2.6951334,894.93494,578.4783,-565.26666,862.03577,554.6842,56.0555,885.69934,573.6926,-517.3149,926.0923,623.70154,215.7441,909.5637,639.1726,-214.8368,1116.6759,704.5053,241.94707,1165.3688,670.2826,-281.12244,1072.7725,834.5884,396.26697,1189.9012,858.86414,-199.95755,1042.3511,853.22974,407.0861,1155.3787,893.65814,-184.91866,1139.8335,871.1363,389.27173,1290.2367,893.9844,-205.91113
chair_dip_start_35336_flipped.jpg,927.4129,314.23386,-469.57248,943.79285,295.2646,-470.41602,952.7665,295.60956,-470.3122,961.8543,295.9645,-470.41934,925.44507,291.89093,-428.98654,919.595,289.8901,-428.85315,913.72034,287.98016,-428.89005,986.33527,301.32288,-378.18176,926.2751,291.0464,-197.80495,948.2437,332.65195,-429.64893,922.7746,329.00076,-378.20776,1017.8462,386.9205,-385.72232,959.2074,376.1374,101.56279,1155.2021,482.07266,-397.78644,1029.7225,492.2108,340.63864,1065.1199,568.5428,-305.59592,1028.7148,549.13403,319.19562,1052.5895,597.1612,-355.71762,1025.8494,575.09827,306.40256,1031.8752,578.73334,-345.19675,1017.3429,564.2107,252.94553,1044.6938,571.20746,-297.39087,1018.94965,557.918,291.76895,987.23395,641.90765,-182.88603,953.3368,618.34143,183.11238,745.3881,657.1715,-268.21613,815.8601,685.542,209.9851,742.5636,879.9894,-155.67706,823.42804,842.7407,456.82092,773.0365,921.19116,-143.38426,850.1522,871.35767,474.65808,659.3623,926.53217,-217.67453,759.5962,891.5066,442.86752
chair_dip_start_37093.jpg,1041.0687,284.31366,67.79189,1028.0072,267.55914,103.52582,1025.1445,266.75317,103.49556,1022.3682,265.90872,103.4142,1028.9423,268.99066,36.0173,1026.206,268.20547,36.203304,1023.4846,267.5095,36.38647,998.1753,268.31265,214.7757,1000.92456,269.27878,-85.702644,1029.8289,297.5798,109.86866,1029.2172,298.83002,23.151539,941.9859,356.00522,315.64047,964.72504,350.01947,-279.29785,863.4927,450.73157,248.27777,868.6211,450.66425,-439.00278,870.7837,560.3619,5.5345798,891.9299,560.2047,-313.73462,872.01196,584.5524,-18.52406,890.8873,588.3623,-355.0748,880.1451,582.27325,-49.577194,911.5023,584.62463,-339.0982,880.1189,571.6889,-18.727049,908.43823,574.8642,-304.15945,922.3274,618.19836,212.27419,930.223,628.1065,-211.23904,1104.2552,716.33386,323.9206,1155.6958,679.90924,-187.9334,1117.3458,818.67175,639.07,1185.1687,859.6607,-30.791866,1099.4677,837.701,665.20215,1162.5989,891.66516,-16.271238,1192.1506,833.088,666.0429,1270.0632,890.7841,-52.108
chair_dip_start_37093_flipped.jpg,890.3596,283.9622,-76.231094,893.8103,267.09848,-117.846054,896.5722,266.65564,-117.877,899.5868,266.24612,-117.81051,894.7124,264.91095,-63.706726,897.3583,263.33362,-63.579483,900.1322,261.85748,-63.30961,922.71423,267.49118,-237.99213,924.1434,263.59308,6.649592,902.77264,298.77026,-113.86133,902.7344,298.1968,-42.90516,969.2371,356.0436,-366.3143,979.22595,349.64136,200.95535,1091.4321,476.27484,-401.7639,1058.4193,466.05215,299.09497,1039.541,562.7619,-289.63718,1029.7798,553.94653,221.62508,1035.7852,586.9567,-349.10687,1025.6069,582.9925,228.06607,1017.17834,573.63293,-312.14246,1018.8661,580.5114,165.64978,1026.2532,567.1084,-273.49792,1018.6624,572.309,190.56206,985.18396,631.681,-223.22638,982.66595,614.79767,223.60768,732.6921,655.8877,-220.72772,801.94653,660.91364,388.09802,756.0957,878.2847,-47.555912,790.65466,841.12,608.8884,789.7955,916.41864,-29.894232,820.93494,876.68146,628.2639,687.4981,911.2177,-43.64449,707.85333,869.9351,646.8056
chair_dip_start_37168.jpg,1114.0984,282.6981,3.907688,1096.6458,262.5808,31.917551,1092.7081,261.49997,31.648064,1088.8804,260.31235,31.539417,1098.4741,265.44556,-45.451263,1095.1975,265.25467,-45.085915,1091.9149,265.12805,-44.891502,1055.4841,266.89523,153.57465,1061.0219,271.44684,-187.1369,1097.2406,298.07465,55.709053,1096.9393,300.26822,-42.8041,987.4949,364.44626,318.31754,1015.70197,362.16327,-341.20523,869.018,453.8822,370.15158,860.31934,443.6276,-442.08417,868.81024,563.0157,182.63205,895.7243,590.93695,-278.6994,865.6534,582.8109,161.86667,897.908,612.0848,-326.31284,880.98486,587.3271,116.06048,916.6314,608.43134,-299.8649,883.18585,580.2538,153.05305,910.5694,598.48126,-262.45743,914.8575,640.1171,229.61096,923.9931,654.71173,-228.29468,1076.4694,782.4615,321.5123,1118.3553,792.6447,-241.0268,1043.3912,928.33887,518.0447,1064.6196,985.8865,-112.196625,1010.8342,950.2939,530.7786,1029.2576,1014.4141,-98.742096,1120.7166,963.59814,510.84995,1124.7794,1028.6982,-123.67756
chair_dip_start_37168_flipped.jpg,819.8024,285.71884,-85.453415,830.7058,269.73416,-129.38736,833.23096,270.00055,-129.25967,835.9794,270.1621,-129.26645,833.6432,265.98434,-61.431854,837.48456,264.0068,-61.432663,841.49493,262.132,-61.373436,864.0298,273.88654,-263.92722,870.75494,265.19177,41.923428,834.4421,304.77954,-128.38309,835.7405,301.13797,-40.343254,922.7715,370.95724,-382.9044,941.09375,373.21188,227.19798,1078.4349,455.98172,-446.01175,1052.5286,474.3678,313.8362,1021.53577,588.2274,-222.55338,1044.5944,570.0847,120.54607,1017.1229,618.5561,-246.53624,1045.5408,596.57007,116.52414,998.814,612.42236,-219.60432,1034.3921,593.1607,65.9265,1008.734,599.0895,-201.27458,1030.1368,583.6902,92.27532,1007.59894,658.87396,-217.4878,1009.9022,646.8684,218.42659,785.4777,772.5107,-196.92412,856.20966,754.66846,373.73853,873.411,982.6388,-17.714317,909.11743,938.1336,524.8738,921.04926,1012.1284,-2.3495102,950.52234,969.91095,531.4037,792.1321,1031.0028,11.29771,821.0352,978.2459,539.422
chair_dip_start_39935.jpg,1041.2212,282.02472,26.019932,1027.2006,262.94525,52.109013,1024.0063,261.67554,52.01533,1020.93787,260.32803,51.95242,1028.3264,264.98785,-16.580915,1025.2146,264.21542,-16.425337,1022.1262,263.4994,-16.340332,993.41376,260.24194,156.45387,995.7899,263.59003,-148.95499,1026.9545,293.9988,69.36863,1026.827,295.8645,-18.941845,942.1349,345.86728,292.52115,955.0282,342.02234,-308.85223,872.2019,445.9152,312.2947,865.9304,450.0981,-445.90417,890.021,549.3277,151.76544,894.64056,564.488,-309.03845,893.4122,571.73486,148.92032,894.44885,594.8637,-344.67932,903.6167,569.843,110.491585,914.0122,588.9955,-321.6621,902.51263,560.89453,127.88169,911.09204,578.1855,-294.6288,932.2408,611.8044,206.23752,934.29584,624.33167,-205.27577,1109.6548,713.9842,298.1683,1158.2698,681.8598,-191.1007,1125.7269,823.34735,554.37354,1190.0448,858.6083,-51.026207,1107.2556,844.5343,573.4405,1166.365,891.29065,-36.672253,1198.6038,839.8268,567.2832,1274.2153,887.94275,-58.638176
chair_dip_start_39935_flipped.jpg,888.54736,284.67682,-11.402568,893.242,265.99063,-54.540432,896.2782,265.14447,-54.48604,899.51294,264.28815,-54.43118,893.9332,264.4984,1.2957456,896.7349,262.99274,1.2846267,899.66516,261.5875,1.5617101,924.5727,263.6038,-182.02457,925.0968,261.01392,73.46471,903.2283,298.65924,-52.376938,902.96436,298.46277,21.721466,969.0399,350.3728,-306.90234,984.08606,346.6073,242.93845,1080.4904,468.47583,-336.79846,1058.1986,459.75986,304.46185,1034.3313,563.0549,-202.57312,1033.0764,555.96796,176.71767,1031.2921,586.5729,-253.74632,1029.6144,584.3485,174.46497,1014.056,578.0711,-215.7541,1022.04504,583.8804,120.316605,1022.2276,571.1425,-185.15582,1020.70496,575.94434,147.64088,981.52454,629.9284,-224.67712,982.84045,614.2529,225.14691,727.52655,668.58386,-219.98639,802.11127,657.036,422.4706,759.76733,889.81775,-77.18571,794.9912,837.109,672.6208,795.36725,926.6726,-62.962925,824.749,872.6916,694.52313,681.61115,928.0066,-78.41028,710.02844,870.48315,723.4732
chair_dip_start_41664.jpg,1104.8693,321.01517,-54.428486,1095.6681,297.97336,-30.422626,1092.4922,296.3993,-30.692486,1089.4576,294.80762,-30.842289,1097.6268,300.16516,-97.51493,1095.0906,298.9885,-97.276955,1092.5491,297.88687,-97.251366,1058.3531,292.07117,71.36771,1064.2573,295.0818,-225.4106,1085.4983,332.28134,-11.957367,1084.9565,333.40735,-96.90979,975.01544,367.11707,214.69235,1003.0236,379.66022,-353.80988,868.283,450.83768,294.19012,846.0147,449.62067,-443.1373,871.9252,539.06757,213.36247,888.6567,589.768,-269.28656,871.37585,556.0705,209.28929,897.5279,613.9764,-302.99997,884.36884,558.1964,171.34422,917.42175,601.9127,-282.45673,884.4083,552.608,191.40138,907.7813,592.70355,-254.20392,899.73224,632.94293,209.35423,908.72144,661.5708,-208.19199,1055.4982,746.0448,356.78168,1118.392,804.1289,-226.207,1002.2333,895.3727,609.5275,1061.7803,980.71454,-81.59161,967.1139,915.6932,631.542,1023.9169,1001.95776,-63.004345,1067.5592,946.79315,645.8418,1123.2701,1037.6635,-66.70433
chair_dip_start_41664_flipped.jpg,830.7948,321.15375,-83.14612,835.3381,299.6848,-130.12418,838.9518,297.9348,-130.0196,842.6806,296.11594,-129.81335,834.2607,298.58405,-66.56334,836.29156,296.66516,-66.47942,838.47345,294.78293,-66.48851,871.44617,290.7956,-248.98943,864.98737,290.1046,38.61389,852.2066,332.86374,-120.69361,848.7322,332.90823,-37.781567,939.92834,367.5206,-364.36908,949.84216,368.55936,209.50482,1076.8373,466.1766,-454.80472,1035.4557,474.55185,254.54224,1025.2648,587.2961,-310.9096,1024.2415,569.2021,104.69249,1020.0225,619.11456,-347.27856,1019.21735,597.6499,95.2994,1000.673,609.3034,-321.63077,1010.327,593.22327,59.55969,1011.3854,597.8932,-292.62634,1010.3263,584.3522,81.79465,1009.9938,656.1156,-202.84824,1002.2312,640.83386,203.76317,786.5599,753.6429,-234.19638,823.4256,743.89496,278.08612,880.82184,971.4741,-122.67122,893.1933,925.79175,378.4002,929.9649,999.8695,-111.27165,935.9149,951.59247,381.38187,800.82086,1032.3461,-96.97337,822.5765,982.51276,391.28455
chair_dip_start_43205.jpg,1100.9286,299.23187,-40.41759,1086.0286,278.01282,-17.71361,1082.1318,276.99976,-17.909369,1078.3525,275.90485,-17.986094,1088.7272,279.81003,-90.23253,1086.0323,279.03387,-90.002754,1083.335,278.33554,-90.00833,1044.9143,279.11575,94.57922,1052.5924,281.48853,-224.79251,1082.0239,313.13947,8.233408,1082.6276,314.11752,-84.08626,975.59235,372.60452,257.25504,996.26105,368.4219,-343.27557,869.4588,465.06342,344.97598,848.34985,454.38657,-438.53552,868.8133,562.336,205.37462,893.8891,593.51227,-264.94638,866.89716,582.4178,187.83815,899.5381,620.1749,-297.55823,881.1983,585.5843,144.83803,917.60547,612.15094,-283.47214,881.7185,579.0374,176.93265,910.6583,600.8831,-251.0476,911.3628,641.4662,212.44223,918.4679,662.7032,-211.37953,1068.7719,777.5495,324.29135,1124.635,807.6645,-234.22952,1024.7938,912.33307,535.38336,1049.7761,990.7105,-108.419785,990.43134,931.78925,552.96893,1010.91376,1010.8999,-91.6345,1099.9905,957.236,563.0247,1103.9191,1051.1375,-98.148285
chair_dip_start_43205_flipped.jpg,833.592,303.51846,-17.748226,843.09656,283.56595,-64.18694,845.96625,282.77936,-63.959606,848.98914,281.90067,-63.84312,845.116,281.74414,-2.6167462,848.6232,280.06842,-2.6168005,852.33435,278.50485,-2.623454,878.04865,282.53934,-199.89583,882.31006,278.3074,79.893555,852.2003,320.31754,-61.963383,852.1232,318.71347,18.880714,931.069,375.52805,-303.79962,965.5579,377.44397,211.8303,1066.7357,469.1865,-362.85776,1063.9587,477.62048,260.3262,1022.9719,583.5941,-186.2126,1051.7657,574.3906,122.60144,1016.7405,612.6209,-213.8129,1049.4053,600.1315,123.440384,1001.7033,602.0606,-182.22868,1037.9445,600.0746,81.31653,1013.5585,592.5451,-164.23386,1036.3184,592.4207,99.58019,992.77795,666.37195,-194.19928,1003.05597,652.6237,195.31259,782.19904,786.3429,-203.41164,839.96655,746.37744,300.7235,881.30756,1000.5417,-98.30502,898.3758,931.88745,429.67508,930.92676,1030.9603,-89.06188,939.2876,962.7071,435.99692,797.39484,1057.2178,-69.78437,818.8387,982.17004,476.98492
chair_dip_start_434.jpg,1094.5192,292.23196,29.888775,1080.6166,273.22824,55.948944,1077.7169,272.54044,55.65283,1074.9163,271.80905,55.52217,1081.4639,275.7025,-10.669129,1078.3048,275.59436,-10.290613,1075.141,275.5687,-10.085475,1044.4999,279.80743,161.29626,1046.6759,282.93167,-132.72246,1079.8108,308.92242,74.82832,1077.577,310.39157,-9.564417,970.8915,369.5135,297.19965,1001.62604,377.69742,-278.24866,866.882,458.71277,353.54895,843.13916,453.406,-364.528,858.8965,558.52484,212.49554,892.4267,589.5218,-196.88872,853.6376,578.8071,192.18259,901.1561,609.4796,-234.42398,865.5862,582.46265,151.3078,917.51636,600.0936,-211.62802,867.47266,575.6063,187.4229,908.0505,592.0392,-182.10541,887.42474,640.13696,213.47702,903.2148,664.0321,-211.85587,1026.9276,767.242,385.05185,1123.8573,799.1252,-239.67279,984.8672,879.1865,670.2824,1051.5802,978.7349,-94.49772,951.6304,893.0967,696.78815,1014.15814,999.6643,-75.708015,1050.9897,916.2643,738.59796,1107.3073,1033.0557,-59.515923
chair_dip_start_434_flipped.jpg,837.7601,288.76013,-44.615017,846.83,272.40005,-83.0282,849.6154,272.55527,-82.83423,852.5389,272.6172,-82.675186,848.33545,268.6682,-22.038433,851.19977,266.64557,-21.937353,854.2473,264.68848,-21.80927,877.368,278.30838,-206.097,879.66693,268.69815,67.15803,853.66046,308.25998,-86.73828,851.869,304.7032,-7.7827773,914.4755,374.92615,-337.46274,963.5851,366.6253,228.59624,1050.2509,462.92365,-392.8942,1081.8904,443.9658,256.69345,1019.9589,577.1865,-169.16714,1094.6208,537.07513,91.05449,1015.0853,605.6545,-185.31773,1096.2954,563.8406,89.88948,1001.6021,596.57306,-156.37077,1090.1893,564.53687,56.4414,1013.47296,586.8949,-144.60057,1085.3748,555.7099,70.79725,994.0929,631.4776,-207.0947,1007.2641,617.777,208.05798,801.7235,755.9728,-232.42433,843.2806,728.7257,285.328,878.66974,963.33124,-137.40208,877.1094,912.6062,415.98257,917.429,995.1116,-130.51254,906.6423,943.3905,420.75818,801.1199,1010.5431,-114.40626,807.7906,951.02075,440.85046
chair_dip_start_43890.jpg,544.6624,300.25098,-49.29849,536.23413,272.8999,-25.482319,532.7239,270.47955,-25.604284,529.3682,267.9753,-25.785362,537.95703,275.21613,-95.09057,535.1026,273.29666,-94.83449,532.30756,271.47818,-94.89418,494.2763,258.52933,79.2415,498.74213,263.06207,-225.0035,520.53345,308.26886,-4.6502943,519.61884,309.2185,-92.65584,415.07565,338.6338,222.84744,410.51,337.9096,-369.53986,331.1532,457.7379,297.50198,251.94379,442.42487,-473.9682,363.9496,567.11456,152.54404,343.87302,579.4008,-291.61035,372.07285,597.74347,128.63841,362.03186,611.83374,-321.12976,380.36676,594.4517,89.707664,387.9035,593.96515,-297.68414,376.99628,583.77985,126.72344,374.59244,581.2645,-272.65448,343.29016,614.5585,207.8642,333.47293,640.2008,-206.73189,542.0973,656.77014,292.379,606.6443,703.1062,-241.76424,498.9126,851.2371,497.3075,601.95514,915.2867,-35.38462,462.32913,877.9092,513.7405,561.658,942.366,-6.4492564,568.99615,913.8243,529.3331,703.1819,977.26184,29.745024
chair_dip_start_43890_flipped.jpg,859.7374,299.0118,37.831776,861.08044,275.67825,-2.1217186,863.99115,273.08408,-2.0746298,867.07623,270.37466,-1.800709,860.9742,276.7755,54.69129,862.9914,275.51318,54.48703,865.1373,274.34644,54.490772,895.30646,262.08582,-122.86544,891.434,268.62064,135.83232,880.38275,307.76526,1.2310746,878.60077,310.60733,75.649376,968.5948,328.8047,-246.53888,984.62994,346.16608,279.78046,1118.2164,435.47076,-344.31195,1089.236,456.4029,311.47775,1048.266,571.5043,-162.27902,1060.3448,557.3502,164.6743,1035.8334,611.51984,-179.80023,1050.6643,586.7806,144.55891,1021.07153,589.7419,-153.72957,1037.6965,578.23474,110.04401,1034.7871,575.426,-143.15677,1038.9288,568.3393,140.58636,1051.4431,637.6736,-190.5818,1045.6031,628.9035,191.35791,796.61487,736.997,-184.60706,826.7339,712.08215,220.1781,824.4428,945.1751,-23.914074,811.4259,915.33496,330.40915,860.56354,969.60913,-3.5926962,840.99194,944.7758,336.5524,748.20764,1005.4282,15.034556,725.197,971.6396,326.7882
chair_dip_start_44636.jpg,1047.6497,288.6859,17.399414,1033.4894,270.77158,47.26643,1029.915,269.8425,47.145134,1026.4393,268.8495,47.06269,1035.9785,272.09488,-21.571497,1033.5455,271.21445,-21.315235,1031.1046,270.4179,-21.216242,999.22577,270.54688,160.3028,1006.07117,271.92163,-145.91724,1033.0107,301.32013,63.15413,1034.0563,302.23077,-25.277224,949.46857,358.31128,297.862,962.8727,351.71982,-315.4424,879.28644,455.22937,293.21436,861.42676,451.71796,-469.9969,892.1773,555.40857,82.69017,892.9169,567.34625,-346.67462,894.1442,577.8806,65.97254,894.8629,595.4926,-382.91815,903.97614,575.2114,26.34174,915.2824,587.94666,-363.62277,902.8944,565.9277,56.316837,911.0196,578.05475,-333.11215,931.7488,614.05865,206.2645,936.1736,624.519,-205.21524,1078.3947,717.8143,296.9247,1164.9766,677.1978,-199.768,1056.9066,840.2826,532.7876,1181.065,855.88635,-61.423767,1031.5125,861.2798,548.89655,1153.1757,887.9194,-46.74496,1121.2898,868.10364,535.99756,1261.6605,890.7051,-64.258865
chair_dip_start_44636_flipped.jpg,881.5709,281.01144,-93.25262,886.0027,263.54572,-138.56577,888.9004,262.96512,-138.56258,892.03625,262.39072,-138.53435,887.078,261.7258,-83.51047,889.9851,260.26617,-83.44574,893.0002,258.91705,-83.18775,916.9265,263.6161,-262.15494,918.6725,260.51456,-11.392226,895.7339,295.83755,-131.83038,895.6824,295.54367,-59.055313,964.845,354.91473,-371.98386,977.28564,348.60684,180.25885,1090.4835,471.27512,-389.84543,1052.9274,467.64987,273.59375,1038.031,561.00006,-250.7852,1021.3601,552.8729,178.9024,1035.3933,585.4903,-306.30954,1017.52545,579.8912,181.08876,1015.05707,573.8244,-270.28726,1007.61053,577.4074,121.49859,1024.1467,566.7136,-234.44205,1006.5551,570.06824,148.4464,979.6661,636.0949,-223.51845,979.0835,618.10284,224.05904,724.89575,657.3721,-189.883,797.52435,657.5673,446.70035,747.21246,879.201,-11.147911,782.0963,835.9741,688.9413,780.83795,917.414,6.8556633,810.2492,872.2782,711.3603,671.11017,914.0876,-3.3033602,697.9774,865.3806,738.38464
chair_dip_start_4487.jpg,1065.0552,312.33292,-219.59563,1055.6547,292.0929,-182.29214,1056.6888,291.732,-182.57024,1057.9227,291.40085,-182.59198,1047.2028,293.699,-239.57758,1041.3292,293.54114,-239.16034,1035.5183,293.4794,-239.12842,1033.9834,298.27795,-13.26507,1005.8861,300.18582,-262.36163,1058.1459,328.62683,-151.79187,1044.7191,329.61578,-222.87271,974.7974,380.88907,186.88414,956.8713,397.2185,-351.6014,894.8705,476.1097,303.2703,799.0727,476.24463,-451.91568,907.4096,561.8096,183.08243,892.4592,595.4243,-362.96216,912.68915,576.10614,154.05411,915.97406,617.03436,-406.93085,921.14874,578.10364,113.07022,935.23486,596.5999,-393.32654,917.36957,572.77814,157.36546,921.52734,588.333,-351.53357,884.9879,634.35266,203.27885,870.414,661.29004,-202.28659,1037.8347,768.38617,324.29962,1115.7128,771.8981,-250.16167,974.9859,900.67456,574.7975,1041.4475,944.1643,-76.38021,940.6449,914.2132,597.6434,1001.7262,961.4827,-51.47187,1041.3765,952.7513,633.759,1106.5635,1007.073,-13.498772
chair_dip_start_4487_flipped.jpg,862.02826,311.05875,-224.72827,875.89264,298.31253,-243.19424,880.31146,298.75964,-242.97148,884.831,299.10446,-242.87885,871.2707,293.79877,-193.17168,871.6113,291.41544,-193.21693,872.03564,289.141,-193.2034,911.21454,303.03336,-270.87994,895.1071,290.64746,-54.648174,877.17865,328.9413,-231.61945,869.4685,325.06778,-169.6404,966.343,400.72,-327.40036,940.09814,394.80472,169.40082,1128.6893,487.01553,-306.67154,1040.801,491.33414,256.42523,1032.3108,586.158,7.091292,999.6868,550.0193,59.934513,1020.04016,613.0229,12.44423,996.1237,567.9428,36.765614,996.6003,595.6507,27.464108,990.2587,564.7712,11.763631,1010.1051,584.2168,26.209766,992.0336,559.9169,38.69746,1052.293,660.6167,-204.55228,1024.24,655.5529,204.28586,827.9894,748.54144,-302.3385,869.2139,726.59534,116.52431,887.1742,956.2962,-238.2652,906.5055,929.7338,250.84325,933.7139,967.92755,-227.62585,944.3387,956.9843,256.34576,791.29694,1030.2726,-202.58928,816.6475,978.2164,242.0273
chair_dip_start_4504.jpg,1088.3068,291.5668,-143.81757,1079.9298,267.0815,-119.12654,1075.8417,265.37085,-119.275154,1071.9633,263.63528,-119.42265,1083.2992,268.6728,-190.04361,1080.9194,266.91043,-189.80257,1078.5637,265.27698,-189.87212,1035.707,257.8585,7.2201953,1045.6833,259.22592,-307.71808,1062.5564,300.88995,-91.41479,1063.8619,300.80182,-181.91101,948.14526,338.61218,175.89145,962.9931,338.50815,-439.5385,855.0736,456.1631,234.97884,781.753,432.23798,-561.47046,884.0266,570.33575,69.47901,860.0119,582.40643,-374.6222,891.25934,593.6515,41.786194,876.6015,611.05707,-408.93927,903.56195,594.3779,-2.9131477,900.8235,596.2556,-386.9845,899.93164,587.7548,39.533745,888.1708,585.7536,-356.13022,871.2659,622.30945,219.03572,878.34375,650.08356,-217.85008,999.53455,621.11554,412.32593,1158.5875,714.79114,-273.50586,884.268,750.19324,645.41614,1105.4381,932.2557,-84.818344,842.1162,768.8275,666.1775,1057.256,957.49493,-56.345993,928.93414,787.8758,724.3954,1186.1252,1002.31476,18.98109
chair_dip_start_4504_flipped.jpg,836.9697,284.76038,-123.86977,842.1729,263.68594,-163.95244,844.8554,261.72894,-163.89668,847.71814,259.7066,-163.73096,843.9832,264.2482,-101.59217,847.27246,263.02725,-101.688446,850.6881,261.93118,-101.733406,878.4384,253.61105,-262.31128,881.33997,258.77136,20.752623,856.6071,295.88754,-152.02039,856.8563,297.7408,-70.95462,963.9615,334.94424,-351.59244,968.4868,355.58542,204.12675,1139.0231,420.21445,-381.08337,1089.1327,455.64676,253.92625,1063.0297,563.9773,-142.24753,1061.408,551.5101,59.77323,1052.3717,602.17004,-164.06787,1056.3381,578.8503,38.715992,1030.7083,591.51855,-140.12231,1044.6982,571.72644,-1.2884963,1043.0074,576.6617,-122.33375,1045.6473,561.0921,32.77665,1047.5419,643.5618,-212.02867,1033.1555,627.5433,212.63109,803.661,728.05115,-160.26562,826.02496,713.57117,379.35336,829.9174,957.8062,69.78601,819.5411,906.3941,532.41064,868.03784,985.3532,98.46668,850.6764,929.40656,545.3948,741.41547,1013.5278,130.41794,735.23267,969.4312,570.9326
chair_dip_start_49675.jpg,1075.8512,295.7661,-92.96451,1068.1957,274.09805,-60.651775,1064.3347,272.77573,-60.859516,1060.6309,271.4021,-61.0288,1070.1892,274.1119,-129.27084,1067.7372,271.74237,-129.02454,1065.2723,269.49115,-129.09329,1025.9752,265.9287,76.26504,1033.408,263.1241,-225.08913,1050.6686,306.4805,-39.16786,1051.3087,304.84924,-126.0177,936.8421,347.1302,245.31844,953.40717,339.92688,-386.19623,836.51843,459.36115,321.82565,774.87396,430.01633,-528.4352,882.8636,564.8719,173.39755,860.89417,574.90857,-350.24734,896.0975,590.785,150.145,877.5635,606.2782,-379.186,903.7064,590.6784,104.8202,903.6317,592.604,-354.039,899.5083,583.46106,144.724,888.59814,582.539,-330.71307,873.8337,637.447,217.1625,871.07434,662.5481,-216.09554,1068.7307,650.4228,318.22388,1151.1228,703.88574,-258.3375,996.37415,832.1381,481.51028,1116.1292,914.9451,-57.841846,958.71436,857.03485,492.092,1071.3551,941.7776,-28.439156,1057.4856,883.93115,536.5125,1205.6414,966.2958,43.782448
chair_dip_start_49675_flipped.jpg,848.2162,288.13776,-197.24008,854.28735,267.1312,-227.84119,858.37805,264.9646,-227.6759,862.6329,262.72687,-227.46918,852.0818,268.26514,-169.45076,853.53674,267.2276,-169.5474,855.0858,266.32938,-169.5507,893.57477,257.9366,-283.78027,884.9309,264.35056,-19.585703,870.1172,298.3532,-211.26845,864.78015,300.96518,-136.01622,969.3792,341.09665,-361.34467,969.37787,361.1598,181.30373,1146.0455,427.09692,-403.28745,1085.657,471.7337,239.54985,1060.5215,564.0056,-173.03633,1063.436,563.00665,56.86845,1047.7946,600.6404,-196.57423,1060.6968,591.8352,32.47344,1026.6595,586.45044,-162.13834,1047.543,585.3289,-9.290399,1043.0237,572.5515,-150.15463,1047.8978,574.9236,29.06446,1043.6984,639.0086,-199.09778,1027.3838,626.7877,199.59424,802.5457,728.5336,-175.04405,844.3852,713.77673,300.0402,821.81757,952.4486,-1.3926674,821.5234,911.0468,446.04395,857.0029,983.73425,18.237501,847.869,938.97076,455.7233,736.85095,999.9984,21.34493,734.1441,967.9211,462.2088
chair_dip_start_5377.jpg,1029.4326,292.5255,-42.517967,1015.9545,272.73026,-19.599838,1012.7073,271.11005,-19.79733,1009.5886,269.3835,-19.969131,1017.74084,275.72995,-84.3063,1015.2117,275.30994,-84.010216,1012.65515,274.93027,-83.88811,983.6397,269.1744,83.89174,988.2805,275.59174,-202.867,1015.605,302.9613,1.3902671,1015.74304,305.92935,-81.39898,940.3713,351.95084,231.90773,946.35547,352.388,-351.1368,866.7916,448.38922,253.7385,834.4365,447.7607,-480.5642,888.0812,540.4047,61.565407,887.71954,566.38446,-362.3904,891.84955,560.99286,41.190125,895.4136,591.6012,-405.65286,902.4345,558.01654,3.4120152,916.0099,579.7305,-383.49606,901.6286,549.2516,36.470066,907.8364,570.4952,-348.3969,930.3371,604.8477,200.47969,927.9346,621.60443,-199.51483,1117.6146,691.85376,274.24326,1149.0831,694.43915,-200.05649,1135.7966,813.217,467.23456,1187.2092,863.43097,-102.8439,1114.6941,838.19684,479.10458,1163.5765,897.0244,-92.973915,1216.5917,830.95404,460.36035,1277.616,887.20374,-125.6199
chair_dip_start_5377_flipped.jpg,902.64087,288.76187,-55.3398,905.52704,270.0994,-97.12731,908.5304,269.17886,-97.1236,911.80347,268.26016,-96.99493,906.2975,268.51233,-42.418503,908.791,267.0182,-42.356552,911.39746,265.63846,-42.18301,936.61456,267.98834,-225.13211,936.385,266.82816,21.523207,916.6555,303.0015,-95.624,915.9687,303.19858,-24.24658,983.53204,358.50302,-347.99692,993.3719,350.57898,212.24435,1104.0651,480.11963,-359.94443,1073.4458,467.76437,314.57806,1043.4501,566.42303,-175.56137,1035.5619,551.5775,232.51318,1039.1978,589.6193,-216.23404,1025.5532,578.44305,236.98082,1020.7094,575.4679,-178.6255,1018.91064,574.90436,181.4612,1030.6669,568.2598,-156.31721,1020.04065,567.2562,203.51657,987.823,633.52136,-219.02364,981.874,616.9401,219.4018,733.9406,666.28046,-221.01523,788.6944,660.7436,345.88736,761.73517,887.9618,-52.836643,776.64905,846.7309,550.2733,795.63776,921.38916,-33.693855,805.569,880.9012,567.36646,699.60974,933.22845,-31.302366,700.973,880.9942,581.35175
chair_dip_start_8642.jpg,1084.0201,398.58148,-85.0538,1093.9092,380.06967,-64.817276,1092.1273,377.9629,-64.93541,1090.5287,375.85593,-64.95516,1094.7773,379.91772,-119.34388,1094.2153,376.63934,-119.18777,1093.6001,373.434,-119.32116,1072.8344,357.36282,31.244045,1077.4352,353.34833,-208.89818,1062.4036,397.3808,-45.260216,1063.9451,395.2934,-114.64952,984.95166,378.49164,160.78258,981.79596,392.14365,-304.25595,896.71405,469.59573,185.07364,829.2295,470.71912,-361.0718,889.9447,559.9535,69.92764,888.5633,589.24524,-156.54805,891.38965,584.7455,49.494225,897.814,623.5223,-177.45049,894.3539,584.92194,25.427532,920.2988,614.866,-164.04497,893.14825,576.4467,52.281647,911.73846,601.02423,-144.40738,891.9286,644.3078,192.16931,875.65497,679.9153,-191.37706,1087.9762,716.1105,268.85608,1140.3577,767.06323,-220.96486,983.15576,883.6171,416.61163,1042.324,954.64606,-62.416958,941.33026,896.8232,429.03625,996.80615,966.3737,-39.046963,1025.6224,967.5222,443.11243,1096.343,1039.1738,-5.001201
chair_dip_start_8642_flipped.jpg,844.6242,393.1163,-89.076,835.4148,373.55374,-118.18356,838.1326,369.48834,-117.94533,840.9761,365.34674,-117.46183,832.9581,376.1968,-63.923965,833.11304,374.8,-63.94239,833.4264,373.47775,-64.00826,857.8364,347.26505,-198.83218,849.46576,358.91907,56.91574,865.2466,390.4381,-115.18672,860.6149,395.71786,-40.77692,923.10443,379.6522,-336.98187,950.6305,380.23932,241.4837,1072.5177,449.17844,-470.18997,1074.5654,470.66324,246.61497,1022.315,584.9291,-365.74167,1075.0625,566.8382,64.296074,1012.96576,624.9753,-392.03284,1072.3344,597.14703,51.630035,994.9364,603.9115,-366.18094,1059.7269,596.11475,23.008509,1010.70154,588.20935,-345.90677,1059.0618,586.32526,43.654846,1021.83325,645.3669,-204.14516,1020.5094,632.2667,204.48103,805.6803,743.5237,-222.14102,825.6859,714.9966,192.72333,873.01917,957.48175,-67.22838,888.88904,911.29034,235.06012,913.42346,978.62726,-46.060883,925.30273,933.4184,234.48183,814.41846,1024.3112,-6.639919,846.5134,978.96027,235.0954
