front_raise_end_1353.jpg,1121.4142,110.31955,-352.79422,1133.8553,94.0276,-313.98868,1141.3407,94.52991,-313.88217,1149.0139,95.0024,-314.07056,1111.7036,92.8088,-318.57928,1104.0269,92.17646,-318.4374,1096.3105,91.725494,-318.73956,1157.9324,108.227196,-88.87725,1085.0979,102.97443,-113.903725,1133.394,133.03134,-271.14307,1105.9706,131.27065,-277.65082,1200.0222,225.55385,-96.700714,1022.0055,199.11224,-162.57004,1215.7776,271.81494,-546.4874,998.25024,236.3606,-750.81635,1226.4241,176.70493,-1006.96985,997.884,149.69797,-1346.2396,1238.1091,155.6236,-1118.0012,990.8898,131.99316,-1474.995,1230.3389,149.52745,-1110.6376,997.86096,124.409225,-1477.2776,1219.0929,160.33388,-1021.13745,1008.33215,136.01709,-1365.3818,1130.0527,552.22534,25.552078,1012.88135,537.4418,-24.975336,1105.5558,798.4776,-14.073238,963.2165,774.1032,-93.378204,1067.9592,1008.6466,242.415,921.57086,982.9004,195.11307,1048.3865,1033.7198,255.06654,927.1357,1011.4877,206.43274,1090.3224,1083.5103,29.508448,883.8355,1052.4648,-44.94228
front_raise_end_1353_flipped.jpg,803.35364,113.077805,-373.73447,811.07263,91.95325,-332.15283,818.9005,90.45435,-332.0127,826.8841,88.83569,-332.11993,787.6265,96.25179,-337.59753,779.38635,97.39602,-337.52203,771.1255,98.73543,-337.89764,837.38715,97.23338,-95.210526,760.03613,110.495384,-121.53887,820.3882,131.67134,-286.5108,791.3006,136.80305,-292.98984,908.80023,203.12329,-71.00138,717.2964,227.38484,-117.19201,944.71246,264.6735,-474.42273,714.8128,304.60522,-588.3889,924.8759,148.76617,-881.31665,699.7025,188.92598,-1077.0311,933.3791,112.187744,-990.68274,695.8731,160.8403,-1184.0853,922.438,108.586494,-964.36194,692.3979,148.99907,-1190.6292,910.6247,124.783615,-887.87805,703.4136,160.25534,-1092.5214,918.0217,541.6065,3.4987648,799.2353,555.86316,-3.2988906,961.02905,783.40283,20.718039,819.69006,789.2264,20.724892,992.2682,986.86206,341.00165,838.4508,995.8946,347.3661,981.89075,1015.7552,360.22183,854.23004,1022.89105,365.26862,1026.793,1049.2971,125.00293,810.9098,1069.6626,121.18574
front_raise_end_19274.jpg,1001.5512,164.17259,-336.16898,1009.01996,144.74344,-300.34335,1015.7134,143.92947,-300.21222,1022.62354,143.0999,-300.29718,988.1535,146.67923,-306.259,980.7074,146.96745,-306.16843,973.25995,147.45116,-306.52475,1029.7147,150.00731,-92.131546,960.92505,155.64304,-121.53743,1013.60297,182.17061,-258.1108,988.93524,184.36368,-265.40976,1083.7311,246.81895,-131.91388,909.9238,248.30202,-179.5238,1112.2399,262.2378,-624.5185,896.33295,260.0074,-656.25745,1119.5187,194.37549,-1079.0181,913.5,189.63593,-1041.4937,1133.921,174.96048,-1199.518,918.1923,174.4887,-1147.1611,1121.5474,172.25505,-1185.3721,919.15247,167.7641,-1148.1938,1111.2343,183.82082,-1093.4171,922.2992,176.13681,-1055.4183,1063.3448,548.5175,12.1814995,956.58954,552.6135,-12.012911,1055.4491,756.87726,36.10765,961.5882,759.5783,-15.0522175,1052.5693,941.07825,286.94095,960.7798,947.8879,254.85892,1038.1759,964.64355,297.3374,964.9357,970.61224,266.51672,1072.955,999.306,57.50039,959.4658,1013.59937,23.822308
front_raise_end_19274_flipped.jpg,922.2969,163.71999,-330.63052,930.3121,143.1277,-296.42743,937.48346,141.76587,-296.33502,944.876,140.40414,-296.50803,908.84106,146.61128,-297.20245,901.3357,147.41605,-297.14435,893.8245,148.40848,-297.44025,956.1151,147.88745,-97.52453,884.8039,157.55737,-100.44225,938.43634,180.64944,-258.6182,911.8596,184.64398,-258.68283,1011.92633,249.55594,-149.23218,847.83887,250.16966,-128.81282,1022.5088,257.635,-616.44147,822.85834,268.84656,-618.5761,1008.6216,184.25839,-1021.8679,810.194,197.75014,-1116.1633,1015.18396,164.86444,-1130.2759,800.76697,180.46329,-1233.1946,1004.2719,161.78703,-1111.5635,809.96967,173.70595,-1235.4597,996.52026,173.26753,-1030.7129,819.6939,183.533,-1135.0289,974.8309,542.4761,-1.2615993,872.7338,541.25104,1.5103244,972.83136,750.6325,-52.367825,879.9108,750.1534,-46.91514,971.8732,951.886,109.65365,875.08,945.1853,161.87447,961.921,973.3022,112.925446,876.5096,964.35956,166.53691,984.626,1018.9917,-113.054184,887.4245,1020.1359,-61.534016
front_raise_end_21012.jpg,842.3609,176.90549,-168.37064,851.9005,159.96956,-126.544464,858.38983,159.8075,-126.34866,865.02637,159.54205,-126.47623,830.8346,160.78548,-132.55843,824.01074,160.79517,-132.39484,817.1309,160.92558,-132.61998,872.92816,167.41957,114.16116,805.9108,168.64987,75.87916,854.2597,194.77478,-81.209915,829.61365,195.35791,-91.75664,920.6662,264.12857,101.11294,756.00476,266.8367,58.526245,913.55914,305.35513,-371.47504,748.3319,319.6941,-476.45917,918.1207,234.94858,-851.15326,744.28986,248.35727,-1023.45935,931.5366,212.4746,-981.53046,742.39,230.27174,-1148.7336,929.1963,210.85133,-954.5528,740.6705,221.87614,-1151.6163,917.9426,219.2056,-859.60834,748.13464,228.24225,-1041.179,899.9186,541.1577,19.605274,795.45245,545.18274,-19.393742,910.9493,764.15753,-25.818956,791.4062,775.17883,-131.44995,916.6203,969.0874,191.1827,771.9514,984.18915,95.052086,912.5862,989.34607,197.45396,772.8708,1006.58954,100.67193,910.0107,1040.2616,-60.582928,771.2658,1056.9171,-171.43349
front_raise_end_21012_flipped.jpg,1087.5703,179.38406,-169.42122,1095.9897,159.2413,-133.42867,1102.5253,158.29495,-133.16039,1109.241,157.26338,-133.3046,1074.9408,161.55496,-136.71951,1067.9689,162.0197,-136.50832,1060.947,162.61438,-136.62955,1117.9965,162.97516,91.76836,1050.6244,169.12903,71.018974,1100.7601,195.7997,-86.71748,1076.0996,198.52107,-92.209625,1169.5786,262.51227,69.98131,998.3535,258.99237,31.965927,1157.0667,290.0949,-454.69763,992.2213,298.99896,-570.1443,1169.0536,238.54825,-975.2758,989.8632,228.5893,-1166.7079,1184.1168,224.33179,-1113.0312,989.6083,213.57158,-1303.825,1177.7104,222.13445,-1095.6675,992.2816,204.71785,-1303.705,1166.0303,227.67262,-989.2083,999.2633,211.7895,-1185.5487,1123.7179,540.20374,10.653779,1015.2824,539.40186,-10.326754,1135.2529,763.5136,-104.32576,1007.8805,768.2257,-142.36139,1150.9962,974.33386,93.05453,984.8663,970.29346,102.4331,1151.1202,996.84717,96.88277,985.0849,992.79504,108.820015,1139.2142,1044.5222,-174.24393,988.8478,1043.0863,-164.44815
front_raise_end_21343.jpg,833.0262,173.31018,-265.61526,840.2676,153.59189,-223.4505,846.8781,152.12799,-223.2265,853.6946,150.61696,-223.40125,819.0286,157.77347,-225.57253,811.9777,158.92674,-225.44276,804.89545,160.24823,-225.76184,863.5319,157.78249,11.1185875,795.66174,169.96223,-2.6053953,848.04785,189.83447,-181.54721,822.93774,194.72104,-184.51845,921.81793,255.90855,-50.159836,754.9133,266.58917,-53.067013,921.7059,268.81537,-640.3291,738.80884,288.92734,-665.47656,933.1259,206.28517,-1222.3004,707.4866,216.99284,-1280.9452,948.36237,190.32642,-1369.309,698.44104,203.62302,-1427.0886,938.9762,188.98131,-1361.3126,703.8234,193.97723,-1431.5002,928.85504,197.14407,-1240.9618,713.99896,200.8057,-1303.161,901.40375,539.3489,5.533681,794.79205,543.1863,-5.485922,910.2375,753.64124,-98.30115,792.96674,764.6106,-120.86962,923.0463,951.52924,109.035355,775.4167,967.1439,116.72117,920.0512,971.4174,113.61297,774.8148,989.0687,121.02995,913.34247,1021.03204,-154.79776,786.0114,1039.4835,-155.00461
front_raise_end_21343_flipped.jpg,1097.2948,174.72423,-158.85216,1107.1519,156.52782,-119.59117,1114.0581,155.93942,-119.30132,1121.1538,155.2653,-119.378105,1085.163,158.51662,-120.3584,1078.0554,159.08713,-120.10576,1070.8995,159.80753,-120.16135,1131.0795,164.75601,110.06715,1061.0482,169.7283,99.59053,1111.4489,193.19588,-76.121445,1085.0325,195.39545,-78.26348,1179.5336,267.07983,74.757965,1007.25165,265.22946,54.426334,1175.8531,277.33652,-508.86795,999.00684,299.71814,-572.6477,1201.9309,217.09677,-1081.9792,985.20483,214.98035,-1199.7129,1222.4534,203.10278,-1228.9106,982.4083,198.7278,-1339.3402,1213.8041,202.53029,-1210.9181,985.1915,189.06458,-1341.2358,1200.3269,208.8448,-1096.8522,993.4684,196.59729,-1220.2719,1125.7084,535.22485,8.579827,1017.23535,532.8115,-8.145128,1131.0509,758.00555,-129.73842,1009.2423,762.4668,-155.25305,1146.9216,968.9735,84.827705,986.1953,966.8886,98.16235,1147.2699,989.15405,89.10432,985.66174,987.1195,104.64853,1135.0134,1043.7058,-196.93993,995.3307,1046.0586,-183.9082
front_raise_end_2950.jpg,1127.655,116.88009,-315.72827,1139.7424,100.422195,-275.55597,1147.53,101.16766,-275.45816,1155.5127,101.85134,-275.69614,1116.124,98.67254,-279.8189,1107.8932,97.92262,-279.68466,1099.6188,97.3593,-279.90012,1162.7324,115.47972,-58.924377,1084.9493,108.62557,-79.87971,1138.6101,140.95766,-237.67546,1109.3285,138.53476,-243.12,1201.0042,237.39983,-52.823093,1015.2148,208.16016,-117.59902,1218.6805,263.46112,-477.45084,991.5526,246.23062,-620.51166,1217.8074,145.15337,-887.1779,1017.8635,139.55858,-1130.6077,1230.0736,114.76415,-990.6826,1021.0816,115.47685,-1242.2965,1220.6771,111.32415,-965.2745,1026.4316,107.11873,-1241.2054,1208.0685,124.60855,-894.0518,1033.635,120.35913,-1145.7635,1122.235,553.0991,10.775671,1002.8991,537.6256,-10.362469,1100.4127,794.8988,-29.69078,965.06616,771.2464,-58.211548,1076.5922,1008.2236,219.49251,936.3822,983.1549,224.04315,1061.2527,1031.6421,232.25409,944.8023,1010.58624,237.08713,1091.1432,1084.8793,5.2715106,898.45435,1056.3656,-4.1292357
front_raise_end_2950_flipped.jpg,801.83295,110.39239,-382.93018,807.87634,90.20111,-338.94846,815.5358,88.24955,-338.90262,823.37537,86.19418,-339.01456,784.8628,96.14506,-342.10178,776.8443,97.9953,-342.034,768.80493,100.065506,-342.43332,835.27045,95.3392,-111.22352,759.2095,114.00107,-121.369415,820.6284,129.37361,-300.8389,792.199,136.55493,-302.39706,912.07166,207.31845,-106.1131,724.6804,231.94582,-139.03847,942.506,237.9165,-529.04376,708.68835,287.6353,-585.9043,899.75494,128.0696,-915.71515,696.4942,160.58685,-1040.3735,900.81335,93.65836,-1022.7206,695.439,129.34161,-1148.0535,890.8377,88.59626,-995.8073,694.595,117.79625,-1156.7449,882.7465,104.678474,-922.7716,703.52075,131.28297,-1057.4983,921.5768,547.73285,-5.196034,802.2365,559.69055,5.3377285,960.3511,782.1484,-4.248565,817.51514,788.28503,50.757004,991.5935,993.9059,271.13782,835.64246,997.2657,354.38016,981.5744,1025.6282,284.6928,853.3408,1024.7894,369.67142,1026.2543,1053.8916,48.00772,802.98096,1072.8118,135.69017
front_raise_end_29725.jpg,1119.9647,119.875626,-277.04337,1132.8862,101.94632,-240.40761,1140.5996,102.357376,-240.33868,1148.526,102.732025,-240.50328,1109.7837,100.760925,-241.44235,1102.0327,100.04758,-241.30074,1094.2161,99.52216,-241.51389,1158.3826,114.075455,-34.18591,1082.6049,108.61829,-37.089355,1132.3677,142.01617,-202.19699,1104.1511,140.14964,-202.19601,1202.6768,230.81583,-43.410267,1016.62024,208.39629,-67.44889,1222.3611,243.56267,-461.68594,990.74786,257.27603,-532.38336,1209.392,163.17506,-857.1691,1011.93286,151.24321,-1024.4307,1215.1266,142.68727,-958.3084,1015.5464,126.085175,-1133.2595,1207.0004,138.53407,-938.3028,1020.9532,115.025955,-1134.6741,1198.5729,149.42336,-865.7176,1028.0587,127.952156,-1040.266,1125.6105,554.9094,2.175132,1006.6473,538.1386,-1.7044625,1099.6206,801.0139,-24.511396,962.4154,771.72034,-32.66706,1079.3799,1009.9083,222.08,930.5579,982.00507,228.79105,1065.1119,1034.1979,233.21355,938.73096,1009.71985,239.3344,1094.3346,1084.1289,7.4838457,892.43616,1056.0592,6.2708297
front_raise_end_29725_flipped.jpg,800.2724,114.60315,-346.37827,810.10516,96.90321,-301.30194,817.8419,96.00649,-301.22147,825.73627,95.01109,-301.37735,786.53284,100.2388,-305.14743,778.8077,101.18788,-305.00748,771.0808,102.32468,-305.34692,837.93854,105.948326,-61.471497,761.343,115.674385,-85.101776,816.90625,135.16531,-259.73273,788.665,138.80476,-265.3665,905.71277,212.67168,-57.548218,718.6826,234.73387,-95.64846,934.12695,242.8516,-474.7177,712.70294,293.47162,-567.1524,907.1609,135.56088,-885.6257,709.56506,179.64394,-1055.8557,911.917,102.94221,-996.7052,709.4655,152.48497,-1163.4657,902.86993,99.7,-969.7041,706.0129,140.84691,-1172.3915,893.80786,114.65436,-892.28143,714.1594,152.16731,-1072.737,914.8449,539.2739,9.307018,796.07416,551.8244,-9.030879,958.5651,780.9688,3.1806202,811.17523,784.391,-19.77255,990.2438,998.1684,277.14603,824.8762,1000.5705,260.29135,977.53076,1030.3066,290.78876,837.7098,1027.5818,272.64172,1035.0515,1054.3928,45.32775,804.81146,1073.0978,20.850637
front_raise_end_36152.jpg,1130.1147,114.757484,-339.34357,1142.1329,97.26334,-300.2127,1150.178,97.6754,-300.09064,1158.4445,98.04159,-300.30423,1118.532,96.34902,-303.77502,1110.253,95.842766,-303.55435,1101.9675,95.5284,-303.8045,1168.2427,111.06554,-83.49632,1089.9663,106.81366,-101.05614,1143.2601,138.25052,-260.71838,1113.9507,136.94136,-265.07257,1213.0638,231.88683,-93.09123,1025.4703,197.63463,-170.10458,1231.2208,261.77872,-573.4001,998.0641,189.06876,-766.98145,1253.4512,152.16562,-1037.3105,1003.37756,103.288536,-1332.8976,1269.3218,123.7551,-1149.3555,999.8845,86.90795,-1457.569,1264.0377,117.48249,-1131.1625,1007.188,81.87022,-1454.9192,1249.7762,130.68048,-1048.2812,1015.55304,93.16565,-1351.2279,1135.3112,559.94604,15.803018,1012.4546,545.39075,-15.08447,1106.2372,800.6734,-33.35141,964.24884,777.6729,-82.5157,1081.1527,1008.7579,219.89969,927.8744,982.1193,232.9456,1067.0874,1031.5881,232.65002,936.1317,1008.33057,247.46924,1092.3993,1089.5625,-1.3866854,890.10895,1060.9304,-4.3539057
front_raise_end_36152_flipped.jpg,798.3353,111.132965,-416.18228,805.0598,91.50795,-367.9501,813.1168,89.54473,-367.91797,821.3795,87.479744,-368.16742,780.77795,97.503876,-370.4987,772.4152,99.442696,-370.41183,764.0667,101.58835,-370.87393,834.4113,97.55441,-124.09006,755.2129,116.57496,-139.88458,818.1751,130.58524,-328.80072,788.42126,138.00493,-331.9675,912.1356,208.96649,-138.76802,720.1415,235.25124,-184.49213,960.22235,229.9246,-601.5496,701.7898,265.97275,-737.10016,923.9155,105.355225,-1015.5164,666.1578,152.13536,-1276.6533,929.81836,67.06178,-1130.0721,656.73096,126.50205,-1408.4877,914.52246,67.981865,-1100.9293,658.77,117.12661,-1411.3273,904.96326,86.07822,-1022.9702,671.11566,129.42761,-1296.552,915.8052,554.2716,8.154248,791.99493,569.904,-8.0059595,959.4032,782.18353,20.478512,814.71643,794.49896,-0.6329871,991.8704,991.75,307.8398,828.4223,1000.5299,308.56766,980.8123,1023.03156,322.32007,842.7571,1028.8862,323.70334,1028.3229,1050.6615,64.42916,807.5655,1069.4587,53.609776
front_raise_end_37556.jpg,1130.4824,121.63474,-255.2397,1142.3341,103.367004,-215.12881,1149.8386,103.61841,-215.09106,1157.5579,103.83339,-215.31097,1118.7623,102.19857,-218.74368,1110.8197,101.435684,-218.5709,1102.808,100.85835,-218.7207,1165.7914,113.92588,7.2966504,1089.2153,108.845985,-8.935462,1142.048,143.09253,-174.23935,1113.8054,141.46327,-178.55327,1207.7834,233.17223,19.877293,1017.9285,205.68817,-7.0656314,1234.2142,253.92165,-368.4248,985.2845,263.04376,-451.4849,1199.1151,155.19301,-722.1384,1025.075,153.57576,-929.24756,1199.2953,127.76714,-819.09845,1034.0579,127.392044,-1027.4626,1191.5781,126.022606,-784.33997,1037.1158,115.44096,-1028.387,1184.2874,137.93988,-723.137,1041.4357,129.0857,-941.4274,1115.3629,557.18823,10.3484125,995.3498,537.29816,-9.836942,1101.257,805.0266,-14.142259,956.6527,778.10034,-25.3394,1073.6483,1010.0364,277.6472,926.108,986.1081,261.62805,1054.2477,1032.6904,293.98825,930.9747,1011.0026,274.85287,1103.0488,1089.6034,69.49303,901.9656,1067.5836,30.498652
front_raise_end_37556_flipped.jpg,788.2442,121.34397,-360.9232,797.92224,102.01028,-319.47586,805.55804,100.63875,-319.3399,813.3116,99.187294,-319.49686,774.7757,105.80487,-321.9458,767.2979,106.73146,-321.8163,759.82715,107.82793,-322.23486,826.42334,106.16475,-80.738884,751.52545,117.4082,-95.65744,805.1524,140.00117,-273.7602,778.3789,144.1129,-276.8926,896.94556,206.54967,-71.57626,711.5123,230.84985,-107.27107,921.5483,243.16318,-488.62735,711.71893,280.42322,-610.4282,894.2552,140.13905,-905.9682,718.06415,176.08846,-1093.0245,899.21423,106.80101,-1020.23047,723.2679,149.77837,-1194.0979,891.6577,103.7076,-994.9134,716.8061,140.4337,-1199.5155,882.22723,118.50895,-912.7991,723.2849,151.44543,-1108.2427,913.40674,540.5325,-1.7034155,797.70984,555.20087,1.9196134,955.566,782.8625,-11.841312,811.7694,785.64294,1.948714,996.2385,1002.3448,254.5032,834.46735,1000.78345,302.807,987.87244,1033.6981,268.28845,852.85455,1027.6274,318.08,1027.5105,1061.7137,21.997196,799.6095,1076.0522,81.057304
front_raise_end_38953.jpg,999.3488,162.99466,-291.93774,1004.59235,142.97025,-256.4699,1011.218,141.53209,-256.32706,1018.0593,140.04617,-256.57776,983.43256,147.2198,-260.39026,975.7221,148.46127,-260.2439,968.0421,149.89598,-260.5036,1024.6938,147.42316,-62.50401,955.37225,160.19933,-84.91763,1012.6055,181.3495,-220.74077,987.5712,186.43639,-226.29077,1082.2886,255.19318,-94.95808,909.70776,254.36073,-162.6956,1100.281,255.45398,-607.3264,891.6753,238.82965,-619.36865,1102.2068,139.01292,-1004.6644,897.8684,132.0334,-998.6112,1119.6559,103.633865,-1104.1957,902.3591,108.857216,-1105.2651,1111.6982,104.663666,-1079.9199,903.4679,104.74417,-1099.9285,1097.5662,120.35887,-1013.52045,907.9329,117.86909,-1010.62,1062.7327,546.2242,19.007597,953.5842,552.97437,-18.631468,1055.4136,743.8729,-4.0354557,959.2871,761.4948,-96.42676,1052.2698,929.1566,211.9765,967.0213,960.87286,128.22612,1042.6841,951.7688,220.68521,971.73456,984.4407,135.32733,1063.467,986.4684,11.559923,973.3262,1025.3829,-89.11757
front_raise_end_38953_flipped.jpg,929.08185,165.29407,-219.07056,937.16724,145.27722,-186.49712,943.8927,144.18929,-186.36191,950.8509,143.09578,-186.55661,916.1948,148.49258,-187.0753,908.9695,149.32976,-186.97522,901.7678,150.35146,-187.29025,960.00653,150.75323,2.509059,891.4027,159.57214,-3.5089433,942.74725,183.53654,-149.43112,917.6365,187.08916,-150.48778,1011.3522,252.43411,-41.378902,847.5759,249.0649,-60.214546,1028.3085,219.52151,-513.66003,819.1046,223.66449,-512.0452,1026.3644,135.09067,-885.09015,823.579,126.51779,-904.5394,1034.4432,112.55461,-989.41187,822.8013,104.5506,-1006.2749,1028.4521,110.41836,-969.3728,830.7345,98.68915,-1005.06854,1019.2623,122.45476,-895.0637,837.3052,109.70372,-920.0373,983.20624,542.64233,6.6293497,880.14166,542.7744,-5.9348483,978.16534,749.4846,-55.970554,882.69745,758.9174,-101.35414,977.9119,955.6151,115.299614,877.69305,967.22253,78.96654,969.66364,981.1776,116.66744,879.42944,989.9761,79.38681,989.7448,1013.9829,-119.41814,887.6786,1036.8915,-160.81233
front_raise_end_40136.jpg,844.5268,181.77959,-179.49228,851.304,162.81158,-140.2779,857.6237,161.63095,-140.02342,864.1062,160.35538,-140.10757,830.27856,166.07878,-145.282,823.30426,166.94492,-145.09848,816.3005,167.93861,-145.20439,871.85516,166.39886,91.15124,804.90717,175.89653,61.27666,857.7439,197.88237,-95.501686,833.3686,201.72398,-103.420105,925.96234,263.24384,74.735374,756.2881,271.5874,37.121502,913.56396,293.6416,-436.84454,751.78644,326.27475,-511.80737,931.15125,238.5652,-959.6701,738.8341,259.67496,-1090.6274,948.85016,222.30211,-1097.8278,734.2626,244.93797,-1220.1335,944.2601,221.22798,-1080.6033,735.26135,233.9814,-1225.5686,932.0238,227.28014,-973.7065,743.2613,239.28673,-1110.2108,894.18823,535.5389,18.144775,787.229,538.78955,-18.00888,906.62866,757.49164,-106.63343,785.8562,771.385,-155.0422,918.7769,967.1115,90.379005,767.72144,980.7041,83.44334,915.5048,987.84644,93.83857,768.90186,1002.32965,89.62954,914.5773,1040.0104,-180.18521,771.4738,1057.4658,-192.66333
front_raise_end_40136_flipped.jpg,1088.165,181.08348,-215.47884,1096.7952,162.09866,-176.44151,1103.5677,161.22195,-176.17224,1110.5271,160.265,-176.32178,1075.2323,164.59755,-178.84283,1067.9873,165.25821,-178.62474,1060.6965,166.06111,-178.76566,1119.3447,168.57127,53.45271,1050.5847,175.50189,36.31584,1101.8588,199.09319,-132.22949,1076.1962,202.0622,-136.48584,1170.941,272.92346,30.943115,999.66315,273.76434,1.049542,1166.8835,315.84586,-512.06226,998.1478,325.9811,-604.1125,1184.3157,258.91217,-1075.8727,983.09375,247.57318,-1222.4843,1201.7002,244.99434,-1217.4762,980.7532,232.73233,-1361.2124,1194.2266,241.44478,-1204.6239,980.26154,221.18144,-1361.3593,1181.7858,246.93779,-1091.2177,988.56824,228.10977,-1240.9032,1129.1116,549.15466,12.064679,1020.4278,548.4591,-11.753695,1133.9929,767.2205,-114.11137,1009.1425,771.4526,-129.41428,1138.8678,965.4413,128.50192,986.01825,968.21295,147.91626,1134.6594,985.4017,136.62898,985.57983,990.0025,157.20114,1129.8512,1038.2379,-137.30202,993.40875,1043.334,-123.113754
front_raise_end_41048.jpg,995.2423,162.50621,-324.33514,1002.2358,143.9905,-285.4537,1009.10626,143.14061,-285.34415,1016.21484,142.26978,-285.61722,980.3914,146.95448,-289.95758,972.591,147.86147,-289.81693,964.8247,148.96602,-290.13232,1022.60284,152.54692,-81.481186,951.08606,161.02544,-103.80043,1007.4963,182.76938,-249.85437,981.66437,186.16595,-254.91348,1074.4712,257.21353,-148.32161,901.15765,259.06985,-198.97377,1090.3281,240.95853,-681.2038,888.3791,252.15425,-721.01904,1118.3612,159.30493,-1147.8597,887.26044,151.37904,-1164.0546,1137.8595,137.91411,-1263.9169,886.5835,130.1072,-1286.98,1129.4668,135.01439,-1257.5106,891.07446,121.38041,-1285.0267,1117.1163,146.53426,-1165.2177,897.7337,131.78998,-1181.154,1056.3093,554.8094,9.619445,946.85077,559.88617,-9.207566,1049.9727,761.6232,-27.784328,955.1844,770.9082,-88.908066,1053.8943,963.72003,154.54384,955.4622,976.59094,115.47586,1041.2238,988.83813,158.05872,959.39764,1001.1436,118.887184,1075.1686,1021.7701,-91.221985,957.60345,1041.0493,-134.03444
front_raise_end_41048_flipped.jpg,929.9902,164.39024,-297.65515,938.94556,145.96875,-262.3736,946.2595,145.26443,-262.25952,953.806,144.54842,-262.47964,916.8916,148.63896,-262.4777,909.1259,149.4578,-262.41345,901.38745,150.48007,-262.81912,963.33484,156.08133,-66.67776,891.0131,163.33011,-69.38014,944.44604,185.32878,-226.87955,917.3478,188.34846,-226.6968,1013.9946,263.27695,-120.23948,848.9794,261.53787,-137.52194,1035.6626,244.82014,-616.9523,823.17615,242.46579,-642.3748,1043.066,149.66417,-1082.455,805.5009,149.75507,-1109.1858,1055.2103,128.65485,-1201.3204,797.5509,130.60187,-1234.9495,1044.9604,123.25157,-1197.6991,805.152,123.145775,-1234.6562,1035.9834,134.677,-1100.9763,814.24884,133.69211,-1128.5339,992.36993,547.85333,5.2801104,886.95685,552.0472,-4.7045712,986.90784,747.1843,-73.50488,889.1511,761.7685,-97.78667,989.20404,954.4713,79.19237,886.3444,968.98,90.4664,978.3537,978.00183,79.09037,890.8494,992.64825,90.80705,1000.44434,1019.47955,-169.0001,887.46716,1038.1829,-157.50693
front_raise_end_41979.jpg,1003.31244,152.75302,-352.82083,1010.3018,137.41074,-309.49203,1016.66174,137.55223,-309.37805,1023.23126,137.65224,-309.40912,990.0676,137.669,-318.42114,982.5024,137.58415,-318.39932,974.91736,137.68996,-318.7833,1026.9911,149.28612,-96.98425,959.7983,149.69083,-139.84634,1012.9516,174.52391,-276.6398,988.1045,174.51982,-287.9081,1074.6644,255.61891,-155.46646,903.9569,252.19864,-220.61214,1109.1616,264.19263,-657.79987,895.68964,256.63086,-704.3446,1113.5455,182.01979,-1078.3324,896.568,180.80327,-1095.3326,1130.3296,158.81451,-1195.0564,896.95996,165.14607,-1207.9712,1116.0093,158.53986,-1176.4858,898.99426,160.95413,-1214.3706,1104.1425,171.53394,-1091.8293,902.9543,170.59834,-1112.3958,1060.0505,551.02496,16.227509,952.24207,556.87164,-15.944166,1053.2501,754.0897,38.2801,962.59863,767.21063,-18.218376,1050.1797,936.89154,285.09756,961.4805,957.2633,245.82516,1036.9252,957.9163,294.79083,965.52966,979.82416,257.2346,1062.702,1002.77686,60.287827,958.1446,1024.8102,17.146496
front_raise_end_41979_flipped.jpg,925.8153,155.40767,-311.67557,935.39185,137.41515,-273.16992,942.6957,136.80232,-273.0585,950.208,136.1686,-273.17514,913.7508,139.44171,-274.30624,906.3425,139.9002,-274.21075,898.9251,140.55614,-274.51767,961.423,146.66742,-63.45548,889.8634,151.8029,-71.65643,940.9221,174.89166,-236.6967,914.1892,177.05392,-238.17676,1013.1269,251.61449,-122.556755,848.3965,248.6223,-120.69995,1034.0555,248.67125,-616.60626,825.4592,260.2617,-630.48,1031.5105,171.07799,-1057.422,812.5991,179.76616,-1128.0442,1041.8934,151.47447,-1177.7336,803.90027,160.49603,-1251.0093,1030.6672,148.14767,-1160.3027,811.4129,152.69415,-1257.9735,1021.4948,159.99826,-1070.0626,820.9903,162.81126,-1149.7864,982.2387,544.82404,5.456931,876.946,544.1126,-4.9516478,974.9788,751.6027,-30.157532,878.82556,759.4449,-56.516777,973.13495,956.658,141.91293,868.10223,960.8325,146.05716,962.4201,982.7435,143.92915,871.13837,984.9196,148.76291,987.79407,1015.6202,-94.6233,866.644,1026.4644,-91.99019
front_raise_end_42114.jpg,997.27124,160.53152,-289.22842,1004.7217,141.80011,-251.4313,1011.6765,141.19742,-251.22565,1018.8369,140.57831,-251.34093,982.9629,144.10681,-258.21274,975.0811,144.77684,-258.16464,967.2085,145.64398,-258.5705,1025.2948,151.64731,-38.705036,953.1402,158.11385,-72.118225,1009.4901,181.68858,-210.90709,983.15106,184.21182,-219.2685,1073.872,253.37091,-105.01639,902.9687,256.47302,-151.51352,1085.4807,235.02765,-647.4145,889.5653,263.47247,-670.0192,1111.6493,178.54784,-1157.981,889.57935,185.3921,-1125.6224,1129.6079,168.54088,-1287.6975,888.23883,170.5697,-1250.3417,1117.7367,164.4365,-1290.4371,893.5315,161.40726,-1256.621,1107.7788,172.88397,-1181.2499,899.7038,169.1297,-1145.9152,1057.6881,547.9429,13.872653,950.64624,552.21277,-13.329077,1047.8823,752.2292,-45.654404,955.90515,764.7442,-108.4401,1043.4824,956.0907,131.83028,953.1648,969.8525,103.85169,1029.483,982.19806,132.52383,956.588,994.8427,105.85222,1062.5856,1015.58435,-126.83312,953.696,1034.888,-154.32895
front_raise_end_42114_flipped.jpg,925.02966,161.23201,-312.42255,935.0869,142.06169,-276.4535,942.5206,141.08505,-276.32874,950.1743,140.0998,-276.49228,913.6115,144.86977,-273.85092,906.3606,145.5525,-273.83344,899.0974,146.42133,-274.23523,964.1615,149.04865,-71.15907,893.0393,156.39581,-61.096886,942.4059,179.05154,-238.36218,915.6922,182.1607,-234.61337,1020.44507,250.76654,-135.8265,858.3075,250.17787,-108.684265,1037.8416,261.2244,-638.497,833.51105,259.70856,-637.245,1040.2885,182.80626,-1109.3522,811.7235,190.12898,-1163.1975,1053.1637,163.94855,-1234.9735,800.5665,175.1054,-1294.1664,1040.6906,159.81644,-1220.4719,809.86084,167.21349,-1298.7968,1031.0752,170.887,-1122.8236,819.8171,175.94469,-1185.7543,988.12634,549.0272,-7.5831313,884.6088,548.73413,7.9967217,984.26465,757.7462,-53.79532,888.30347,763.814,-50.97821,988.82837,965.3899,114.793045,878.54675,965.03357,165.34375,983.03125,988.4412,117.48153,881.8127,987.768,169.90892,987.1849,1029.5422,-129.84105,878.41376,1033.3562,-74.30283
front_raise_end_4309.jpg,829.60156,182.79189,-195.82635,839.49023,163.58719,-158.9581,846.03876,162.58838,-158.7552,852.7583,161.50868,-158.96478,818.7559,166.13742,-158.60909,812.3761,166.5985,-158.43515,805.9452,167.18425,-158.66763,865.0797,165.88225,73.289314,799.17224,172.37398,65.76399,844.1927,197.43073,-110.90084,820.70886,200.27573,-112.4084,923.85614,257.07443,57.332737,754.8866,262.74292,33.692776,917.77637,300.7939,-451.92703,748.1946,311.74905,-562.0569,912.13654,240.15407,-985.65845,732.5898,252.56418,-1174.6276,922.33417,224.93776,-1124.602,727.24915,240.53812,-1310.0929,915.4154,220.87115,-1108.5334,729.45807,231.21986,-1312.113,906.44666,227.17383,-998.01135,738.2579,236.41933,-1194.103,892.61835,538.4761,14.509998,786.81665,540.7846,-14.401781,902.7454,758.2154,-77.36057,784.23114,773.972,-136.55627,913.74725,964.1993,115.19167,767.42145,986.4342,73.46566,909.6598,984.9988,118.15833,769.0216,1009.2211,75.64762,908.5584,1034.1853,-153.28429,768.9938,1060.4626,-205.4934
front_raise_end_4309_flipped.jpg,1093.6917,180.39935,-124.78971,1101.7389,163.90616,-82.60699,1107.911,163.57445,-82.37284,1114.2831,163.15916,-82.51446,1081.0948,165.45015,-87.02849,1074.1952,165.89212,-86.824135,1067.2366,166.47632,-86.96495,1120.3958,172.90675,141.56683,1054.9471,176.65665,116.50139,1105.0051,199.77084,-45.50328,1080.5845,201.3522,-52.24524,1167.2692,274.42136,85.393814,1001.80597,273.8576,66.08199,1172.4056,273.40137,-482.53195,1000.01636,304.41513,-518.66656,1189.9445,231.22134,-1006.81757,1003.9751,230.47873,-1070.1641,1206.5941,221.63577,-1143.5779,1005.079,215.3908,-1199.0269,1199.9773,221.39534,-1125.7343,1006.81744,207.36003,-1197.9562,1188.6647,225.97458,-1020.55676,1012.8887,214.0057,-1086.77,1129.2426,539.7998,9.784785,1021.83417,539.58435,-9.61049,1139.308,758.75806,-117.03203,1013.8963,763.96405,-139.69919,1149.7476,965.8383,83.25939,990.515,964.4526,86.83005,1147.6239,985.7842,84.97958,989.251,984.92505,89.93738,1138.0228,1041.3629,-193.0121,1003.25134,1042.6361,-185.38023
front_raise_end_44112.jpg,1118.5707,113.16953,-384.06445,1131.8047,96.432,-342.5036,1139.66,96.82481,-342.43536,1147.729,97.192505,-342.66458,1108.8064,95.46251,-343.38647,1101.0581,94.961075,-343.2763,1093.2535,94.646774,-343.62738,1159.1465,110.477066,-116.230034,1083.8271,105.950874,-122.9065,1132.3094,136.41031,-302.80386,1104.0774,135.01004,-303.83096,1204.9978,233.62854,-150.1645,1018.8043,206.11699,-177.83739,1215.2383,275.16425,-642.7482,988.29987,238.78125,-763.8216,1221.0142,173.19505,-1106.5522,982.7026,146.29547,-1353.3842,1233.9733,148.28981,-1220.4453,975.43384,125.25924,-1487.6738,1224.5525,143.24277,-1207.3677,983.84265,117.50744,-1486.0594,1212.5244,155.2076,-1118.4117,993.93506,130.35211,-1372.4231,1120.7521,564.56256,12.460661,998.9367,546.4193,-12.076478,1093.4587,808.4297,-6.1389256,958.5835,781.0858,-54.482445,1074.9725,1018.6569,259.12286,922.0928,989.54224,242.63293,1060.0264,1044.1721,272.09076,927.9075,1018.33673,255.59523,1089.7458,1087.6611,24.534904,888.48346,1056.3074,-1.4262305
front_raise_end_44112_flipped.jpg,806.51154,110.42863,-394.18787,814.80334,90.01144,-351.679,822.70557,88.50903,-351.50806,830.7892,86.90779,-351.65958,791.5096,94.572426,-355.01797,783.322,95.907875,-354.9131,775.11035,97.451,-355.30203,842.49084,97.195724,-113.30625,765.3929,111.05713,-130.21051,824.38184,129.9506,-307.31207,795.07416,135.42447,-310.9304,913.418,203.12236,-113.74673,726.2216,229.48476,-139.21399,946.0544,246.80586,-594.93756,713.5897,283.99173,-658.41797,938.1159,140.76733,-1070.3788,696.96045,179.70512,-1193.6115,950.9599,108.67449,-1184.5771,692.25085,157.34903,-1314.3395,938.71094,107.17116,-1167.4891,693.06757,146.5256,-1315.6467,926.39606,122.48653,-1081.001,704.6671,156.6978,-1209.6693,924.7637,542.5729,0.06097045,807.4752,557.0428,0.08081338,959.2919,789.9129,40.527836,822.49567,791.0915,-5.5568666,997.6449,993.4039,368.07404,841.1693,1004.1343,301.97327,988.88477,1021.731,388.0636,858.139,1032.0809,317.58344,1029.9614,1057.6654,141.75642,809.1883,1079.6708,63.145554
front_raise_end_45522.jpg,1139.3164,114.5044,-345.15863,1152.1499,97.37623,-303.37256,1160.2085,97.9278,-303.26648,1168.4896,98.4426,-303.53217,1128.2386,96.29057,-305.90762,1119.876,95.78689,-305.75595,1111.5013,95.48533,-306.03296,1177.7667,113.32609,-85.34266,1098.7247,108.221886,-101.11018,1151.7535,139.64594,-267.6991,1121.9677,138.00449,-271.32193,1217.072,240.72003,-107.209854,1032.8806,205.44455,-165.64992,1220.8462,258.34537,-580.8409,1006.02734,184.08162,-706.00995,1220.2921,129.3214,-958.21454,1021.8389,83.32231,-1192.2983,1230.1437,91.87365,-1055.0925,1021.58075,59.866035,-1305.2095,1227.3557,89.49446,-1026.1641,1028.8284,57.755856,-1296.0942,1214.7991,105.1679,-963.5929,1036.4448,71.27506,-1206.6338,1137.595,566.7194,14.918724,1017.6557,551.0291,-14.417205,1110.3661,807.02234,-18.381556,964.4424,777.3702,-93.42287,1085.811,1012.9465,226.21773,924.23016,985.0963,192.54628,1069.1426,1036.444,238.16504,931.1137,1011.21875,204.40593,1106.7816,1089.1714,6.5866637,888.6492,1061.9054,-45.142685
front_raise_end_45522_flipped.jpg,788.7207,114.90477,-337.69595,795.8487,94.18973,-298.4682,803.6268,92.35381,-298.4223,811.64496,90.417435,-298.65237,772.77277,99.85423,-299.63437,764.87885,101.56034,-299.47015,757.0026,103.50077,-299.73383,824.74164,99.134125,-86.868065,748.0046,116.658936,-91.06102,807.2472,134.31558,-260.91455,779.4013,140.85396,-260.75015,901.4479,203.63667,-125.90692,707.25446,227.33653,-181.7822,914.5402,179.51903,-634.6713,692.0219,225.98128,-730.2122,895.5076,98.09112,-1083.752,692.3315,131.12395,-1219.0973,902.341,75.22341,-1200.6741,691.70874,112.58033,-1339.3854,890.66534,73.96797,-1187.4205,694.54645,103.83377,-1340.6757,882.69604,88.50005,-1098.2393,702.85016,113.50887,-1237.0109,911.7439,555.62885,5.676461,785.1365,571.8092,-5.1786213,961.13837,787.56354,-31.707716,801.7017,796.4463,-37.570927,1000.4591,998.5645,199.98517,833.98083,1011.2589,254.4581,991.25006,1031.4004,208.0716,852.1433,1039.5374,266.3504,1042.2145,1053.4623,-27.528446,811.8208,1086.3052,30.702606
front_raise_end_45557.jpg,1124.9918,116.5402,-319.95605,1137.8435,100.37607,-280.22244,1145.4032,101.055016,-280.11176,1153.1561,101.69366,-280.30463,1115.1554,98.66887,-283.91397,1107.4955,97.91071,-283.7848,1099.7855,97.33203,-284.04993,1161.8564,114.61941,-60.88337,1087.736,107.849396,-81.729744,1136.4037,139.47514,-240.72859,1108.6703,137.09972,-246.06671,1202.1608,234.96524,-62.751354,1019.7378,206.63461,-128.45027,1216.283,269.2,-493.1032,994.3444,242.15105,-661.21295,1208.1204,162.62929,-920.631,1008.3626,146.4143,-1193.5643,1215.8052,136.58447,-1029.2008,1007.64166,124.82208,-1312.217,1208.1666,131.94952,-1006.5029,1012.90784,117.69663,-1313.2367,1197.7609,144.37465,-928.7544,1021.1801,129.75615,-1211.1682,1126.7372,558.6991,18.60278,1007.6111,543.72534,-18.052254,1102.1245,802.3995,-5.7228084,961.6508,778.251,-73.671875,1075.268,1016.83936,236.1359,921.86224,989.6442,200.51044,1059.2852,1041.7295,247.43768,926.7025,1016.2501,211.34314,1090.9824,1088.843,15.068062,892.1496,1062.3278,-40.28679
front_raise_end_45557_flipped.jpg,794.57666,113.441795,-373.6097,804.0539,94.32462,-329.40015,812.064,93.04434,-329.32748,820.2622,91.654076,-329.5074,780.5272,98.74518,-330.43866,772.6293,100.07957,-330.2931,764.7177,101.63161,-330.67883,834.1914,102.79073,-97.43115,756.441,115.84491,-102.404175,813.21515,134.12398,-290.01157,784.18994,139.15611,-290.21558,908.1219,209.3931,-120.215866,717.9828,237.11247,-135.63568,932.72046,227.76773,-591.04065,708.30914,293.74954,-648.47156,910.25964,133.76784,-1025.5035,704.7796,180.81734,-1167.8364,917.20325,105.51713,-1138.7389,703.74255,154.86232,-1287.0734,904.46204,103.76946,-1121.907,705.2219,141.50328,-1289.4934,895.8122,118.74411,-1036.1516,714.2675,153.09196,-1184.4863,915.3356,548.5338,-3.9252295,793.6821,561.2422,4.1537037,953.0556,790.34125,-5.7316995,806.2681,787.3553,8.168976,995.9231,996.7311,275.93958,833.1586,1000.2558,312.6449,988.0345,1027.0786,289.29153,853.39026,1027.7407,326.92523,1033.6917,1056.1415,43.00145,797.5487,1077.6525,87.09725
front_raise_end_46404.jpg,1004.5132,161.057,-277.17194,1012.0409,144.11035,-238.13403,1018.487,143.83379,-238.06123,1025.1388,143.52094,-238.11905,991.2607,145.27563,-245.08289,983.9625,145.42908,-244.9787,976.65906,145.76395,-245.30107,1030.7695,152.20801,-31.341862,962.4916,155.16301,-66.59415,1014.9225,180.31216,-201.67859,990.6542,181.34741,-210.98787,1079.7579,248.90045,-86.61461,907.6539,249.22934,-133.0228,1098.9636,237.56624,-529.72833,892.4431,264.16946,-577.5293,1096.114,173.83682,-901.5556,910.6934,192.63557,-929.74835,1104.6918,155.08273,-1011.5902,914.12317,175.35834,-1028.3307,1096.4678,154.41937,-995.0697,916.1133,168.08476,-1032.4915,1088.5416,165.97466,-912.81775,920.02454,176.35526,-944.01337,1063.6487,544.6943,18.184114,954.3538,549.0272,-17.732338,1063.21,753.1229,10.297715,964.4619,762.9974,-59.188545,1059.9552,942.4891,218.3459,966.3477,956.5818,160.65932,1047.2009,965.98553,223.98653,968.68115,979.25446,166.59784,1075.4475,1001.7237,-4.581244,971.41895,1021.73236,-69.20752
front_raise_end_46404_flipped.jpg,919.81415,160.90585,-206.75235,930.1309,142.90855,-173.62596,936.93353,142.18979,-173.4791,943.9566,141.4261,-173.60852,909.555,145.2264,-172.05199,902.9268,145.78963,-171.93027,896.2874,146.51508,-172.18187,956.5162,150.034,21.759315,889.4362,155.8212,22.80651,934.8887,178.69482,-135.3693,910.03955,181.09613,-134.71172,1010.2134,251.60268,7.6691527,847.35846,246.47997,-9.012002,1031.5626,246.21878,-405.13147,818.58655,252.12169,-468.9051,1014.2004,178.1176,-775.65125,825.36053,176.32184,-928.17395,1019.7036,161.40044,-882.6355,822.8926,160.0985,-1034.4056,1010.81885,159.93805,-857.23254,830.7581,154.32819,-1038.5133,1003.16656,169.62434,-781.46985,837.862,163.23706,-945.051,974.56305,534.2747,14.584196,873.08636,531.44275,-13.934886,971.25446,745.13,-17.465406,876.8626,750.2839,-101.5672,972.3412,945.93085,158.27425,868.3922,957.068,70.36227,964.5574,969.5587,160.41339,869.3948,979.37054,71.08069,984.1592,1006.60834,-72.425896,874.2061,1027.0641,-170.94254
front_raise_end_47312.jpg,1009.6948,165.7471,-269.7458,1016.82263,146.02075,-235.39352,1023.6447,145.2886,-235.21596,1030.6998,144.52846,-235.35463,995.4016,148.41747,-241.36401,987.66736,149.00185,-241.26028,979.94885,149.78123,-241.58298,1036.6971,152.92615,-43.699303,965.8127,159.54774,-72.08818,1021.1855,185.56279,-198.05606,995.91235,188.15492,-205.30214,1087.6005,252.80377,-96.57993,911.99506,252.30183,-144.6832,1093.8315,240.32147,-583.4695,889.8791,243.86581,-595.09937,1105.3173,168.95258,-999.18585,910.97577,166.94695,-940.22015,1119.7985,149.3779,-1107.5015,915.4362,150.86084,-1035.0925,1111.5023,147.01506,-1094.0054,919.27997,145.1139,-1034.481,1100.4708,158.27989,-1011.935,922.89233,153.69044,-953.2497,1065.517,551.4968,10.807467,956.29626,554.86456,-10.436132,1059.9795,758.1783,-12.38306,957.81836,764.2201,-80.73213,1064.0054,949.94336,167.67815,961.8242,966.2835,119.08987,1052.635,973.6487,170.80685,966.0837,989.47516,122.68037,1079.6359,1010.0411,-62.63577,964.9105,1035.9503,-107.291405
front_raise_end_47312_flipped.jpg,923.0711,170.32504,-254.49545,932.1143,149.77663,-219.62056,939.1629,148.90651,-219.44048,946.4233,148.05484,-219.44986,910.1562,151.68839,-225.0038,902.5373,151.83363,-224.89969,894.9268,152.17099,-225.18329,955.69836,154.13727,-10.9448185,883.5848,158.6864,-35.036633,936.7987,187.7942,-177.78638,910.5828,189.60628,-184.18152,1001.3295,248.83015,-67.438965,843.99304,244.60023,-28.069118,1015.321,219.74573,-506.51538,826.547,222.02298,-401.39508,1006.35266,157.6275,-851.2411,818.21716,157.83704,-744.40796,1011.9181,140.77652,-954.04956,813.04877,141.76747,-837.4202,1006.387,139.9791,-935.5206,816.0067,139.2529,-848.62256,999.12024,149.79112,-859.75604,822.7998,147.22543,-764.18164,971.75183,543.8281,-0.50487053,872.0265,543.05457,1.0790209,966.3256,756.33453,-51.782475,872.353,754.6566,-61.437893,973.1105,960.65155,109.23521,866.0763,954.4499,128.12152,967.38965,984.67914,111.57767,866.7616,975.4348,129.64024,976.54004,1022.532,-113.06846,878.0312,1026.242,-95.84148
front_raise_end_49674.jpg,1000.38367,161.23666,-345.7936,1007.40283,140.7273,-308.9155,1014.4488,139.47615,-308.72916,1021.72406,138.2238,-308.84525,986.1636,144.03505,-313.31226,978.4803,144.84134,-313.23663,970.7984,145.859,-313.60095,1030.639,145.90962,-104.87452,959.7639,155.628,-123.74834,1014.5071,179.45929,-270.37173,988.98114,183.4713,-274.43002,1088.0328,247.1481,-180.02492,915.34735,247.2144,-201.41486,1100.4569,239.21297,-723.466,896.6395,239.42575,-701.2242,1116.8499,174.70457,-1178.5422,901.672,163.08884,-1107.9371,1134.1458,158.38159,-1300.621,901.70685,145.91963,-1223.9889,1120.9836,155.73068,-1294.2039,907.0087,140.3034,-1224.9016,1109.9912,166.81668,-1196.8672,912.18036,150.23874,-1125.5531,1067.5175,554.30505,9.584236,958.4513,557.1461,-9.195134,1057.8422,756.752,7.6517487,957.723,767.3835,-36.067074,1064.9144,942.55664,235.3927,955.94867,962.8119,220.0842,1053.7775,967.27423,242.98059,961.5925,987.35394,228.77551,1084.999,997.73016,-0.8354896,950.59735,1026.8494,-11.714369
front_raise_end_49674_flipped.jpg,926.83966,158.50664,-300.78857,934.36694,139.39262,-263.56442,941.3527,138.42226,-263.4606,948.55176,137.41466,-263.68268,912.7705,142.22733,-265.88678,905.1802,142.97533,-265.79248,897.603,143.89851,-266.10727,957.08875,146.2208,-56.87947,886.0996,154.28252,-71.02464,940.5712,177.0848,-225.99568,914.4257,180.4601,-229.2219,1009.9025,250.15535,-99.84177,841.5843,249.22296,-127.611496,1022.8734,257.5267,-589.0673,819.002,255.21758,-641.22406,1028.3848,164.17218,-1032.021,805.2881,167.84636,-1142.0609,1042.3732,139.20578,-1147.9219,796.90936,148.32355,-1264.9636,1032.7592,135.85832,-1130.3318,805.4769,140.30971,-1266.071,1021.0573,148.55531,-1043.8601,815.13074,150.46304,-1160.859,984.6984,541.28864,8.357771,878.9341,543.7668,-7.9266877,981.3981,748.88135,-41.44478,884.96796,754.47736,-81.51341,981.54315,955.6298,133.62926,878.2283,957.32654,122.458664,970.3435,979.248,136.85999,881.0535,980.4089,126.38799,996.1577,1016.9603,-108.98744,881.1816,1022.50214,-121.28363
front_raise_end_8635.jpg,835.79834,181.16179,-237.13478,844.9102,163.64983,-197.02812,851.39056,162.8328,-196.89664,858.0896,161.95636,-197.07996,823.95337,166.3323,-196.65198,817.2846,167.04707,-196.43095,810.57635,167.91872,-196.55896,867.94946,169.75017,22.8785,801.33594,176.90944,18.78172,849.42377,198.56497,-158.8763,825.15857,201.51843,-159.05829,924.08856,269.42365,-51.27594,754.7689,275.34464,-32.735065,915.44025,271.77332,-610.44226,741.7702,309.05432,-593.74255,923.4056,206.91605,-1090.6088,730.33234,232.73523,-1131.7118,937.57745,186.01433,-1219.0902,725.5579,213.64893,-1259.3439,932.8611,187.59764,-1197.8129,728.42847,206.46355,-1257.3141,922.3624,196.56657,-1099.6763,736.90924,214.39172,-1148.2281,897.2648,548.138,0.75531346,789.03253,548.7095,-0.70213586,912.9698,765.1992,-62.938614,787.1909,772.8347,-113.62604,920.75183,961.6944,178.13062,769.59674,977.80743,109.53264,916.40967,978.22894,186.70117,769.4884,997.3072,114.756905,910.3765,1038.8878,-76.6742,778.5386,1057.0079,-153.42548
front_raise_end_8635_flipped.jpg,1089.351,179.15375,-182.7296,1098.3987,160.25296,-142.92542,1105.1122,159.47562,-142.73048,1112.028,158.62611,-142.89276,1076.8827,162.46797,-146.52379,1069.8163,163.01169,-146.31892,1062.6975,163.7028,-146.48163,1121.0477,166.2482,86.024124,1052.0853,172.03226,63.0559,1102.794,196.9243,-99.95425,1077.2466,199.44016,-105.83139,1171.041,268.64966,52.239605,1001.09,265.07178,7.1309147,1164.6621,281.74216,-481.96536,994.65216,293.8067,-592.51886,1181.4176,228.78874,-1009.2444,992.4473,214.53914,-1169.5085,1198.421,215.48436,-1147.0808,991.2972,198.35109,-1306.7155,1192.0813,213.41223,-1131.6144,993.73285,189.84619,-1306.3472,1179.8315,219.2308,-1024.1376,1001.54767,197.18607,-1188.0944,1127.0502,546.3295,16.357891,1018.0099,544.2167,-15.980029,1134.9261,772.29877,-92.85528,1012.6507,771.33057,-146.26894,1145.1388,981.9738,108.78554,990.9252,976.40576,88.19244,1143.1968,1004.4253,111.64061,989.7503,998.4892,92.68654,1136.9006,1051.3146,-156.9231,1001.7136,1050.1956,-183.10443
front_raise_end_8762.jpg,834.6034,182.59657,-169.64415,844.0857,164.74902,-131.07959,850.3652,164.23941,-130.96849,856.84174,163.6653,-131.14851,823.42694,166.29955,-131.03177,816.93384,166.48744,-130.8633,810.37213,166.82532,-131.03279,865.8504,169.68797,91.48298,800.41833,173.03815,84.414795,846.7718,199.14848,-89.81265,823.2661,200.53978,-91.221664,922.2079,263.57434,24.963778,749.4054,269.54816,50.480167,919.4336,263.37064,-499.62177,741.0584,312.2685,-501.9881,892.4902,212.84364,-955.72644,736.6965,239.53679,-1036.87,895.0102,199.53122,-1084.4829,735.007,220.7446,-1162.5149,888.17126,199.29013,-1058.1676,736.13257,211.92543,-1161.6957,882.9683,206.55508,-963.4123,742.98724,219.78249,-1054.0021,892.44574,547.34814,0.66544944,781.5496,548.713,-0.27357736,910.3355,765.6287,-69.166176,780.7499,772.641,-111.5308,917.5706,968.7619,131.09286,766.39954,979.1444,91.75643,916.3435,989.5628,134.49725,766.609,1002.3737,94.026024,903.9777,1038.2793,-113.373276,772.8811,1049.8737,-164.39066
front_raise_end_8762_flipped.jpg,1087.3611,187.90576,-98.90892,1097.5178,168.74858,-67.101234,1103.6555,168.4402,-66.87989,1109.993,168.05403,-67.00025,1077.4016,169.21593,-69.938095,1071.0355,168.84949,-69.77673,1064.6107,168.6247,-69.899826,1118.6155,171.69063,138.88768,1054.6265,171.48589,120.30868,1098.5142,204.06706,-22.557072,1075.9409,204.1577,-27.589508,1171.8696,263.6444,108.32434,997.0285,256.97507,68.59383,1172.6901,264.58197,-408.3036,987.6623,287.374,-495.52615,1171.3499,223.69559,-874.53143,1020.01636,218.01451,-989.3654,1181.6107,212.58417,-1000.36597,1028.9976,203.59106,-1103.391,1178.02,211.91829,-977.5365,1028.4427,195.74971,-1096.994,1168.6969,217.96819,-885.2245,1030.9993,202.67822,-1002.0805,1130.395,541.56683,13.067088,1019.51465,541.04395,-12.579519,1141.326,767.54663,-91.06311,1009.4845,768.50037,-148.7944,1154.7502,979.99615,82.86358,992.1834,974.56366,55.699577,1155.3269,1003.8097,83.132065,991.6041,997.2421,57.67387,1143.4661,1048.2246,-164.76889,1000.8578,1046.8508,-192.96707
front_raise_end_8811.jpg,832.30133,178.28966,-215.58003,842.3847,161.68866,-173.87883,849.17395,161.17842,-173.7125,856.1669,160.59413,-173.87685,821.0258,163.91379,-174.58466,814.1871,164.57793,-174.41841,807.3023,165.40808,-174.63507,867.1492,170.39264,51.8861,798.48694,176.01205,43.09311,846.83844,197.39728,-135.8425,821.55426,199.75652,-137.50903,922.8601,270.40997,-7.931235,754.03796,276.49075,-15.359471,922.26245,277.208,-564.45026,750.99365,313.3423,-604.388,937.3026,225.78691,-1089.0028,739.25543,244.4549,-1171.6765,953.3784,211.86894,-1226.7266,734.36115,229.2636,-1305.8835,946.37427,210.76788,-1212.2983,737.3377,220.41878,-1308.7249,935.7185,217.5178,-1102.8878,745.8214,227.00938,-1191.1842,897.94073,545.9252,6.5074124,790.14606,548.56433,-6.3589773,910.3621,757.61334,-121.31471,788.5847,773.4014,-136.9975,920.07214,964.5425,75.61594,768.65173,980.2843,75.14555,917.15326,983.43695,78.13832,767.41846,1000.32355,77.44384,906.1323,1042.3557,-195.0895,782.44055,1059.7942,-194.28725
front_raise_end_8811_flipped.jpg,1088.044,179.06842,-246.77576,1096.4089,159.7925,-207.05891,1103.0168,158.7242,-206.83296,1109.821,157.59631,-207.05368,1075.4517,162.73473,-209.73738,1068.364,163.50775,-209.5539,1061.2266,164.4315,-209.75423,1118.5745,165.21303,21.13918,1051.504,173.33667,2.636023,1101.6205,195.9951,-164.1715,1076.5566,199.46992,-168.79892,1168.8137,265.96265,-10.930056,1004.3192,267.2054,-45.997414,1168.493,299.4699,-556.3607,998.8535,300.42627,-663.6821,1181.0411,237.41444,-1112.2329,979.51184,225.94426,-1267.5924,1196.986,222.91316,-1251.396,974.791,213.6583,-1408.817,1189.0767,219.86382,-1240.3612,977.08545,203.12822,-1407.0553,1177.3442,225.73112,-1128.1637,985.8872,209.54225,-1286.3599,1127.969,545.14545,10.062578,1022.34326,545.06433,-9.868095,1131.6005,761.24445,-105.729485,1014.3503,768.2951,-124.225685,1142.2205,961.1669,106.10579,988.1115,966.0335,126.95729,1141.6147,982.59,111.02326,986.4729,989.17737,133.1447,1124.3644,1027.9594,-158.38667,997.02405,1034.9294,-145.27158
front_raise_end_9989.jpg,835.87366,173.98581,-160.25388,846.08765,158.61586,-117.27974,852.6566,158.59889,-117.06465,859.3823,158.47559,-117.21079,824.86926,159.46082,-120.55901,818.1996,159.59132,-120.38575,811.47614,159.84802,-120.58162,869.23016,167.97314,117.32337,802.11066,169.19727,91.96707,848.9625,192.73132,-76.76225,824.095,193.31938,-83.68668,920.04504,267.45398,97.52927,753.57135,270.30365,73.09829,914.8352,307.66736,-392.63834,745.9584,328.25638,-458.3845,919.0644,227.46817,-867.27405,737.461,247.104,-1003.3276,933.49634,202.8286,-991.24274,732.33716,226.92168,-1120.3333,931.7895,202.30537,-961.3861,732.3466,218.88992,-1118.836,919.8004,211.16937,-873.2617,741.48193,225.80783,-1017.91,895.5522,538.077,16.148254,790.0548,540.3951,-16.041765,909.77686,761.09875,-49.74164,790.20056,770.7094,-120.99415,916.98926,970.5645,160.06126,774.11365,980.0046,97.066025,910.87604,989.81995,165.3163,774.62866,999.92334,101.4916,917.4742,1046.3727,-96.718376,779.543,1058.9274,-170.09372
front_raise_end_9989_flipped.jpg,1088.039,172.40378,-185.45665,1096.6191,154.17772,-146.30814,1103.285,153.43945,-146.06177,1110.1495,152.6244,-146.2403,1074.8994,156.58913,-148.49672,1067.7396,157.3143,-148.23479,1060.5358,158.18735,-148.32324,1118.464,162.13828,79.518524,1049.581,168.73604,63.612236,1101.3544,191.39935,-104.05163,1075.4949,194.21419,-108.038124,1167.7526,270.3317,41.976486,998.827,265.22812,23.19308,1165.4061,287.42154,-503.87936,992.2471,291.70767,-598.9668,1181.4158,231.09862,-1029.3649,989.6854,214.76582,-1208.0957,1197.5795,216.90616,-1165.3923,989.142,200.17343,-1346.3932,1190.2122,215.39262,-1150.9604,992.4429,192.92683,-1344.4036,1178.8099,221.35628,-1044.083,999.22064,200.71703,-1226.4313,1123.1476,540.8791,4.520044,1015.24976,539.1871,-4.272677,1134.6653,765.6526,-115.948044,1010.13293,767.8901,-144.07231,1149.4412,974.3191,103.13439,992.2094,971.3564,99.97321,1149.0325,995.3151,108.54466,993.59753,993.5878,105.97022,1137.1846,1047.3904,-162.37447,995.1781,1046.038,-168.7302
