hamstring_stretch_11726.jpg,1060.4656,372.8658,-243.95766,1069.7524,346.4119,-217.01103,1068.3792,342.12527,-217.03477,1067.332,337.86002,-217.27295,1068.1392,350.05988,-284.3641,1065.7157,347.01227,-284.5294,1063.2877,344.0723,-284.83792,1042.3854,309.46762,-97.70485,1037.0663,315.46075,-398.42786,1033.1174,369.1212,-197.762,1031.3539,370.53616,-284.9337,951.1011,331.28543,68.046,897.6007,361.85767,-495.10443,864.09766,466.58362,129.96402,764.40234,495.79532,-523.40283,868.3772,571.45776,47.967308,820.6233,643.2332,-388.39484,869.247,596.35535,35.00179,825.6333,683.15967,-423.4287,877.4926,593.2997,5.3855076,858.0962,678.6223,-417.62143,875.00336,586.29193,28.597446,857.1431,663.1434,-381.88644,775.65454,536.20074,209.5135,717.5816,565.4358,-209.09686,1021.5903,539.5095,253.4543,1015.6574,638.4819,-267.23456,1036.4644,715.16925,389.96964,1156.1747,854.3084,-152.30135,1032.9077,756.0376,396.46396,1162.9037,902.28876,-145.85013,1105.0032,711.52295,367.56668,1291.1472,849.6103,-261.9757
hamstring_stretch_11726_flipped.jpg,848.70197,369.71127,-181.46466,841.2357,346.17722,-238.28702,843.5383,344.213,-238.6009,845.89465,342.06992,-238.77902,842.30176,341.40396,-163.40775,844.5408,337.2209,-163.63046,846.8905,333.04962,-163.5437,874.6638,322.03424,-407.0011,876.9349,310.26953,-65.90467,877.84265,373.77335,-238.36267,877.98334,369.88065,-139.85359,1025.9901,371.6921,-533.8366,974.2438,351.77374,118.74888,1149.8319,517.4544,-548.54376,1072.8165,482.26514,169.26582,1109.2351,646.68555,-470.7478,1046.3422,599.10187,-30.78489,1107.7548,686.1087,-543.0176,1041.6254,627.77185,-39.500603,1088.2788,667.9598,-543.11444,1022.93835,631.531,-92.65716,1087.4331,648.62354,-468.58432,1023.55237,621.35754,-62.357998,1190.4131,569.76526,-210.91858,1141.4019,538.7969,212.40501,933.6497,628.0733,-311.04846,949.72455,561.3869,267.9214,799.21643,830.12396,-218.40735,897.2695,722.3434,419.8488,803.1162,878.0838,-215.4766,905.90015,763.6738,427.72687,670.512,828.1189,-314.75052,806.7453,728.68225,392.4934
hamstring_stretch_1302_flipped.jpg,849.4596,511.43896,73.098656,826.6764,502.79047,18.765575,824.88306,499.72372,18.615328,823.0741,496.50922,18.61981,829.16895,503.1563,82.927475,829.2601,500.5375,82.92075,829.60706,497.76746,82.31309,822.1531,472.30124,-125.811455,831.5905,475.65076,163.4763,862.91394,499.8471,22.709337,865.9139,500.22324,106.99991,889.50354,462.6038,-285.0029,921.0759,423.39786,306.70114,942.53973,597.41547,-187.67963,991.4634,481.2994,402.94568,921.36426,584.0735,338.0563,951.8062,502.04233,334.95987,908.3959,580.7329,364.28583,937.656,511.66046,351.74908,908.266,570.66376,360.98315,932.423,504.218,347.34808,914.6833,569.8032,351.41772,937.48285,498.12772,330.4424,1150.8629,525.9601,-208.13991,1163.7188,507.08716,208.04088,912.1404,635.5713,-194.29503,939.2747,614.0015,202.33617,946.48944,814.0946,-39.27703,962.1027,767.2759,324.83154,980.99615,824.9347,-20.601866,985.92096,783.27783,325.86255,875.0021,881.5405,-48.301983,912.79474,823.15015,276.5023
hamstring_stretch_14077.jpg,1055.528,386.22076,-193.44548,1066.7256,360.68048,-180.91801,1066.7708,355.735,-180.93431,1067.1254,350.91092,-181.24953,1061.8036,366.35672,-244.62762,1058.5911,364.41516,-244.78755,1055.353,362.60663,-245.03177,1046.463,323.83896,-111.19222,1032.1497,337.70764,-395.17056,1032.0444,381.82495,-163.85359,1027.2598,386.83148,-245.96475,945.5692,333.76154,47.18801,898.57776,389.6146,-492.87076,863.5793,478.94852,157.03387,779.114,539.70605,-459.1149,884.17737,570.2789,184.46843,840.0072,669.99036,-284.62436,892.18036,588.9657,197.8913,848.7391,705.50024,-318.8828,897.19,590.29987,171.53896,875.7872,694.0995,-316.76178,890.969,585.87195,168.85199,873.67596,679.5821,-280.55334,766.7135,555.534,203.78545,719.34296,594.46234,-203.44989,1036.4646,508.25775,239.89203,1019.4447,627.7484,-276.37292,994.1128,693.7532,458.15024,1109.041,855.4407,11.556617,971.7303,723.2117,478.5077,1090.9727,890.14954,37.20604,1060.0446,728.7887,457.77762,1262.9138,901.79425,-50.17626
hamstring_stretch_14077_flipped.jpg,866.2278,379.59076,-211.08708,856.0365,358.0182,-270.8881,857.54724,356.41028,-271.03238,859.1478,354.6847,-271.12982,857.5057,352.77457,-201.72777,859.34015,348.72055,-201.8174,861.3525,344.65598,-201.81853,884.18353,335.7141,-446.3586,888.8612,322.41373,-131.96394,893.93335,382.29996,-269.49765,894.3818,378.15274,-178.10124,1029.9619,394.7226,-569.90424,987.60693,344.96265,59.528492,1111.3661,571.7006,-575.702,1064.8833,482.59415,141.89284,1059.8478,689.10693,-493.74435,1046.243,586.3937,12.197942,1051.6396,721.26074,-575.5376,1041.8282,607.6498,12.491395,1035.787,709.69025,-558.8552,1028.2028,613.7572,-41.603817,1039.6619,690.97723,-488.44293,1031.0781,606.932,-16.131397,1196.0808,580.10236,-198.03596,1154.6544,534.3546,199.15465,942.15656,620.068,-212.87698,939.6501,552.13666,226.1338,871.9059,801.2699,42.81491,920.373,718.3151,391.9796,893.93774,832.33453,67.37909,937.5675,748.3067,402.05182,752.3831,830.4514,32.102077,847.17914,753.9343,393.31796
hamstring_stretch_14212.jpg,1054.9773,399.5218,-323.9613,1062.0948,379.21997,-312.56058,1060.2018,377.59976,-312.54648,1058.6013,375.91876,-312.45566,1062.2148,380.3486,-373.16513,1059.7366,377.7901,-373.17584,1057.4019,375.44907,-373.14124,1034.0852,365.7406,-219.79556,1034.2233,363.11795,-499.24948,1031.3583,407.60474,-280.4719,1030.6422,405.3686,-360.7169,940.7537,378.16418,23.737295,938.4934,434.7706,-615.61285,908.8385,468.49707,318.54813,855.43756,575.8908,-669.93414,1007.07526,547.64124,600.0358,912.6216,698.75726,-674.33765,1033.029,574.0897,676.9275,917.9127,738.3896,-748.0278,1040.7307,578.6333,626.729,945.3222,731.77936,-732.99084,1029.9916,575.8872,587.24335,942.5009,717.50055,-669.1034,865.8495,595.6945,211.45706,849.4143,636.07825,-211.00122,1021.652,631.74414,349.13803,1065.4435,679.69775,-213.13216,1046.3718,793.92944,560.86786,1176.3353,840.40576,-101.08302,1035.4362,826.3326,576.1806,1170.01,880.6651,-90.06428,1096.8264,821.80707,548.41394,1273.0348,852.4054,-127.13798
hamstring_stretch_14212_flipped.jpg,855.64056,398.0973,-216.5348,853.61487,377.33606,-266.6126,856.6408,375.9074,-266.67023,859.7614,374.41986,-266.63367,852.95087,373.9683,-200.32973,854.5065,371.24918,-200.43523,856.1624,368.68607,-200.49258,886.4507,361.994,-413.2658,882.73157,355.5425,-112.13244,879.6049,404.90002,-264.43127,877.2806,402.99734,-176.63654,997.95984,434.60284,-505.40936,967.47473,383.80862,71.253944,1088.0306,587.1199,-561.566,1013.6532,508.66025,206.07054,1012.4882,722.4894,-478.90845,950.2485,582.4161,190.96858,999.63293,763.1238,-532.17725,933.97656,596.6861,221.80838,980.3846,748.8334,-507.4196,914.34503,598.2993,175.12807,987.02454,731.0154,-463.38583,921.29626,596.81024,171.26068,1087.8762,666.0952,-182.2147,1063.8798,618.8399,183.12094,868.95966,715.1744,-146.61098,894.7906,640.8134,214.91231,739.98755,866.753,24.02721,838.8706,798.6462,355.9153,741.4763,904.08405,38.09923,849.4323,831.6274,364.934,636.10974,862.84204,-25.656067,762.0179,825.5175,324.71747
hamstring_stretch_15314.jpg,1052.4233,333.68423,-34.65114,1060.12,309.94357,-5.197811,1059.2247,306.6115,-5.316996,1058.605,303.40295,-5.3933315,1056.7241,311.29684,-75.93555,1053.9791,308.08847,-75.8784,1051.2198,304.94067,-76.07368,1037.6515,281.33755,120.31643,1028.9039,283.97415,-191.18454,1031.196,333.55984,13.471679,1026.978,333.23907,-75.86312,936.99866,323.21042,312.58524,907.904,321.99805,-346.3524,842.4541,416.2603,392.08237,745.0432,399.73016,-442.0962,841.2165,521.32806,269.1198,799.95905,515.003,-291.76825,843.431,552.3415,268.40915,806.3834,543.9793,-322.1218,848.8798,556.56464,223.56708,827.52673,544.0634,-296.57736,846.6008,545.2615,242.92325,826.3098,533.2138,-275.42673,751.6581,533.4757,234.02686,716.98785,546.194,-233.56175,999.59875,590.6733,261.6652,1008.9586,613.94543,-279.92825,906.9278,772.5236,447.96307,943.6822,804.6992,25.579752,868.1131,789.5885,459.22437,908.9488,822.94104,63.63033,949.342,857.2869,451.97614,1001.87335,879.65674,107.65089
hamstring_stretch_15314_flipped.jpg,868.1233,327.88898,-106.5044,865.96106,306.7998,-147.60579,868.62177,303.8935,-147.64348,871.3705,300.87784,-147.7265,864.5025,306.42258,-73.55417,865.7308,303.89703,-73.63638,867.1822,301.43646,-73.65713,896.4682,281.78064,-269.26855,890.30695,284.04498,66.18368,892.7646,329.3015,-147.3466,890.1058,330.34122,-50.40852,1022.3916,312.67615,-434.14886,978.86115,335.4536,264.10626,1172.0094,376.9125,-525.44275,1090.3165,420.72565,340.73373,1137.4653,513.2145,-432.3387,1091.5895,521.288,172.3159,1136.8407,554.9121,-481.4902,1094.3564,553.0248,163.52554,1113.2936,544.2101,-479.50015,1081.608,546.9172,119.279434,1115.1036,527.3822,-423.23334,1076.7217,538.40405,142.96881,1186.2616,526.7045,-223.90929,1140.3022,517.95404,225.07324,941.89923,603.3046,-254.14041,926.3178,595.3313,315.00153,1014.5586,764.21857,103.67066,978.58887,759.75336,353.27448,1050.5887,777.54156,145.34717,1004.3676,778.31976,351.55212,956.88513,826.31744,190.47256,943.79584,819.08484,344.04196
hamstring_stretch_17620.jpg,1053.7057,399.0979,-236.52924,1060.8649,379.07825,-210.63037,1059.809,376.96973,-210.7726,1059.0695,374.92545,-210.74266,1059.1992,379.65894,-277.41815,1056.6223,376.88123,-277.38397,1054.1215,374.18085,-277.37994,1038.2125,360.25446,-85.27475,1033.7615,358.53314,-390.82272,1033.4711,402.35852,-186.98767,1030.931,401.30313,-274.91653,956.95355,402.44104,134.81158,927.80664,401.61618,-562.30273,913.92035,529.1073,190.82416,840.0356,537.6658,-681.3432,945.1432,656.273,18.800585,923.8025,663.4401,-623.27155,956.67816,693.7106,19.211864,937.60315,699.2243,-701.0098,962.8062,693.4272,-47.89947,965.0103,693.7076,-672.8312,955.07526,681.46716,-14.424894,956.05396,681.1096,-610.3513,855.48236,617.8876,231.66542,826.2956,639.13513,-230.98299,1074.6465,630.86237,358.38293,1074.0165,692.06793,-278.71423,1085.6361,816.933,551.7084,1091.4165,867.6218,-121.86506,1061.7904,852.0443,565.5854,1061.3708,899.4736,-106.290955,1168.5139,860.3169,542.54486,1195.5704,908.24194,-184.72424
hamstring_stretch_17620_flipped.jpg,858.7656,388.21848,-225.1491,856.9372,367.12054,-276.20602,859.0909,365.01697,-276.21753,861.2786,362.86966,-276.05673,857.4805,367.09613,-214.09889,859.6304,365.5288,-214.23735,861.8888,364.1051,-214.30899,889.4626,349.9212,-412.3014,890.75525,352.71976,-129.68324,882.0932,392.1091,-266.81183,882.0235,393.7594,-185.06752,997.2235,421.27155,-494.8503,979.1527,386.99802,33.86193,1097.0294,572.3773,-528.2813,1045.2941,526.62366,49.666565,1016.29486,687.3681,-386.7483,1012.30994,635.23486,-141.48105,997.91223,723.6431,-427.67307,1001.14746,665.1311,-164.99113,983.531,702.29376,-416.49326,991.891,662.2831,-203.33382,993.92004,686.1817,-378.18823,995.4849,653.2568,-164.026,1089.1792,660.605,-181.32759,1067.113,612.27155,182.36035,857.70667,724.014,-147.79034,868.15906,625.72736,174.99362,890.8463,889.685,185.37752,861.1887,826.4228,271.91684,923.6528,905.3902,221.78572,887.6399,857.59735,277.17834,824.41174,946.88806,246.04013,785.22595,885.39435,257.36844
hamstring_stretch_19694.jpg,1077.42,430.32498,-38.974686,1089.5366,411.8773,-21.885275,1088.2549,410.6802,-21.980705,1087.1271,409.46503,-21.994411,1089.6145,409.7079,-84.599014,1088.2477,405.49054,-84.474785,1086.8264,401.36453,-84.43804,1070.1396,389.81937,71.07435,1071.9282,377.1413,-219.25363,1056.2977,431.94656,-0.052543268,1057.0464,427.26276,-82.45426,975.8939,401.53757,248.77298,969.07886,410.43454,-396.83365,931.8637,500.57156,279.68152,874.46545,549.1534,-401.64413,997.42755,604.5839,121.55679,976.635,608.4114,-71.65614,1014.6818,640.45795,112.72091,1001.62994,632.1241,-78.5971,1020.62506,636.8165,80.40224,1017.4912,612.04767,-61.826363,1013.0318,624.0061,100.5987,1005.5984,603.3966,-54.541122,877.727,622.6561,231.67029,858.6596,640.2272,-230.80948,1097.7744,627.83386,270.73596,1075.7822,670.38885,-325.73755,1112.5868,820.6655,397.77768,1114.6096,871.14294,-238.27844,1087.3578,859.4756,402.435,1088.011,912.00494,-229.74304,1192.033,861.18024,368.28067,1218.9497,911.26996,-273.26675
hamstring_stretch_19694_flipped.jpg,832.1,417.88763,-157.61731,830.51434,395.72675,-197.9514,834.1992,392.59042,-197.94994,837.84546,389.40338,-197.79591,826.79535,397.4401,-136.59148,827.4994,396.06036,-136.79126,828.26855,394.81265,-137.18465,867.3345,370.56638,-288.27637,853.9124,378.92358,-11.091241,858.33264,418.24576,-184.46304,854.0813,421.764,-103.67448,974.4182,422.44403,-383.58417,941.9773,399.1402,167.46156,1071.1963,563.085,-301.6993,1009.16016,528.0134,237.30594,953.97107,616.39935,81.80577,949.6892,603.9995,94.815186,925.04205,639.48956,97.0006,933.8817,629.12933,68.57348,912.1243,608.0722,89.76931,923.79114,620.01874,40.313175,926.5902,596.9196,92.11532,930.5041,612.0388,73.88299,1077.1455,655.7358,-188.34392,1045.6201,619.37695,188.21208,870.5635,705.6176,-230.57692,858.80176,638.27057,47.710842,830.49945,873.7629,-30.064651,799.57794,824.25385,131.87251,855.64716,898.26636,-4.8873415,820.49316,859.33276,133.91676,740.15314,921.01166,-22.153126,710.89307,875.2838,77.26416
hamstring_stretch_22225.jpg,1038.3645,417.51892,-115.48076,1050.327,393.78992,-95.39037,1049.5505,389.29605,-95.360085,1049.132,384.844,-95.511475,1047.5668,397.4701,-162.02191,1045.3715,394.2987,-162.18304,1043.0603,391.18762,-162.31763,1027.8065,358.2467,-2.711671,1020.2061,365.00876,-291.9629,1013.44586,411.32895,-73.821945,1010.0908,412.7146,-157.49266,937.5935,374.16818,191.47653,891.5737,388.4218,-401.72787,863.5438,471.7433,441.14963,767.51337,509.53006,-371.68875,902.48975,566.31494,530.4922,828.1542,634.0177,-190.46684,909.60626,588.04364,545.74146,833.16943,666.87067,-209.0175,918.27264,591.67426,511.9784,860.47906,664.1846,-216.97984,912.00995,585.89215,512.88257,859.9324,654.612,-187.66766,721.75977,503.66174,191.62907,676.16986,509.24716,-191.4318,937.46094,597.0636,185.76314,918.2751,629.8215,-216.85118,1001.34247,760.5573,256.37204,1022.84155,824.35077,-155.72186,996.7629,794.67303,255.33205,1018.3732,867.2611,-150.27872,1079.8022,756.7093,209.32468,1141.3977,824.7673,-212.81857
hamstring_stretch_22225_flipped.jpg,878.46265,410.94064,-87.608536,867.76855,390.04547,-133.83476,869.833,386.4303,-134.03864,871.93506,382.6124,-133.9611,866.0503,389.79138,-64.400604,866.36163,387.43774,-64.453255,866.9318,385.00977,-64.51589,894.0461,362.58063,-263.35522,887.8015,365.26782,52.854935,906.1986,409.78757,-126.57721,903.03174,411.682,-35.786057,1013.0509,389.8457,-422.26685,999.9481,391.4134,274.24088,1127.6744,500.76532,-466.14447,1077.6414,497.5061,395.14926,1085.7238,630.6545,-320.27423,1059.0475,608.4859,293.80704,1080.7354,670.7457,-381.33566,1054.9672,634.74536,310.41394,1057.1781,657.90155,-351.94962,1043.3956,633.7417,254.91365,1061.4857,641.8661,-302.37872,1043.7003,624.37305,267.09,1240.5421,516.57574,-218.36008,1221.6815,512.3632,219.23578,1033.1338,611.8672,-194.43344,1058.2107,612.7042,311.6773,943.95056,769.97485,-17.843096,959.7278,754.446,552.5208,953.8859,807.3141,-5.2047324,959.9214,788.1425,570.67694,832.5899,769.859,-90.349335,873.57526,748.1409,526.53424
hamstring_stretch_22566.jpg,1122.4849,462.3115,-147.43146,1134.6378,444.66898,-128.24875,1134.5425,442.7591,-128.29277,1134.7036,440.9309,-128.23105,1132.1,444.89343,-184.05827,1130.2515,442.14258,-184.0834,1128.4342,439.446,-184.09985,1119.4775,424.34756,-35.617264,1112.86,422.17673,-287.15555,1104.0614,462.67078,-109.905655,1100.9062,461.2942,-182.01894,1039.2168,446.2387,117.55627,997.50055,445.8662,-425.79922,971.85754,556.3611,162.15427,874.9384,552.55365,-489.18332,987.15375,662.05725,15.15469,948.92694,672.54834,-416.08408,993.77277,694.3017,-4.833724,963.0772,709.90393,-470.54993,1000.434,694.8939,-55.112247,985.30756,701.3874,-458.69617,995.10626,684.17786,-13.934796,977.3499,686.38434,-409.63336,887.6397,626.5962,186.29152,848.10266,642.1754,-185.5598,1091.4922,641.603,214.06413,1072.6539,679.2503,-269.22922,1060.3514,819.5615,306.38855,1071.9459,857.329,-141.38795,1028.219,848.7319,309.459,1038.469,886.26855,-129.7237,1128.4287,872.461,260.12088,1172.8574,908.4193,-203.71121
hamstring_stretch_22566_flipped.jpg,801.977,454.01697,-63.962746,795.62286,434.6308,-115.003265,797.3597,433.217,-114.927,799.1075,431.72702,-114.69532,795.6865,431.53946,-52.37714,797.1523,428.28983,-52.491787,798.79395,425.07214,-52.6486,820.55457,414.5763,-259.71405,820.5062,406.35922,21.140259,823.95447,456.39832,-111.31586,823.39655,453.84592,-29.616737,926.2765,465.95456,-388.87115,907.30396,423.95557,162.416,1028.2883,590.101,-323.1759,990.3804,539.4818,203.31538,974.2923,680.00085,-43.982758,968.57104,648.71686,50.205193,965.713,709.3484,-63.20029,961.6818,678.6905,25.804613,948.9866,695.17456,-67.69017,954.5203,676.7887,-3.6091964,954.1421,679.13745,-39.78303,956.8843,666.9164,29.238129,1080.8142,652.5284,-186.63042,1052.9207,614.2387,187.0696,830.2592,675.5691,-230.72424,833.0637,626.9829,159.85854,843.9208,850.7489,-16.887869,850.14374,802.77673,259.9429,876.64545,870.5609,8.9062,877.3682,826.1951,263.12018,759.1121,902.8718,15.405495,786.28284,862.8332,252.02257
hamstring_stretch_26786.jpg,1056.8776,404.7286,-50.20574,1065.7319,386.70944,-28.107946,1063.9817,385.5398,-28.18924,1062.4377,384.34372,-28.21356,1066.1897,385.0177,-90.873695,1064.8285,381.47745,-90.76552,1063.4457,378.0089,-90.79193,1041.9279,367.37778,77.35234,1045.111,358.39764,-209.01776,1034.8015,407.24103,-6.4148893,1035.925,403.50018,-88.10015,945.6521,391.34625,249.07932,948.5683,399.0028,-381.5519,915.27606,499.37213,300.2416,875.2108,532.57367,-419.3308,977.4297,595.186,146.04494,963.76886,599.4716,-115.73772,993.7436,626.44763,140.60513,985.5299,623.8882,-128.73738,1002.05475,622.3223,99.977295,997.48,609.10284,-114.70481,994.3263,613.46765,122.82888,986.06335,600.29565,-100.49515,851.0125,616.637,224.3285,836.0247,642.8871,-223.47903,1087.089,627.87805,307.3258,1070.4292,676.5535,-304.23663,1094.4985,799.05914,453.36484,1076.4874,866.8653,-206.73634,1064.3777,831.7436,464.001,1043.7368,902.2345,-195.5748,1182.2671,843.9935,457.12848,1177.5381,913.371,-219.63089
hamstring_stretch_27402.jpg,1032.1378,345.43677,-279.74884,1037.8115,318.13364,-266.99222,1036.412,314.48044,-266.94803,1035.3446,310.84363,-267.24384,1036.5817,323.41888,-327.839,1033.8564,321.9465,-328.00885,1031.2117,320.65952,-328.2905,1009.15784,290.12643,-189.55112,1004.45746,302.01724,-464.21933,1006.92126,347.80276,-245.51253,1005.7604,350.85733,-324.75604,920.81354,302.20267,-17.517237,875.2493,374.12695,-560.6901,842.80676,405.2665,201.99547,745.08124,499.89972,-571.4008,880.94806,506.9094,401.29114,787.2585,638.3474,-512.59015,891.00696,533.80414,447.50653,788.1017,677.4563,-566.978,897.1845,537.31995,411.4122,820.8583,670.37683,-564.0803,889.62,532.0685,386.978,821.21356,655.1247,-511.52493,784.5301,521.1684,197.47496,733.62274,571.79175,-197.35872,984.3066,516.362,244.9205,986.5933,637.0508,-282.26227,976.2357,683.09515,433.48227,1116.9374,834.2924,-97.09655,960.4966,711.8491,449.86176,1110.8102,871.7973,-79.6421,1043.3448,727.5241,459.44547,1255.3783,861.7733,-144.89247
hamstring_stretch_27402_flipped.jpg,885.4011,340.80057,-271.80292,881.9834,318.10062,-337.30148,884.7662,317.1739,-337.43304,887.57495,316.18912,-337.48416,882.8568,311.73734,-264.18817,885.2006,307.527,-264.32715,887.6247,303.45047,-264.2384,917.3361,300.35245,-522.54755,919.31726,284.1678,-196.51074,912.49133,347.98172,-331.08978,912.23987,342.3955,-236.13109,1051.4502,372.87677,-583.2395,1009.0581,306.184,-25.685038,1183.1348,509.34955,-571.2654,1110.6954,428.1032,59.40998,1129.5945,629.42413,-418.44122,1071.8344,523.09607,-70.56148,1123.292,663.6913,-461.8896,1062.2206,544.3064,-78.42055,1103.2262,649.0887,-462.07983,1045.5393,549.72626,-122.326195,1107.5364,629.3417,-410.75644,1050.7832,544.095,-93.186295,1178.1562,577.4463,-176.47556,1138.347,516.2373,177.8788,967.20026,661.4442,-160.66057,959.4207,542.9815,203.64566,824.79083,827.1289,32.51333,928.7969,712.80304,336.89752,827.39,865.26373,49.808243,942.4793,749.95074,342.9011,688.4118,831.48486,-21.694046,848.72736,734.8631,315.39536
hamstring_stretch_28854.jpg,1076.5929,515.3757,-202.44693,1096.6437,496.81604,-180.2034,1097.5635,491.9327,-180.22815,1098.8813,487.18582,-180.49667,1091.8118,500.4174,-252.07019,1090.1907,496.97394,-252.29857,1088.3542,493.4863,-252.62349,1087.5764,453.3948,-62.81979,1075.6707,460.45508,-376.82635,1055.7488,499.96738,-149.75552,1050.8206,502.3088,-240.54488,1002.0005,430.53006,163.75328,948.03754,453.688,-449.8875,895.1499,526.337,439.8657,786.5454,561.96814,-331.07117,934.69696,631.99164,541.7557,855.0442,681.68274,-41.61013,951.5913,650.2193,554.5122,867.2288,712.6946,-61.352985,960.6553,656.5443,517.48663,893.245,706.4931,-75.47181,949.02686,652.0132,519.25745,889.0781,699.48474,-39.576508,758.1037,516.1882,198.71147,707.2544,521.6685,-198.8121,957.2533,637.06,63.214474,911.36707,668.13824,-257.41382,1047.5782,824.1027,92.6568,1046.0449,853.1049,-209.56409,1046.5608,868.3251,89.37189,1051.0325,897.58295,-211.14905,1152.1752,814.2651,-10.694151,1177.0835,849.89233,-334.9315
hamstring_stretch_28854_flipped.jpg,851.6298,520.9381,-279.07162,836.567,505.73477,-333.45404,838.6115,503.6529,-333.55276,840.5691,501.3271,-333.5122,831.15063,500.85782,-267.41412,829.30664,496.6249,-267.41312,827.7012,492.37564,-267.36993,854.70654,475.75854,-474.06174,838.0219,462.4305,-173.03163,877.62427,514.50006,-322.43204,871.07635,510.75528,-236.19191,981.5676,462.9544,-520.8647,920.5421,452.62964,56.118523,1106.4033,569.2476,-396.52704,1017.5634,539.728,288.32254,1044.7289,668.5461,-108.85619,1009.88904,651.91016,337.3838,1038.1279,698.5693,-140.39891,1010.5149,676.3043,366.34207,1009.0933,689.4589,-134.26166,1001.6233,677.74316,320.42288,1012.4684,676.1088,-99.53761,1001.95667,669.8661,319.2711,1177.1176,519.8898,-184.47507,1131.8491,518.09515,185.35669,1027.4166,657.6827,-241.87457,994.0376,659.616,178.69394,916.398,786.4185,-191.09755,878.6924,830.5895,328.3921,920.26227,813.39386,-194.31201,880.68286,872.29834,337.02655,817.917,800.3716,-351.57135,785.79266,838.4431,217.57083
hamstring_stretch_2896.jpg,1081.4088,504.61594,-179.97324,1094.8776,481.22665,-165.57336,1093.9407,476.5607,-165.5556,1093.3401,472.1359,-165.6517,1093.6221,485.28055,-232.70512,1092.1523,482.59564,-232.80676,1090.5532,479.89154,-233.05812,1074.0409,440.77826,-70.80124,1071.4427,450.85217,-368.24985,1056.3009,494.10275,-136.16591,1054.5034,496.84616,-221.81845,979.1193,429.57956,141.50917,943.8914,460.82645,-463.03888,875.3952,530.60767,322.1412,797.8813,576.39044,-308.09808,925.21136,609.129,323.0258,855.65985,659.0109,15.852728,938.88715,622.9521,330.8667,864.9005,679.32495,-10.883472,949.57806,622.1661,295.68167,886.2037,677.9936,-12.500561,939.6041,619.57574,303.17087,879.7819,670.72974,21.585428,754.07495,513.0205,200.26028,710.8327,524.70123,-199.93317,967.4868,589.34,74.30354,923.34515,622.11884,-305.3659,1004.80396,772.9221,35.135693,1016.5519,787.8041,-226.06647,987.8128,808.67664,27.004292,1005.2391,825.5948,-227.45984,1108.9844,791.49133,-35.97632,1155.6396,797.3658,-339.73105
hamstring_stretch_2896_flipped.jpg,847.51544,505.7656,-398.69592,832.0341,484.64664,-444.37738,833.8563,480.59808,-444.5384,835.533,476.5188,-444.4607,828.3392,486.62708,-381.22885,827.2327,485.07935,-381.25543,826.2892,483.56015,-381.34207,850.49664,447.62656,-528.04474,838.6917,456.65384,-240.84311,874.4718,496.11758,-419.32993,869.7813,499.07922,-337.0881,983.23126,431.72873,-556.95667,915.13116,471.75742,-33.2639,1102.0132,551.91766,-467.49823,998.7538,574.7598,37.037395,1047.0625,647.38605,-197.6955,1014.7103,653.26855,-174.46686,1041.276,677.0322,-239.89664,1023.1719,672.8565,-206.6122,1011.9388,665.5404,-243.35197,1012.8564,665.8428,-247.96924,1012.45355,652.0419,-192.69963,1010.4806,656.86755,-198.28633,1182.6439,508.27002,-167.80077,1130.793,527.5979,168.3694,999.57043,630.66986,-220.10486,972.3349,645.2334,55.652245,905.07764,789.7892,-99.57544,868.1517,821.99744,154.14977,910.1637,817.7985,-92.654015,873.08093,861.70386,154.64656,811.921,815.3723,-239.32637,772.2062,836.0216,37.929276
hamstring_stretch_29121.jpg,1069.1981,420.72574,-311.24954,1081.5997,406.22787,-288.63458,1081.3287,406.4675,-288.6237,1081.3412,406.6837,-288.63525,1079.1846,403.1221,-338.3458,1077.0391,399.66922,-338.35858,1074.9152,396.37357,-338.40442,1063.2971,398.44464,-165.25368,1057.3275,383.79205,-399.7925,1048.74,430.02823,-260.58185,1045.7566,423.6329,-326.499,984.6262,402.43036,81.979416,950.66473,449.35925,-550.7765,950.7313,498.29947,296.35303,861.1106,588.9848,-592.5989,1013.0836,587.8391,432.9827,922.7577,697.4241,-553.1058,1032.37,616.424,480.30704,935.18677,730.87695,-628.98083,1035.3021,621.99615,428.6525,958.9706,724.1449,-617.2914,1023.6557,618.41187,413.82834,951.5226,712.94165,-551.91516,853.9366,612.40295,212.65147,814.3774,651.524,-212.43098,1055.7429,598.00305,288.69577,1064.938,667.7456,-280.8278,1074.1028,783.9161,442.17108,1168.3875,866.4384,-176.50635,1054.7631,820.49255,453.89963,1150.8995,913.9167,-168.00702,1143.7517,814.18536,434.9355,1295.394,878.2228,-221.92334
hamstring_stretch_29121_flipped.jpg,840.0855,418.89185,-232.45338,836.032,399.34964,-264.04047,839.4387,396.7736,-264.05676,842.82916,394.14005,-263.90845,831.69824,399.9475,-207.17226,831.34564,398.5813,-207.34088,831.1305,397.31036,-207.55919,865.60364,379.9406,-333.27652,851.50555,384.46173,-74.959,864.1247,420.0298,-253.62064,857.04645,422.7392,-178.47281,954.3026,444.61734,-422.74194,949.8819,392.75568,106.43846,1053.8605,582.44806,-448.06943,1018.81396,518.42725,184.42584,1002.7066,714.17444,-312.75012,974.96204,608.7353,116.58311,994.1936,749.4136,-345.49182,963.50415,628.53815,119.54763,975.6254,739.4171,-331.0821,951.2738,633.7326,84.36498,982.57825,722.7891,-300.25433,957.14014,628.7324,98.92142,1083.4568,664.5316,-179.00952,1067.9883,613.9197,179.52203,876.8676,714.8599,-147.27502,881.9537,639.5429,67.90382,757.69135,865.3893,71.14906,816.3091,800.4839,195.29128,761.8424,895.2291,93.881226,823.4277,831.07184,202.10875,665.86884,865.9252,46.60489,750.9406,822.29034,141.11472
hamstring_stretch_30718.jpg,1075.8353,501.08093,-68.584694,1098.0338,484.4253,-49.211952,1098.7336,479.7231,-49.13077,1099.7789,475.02267,-49.436367,1094.2587,487.93213,-115.977356,1093.1927,484.28088,-116.1409,1091.8877,480.6557,-116.3405,1091.1976,441.8181,39.321384,1083.528,448.0982,-257.50717,1055.0107,486.92297,-27.270765,1051.5543,488.36127,-112.81357,1006.4838,398.32504,215.80798,968.11926,447.1012,-366.77124,904.41736,481.42538,491.8459,828.83514,565.1294,-263.48242,920.0356,593.43823,713.78156,875.727,688.2418,-8.441616,922.36633,618.35614,751.7206,875.3913,722.3371,-17.98367,926.4702,621.55646,729.51086,902.05994,721.77325,-32.584896,922.50635,614.2251,703.17755,902.16003,713.5789,-7.510873,769.81396,504.5216,202.92863,728.2653,520.3184,-202.80795,968.9159,626.0183,122.67434,928.55164,664.87024,-259.64865,1076.8866,797.63727,230.34547,1080.499,859.10645,-204.6028,1081.4042,841.3976,232.80133,1088.7833,910.7122,-203.87804,1173.4161,762.3257,145.71213,1205.3718,834.4927,-292.95288
hamstring_stretch_30718_flipped.jpg,838.2482,499.3176,50.366367,820.98267,488.2248,6.533104,820.394,485.9025,6.6592627,819.7999,483.28482,6.641804,822.86224,486.04007,63.180607,823.8272,482.88315,63.1378,824.99805,479.59113,63.10095,830.8347,458.3569,-134.96233,837.5194,452.54358,125.39852,859.0984,489.63147,7.1546354,862.1788,487.66824,82.193474,948.5457,460.3966,-235.26337,933.451,410.19888,248.04843,1069.9348,583.2529,-237.8706,1028.9694,501.39624,414.61642,1038.2795,688.96704,-89.64892,1027.768,606.427,489.55518,1033.8042,717.6453,-116.27191,1026.4929,626.8524,529.56256,1011.70166,707.3275,-79.592636,1019.76965,631.99963,489.42325,1013.7734,691.70026,-71.14538,1019.5565,628.1804,475.48965,1187.9633,525.80756,-132.75201,1175.5172,510.17252,133.46585,1066.8228,600.38306,-296.8995,1120.6593,655.7343,172.98094,1014.2887,720.36456,-295.97473,1012.98615,776.5711,337.56882,1021.5131,727.3838,-294.6088,1013.348,788.1696,352.42447,944.37494,787.27325,-383.0437,946.0796,831.63007,288.8216
hamstring_stretch_32386.jpg,1058.6934,508.24115,6.4379463,1080.5726,500.11145,22.934925,1081.8484,496.6152,22.758945,1083.3285,493.22177,22.565704,1078.0471,500.4986,-38.70207,1078.3798,496.65527,-38.741993,1078.5887,492.8363,-38.842186,1083.8044,466.0836,99.97038,1078.8878,465.03293,-176.94138,1044.4486,493.62592,40.132427,1042.5931,493.65488,-38.93244,1008.7414,414.32993,288.92947,1003.38434,456.59256,-319.38617,903.94446,494.1692,497.97113,879.9669,549.75195,-230.15318,935.39453,551.6773,606.55237,892.5516,582.20953,170.05531,939.49915,567.703,632.13196,886.6927,590.4465,183.5547,947.34796,560.5273,615.11865,896.8643,583.2303,183.3713,942.47156,556.749,594.9897,898.349,579.20856,181.52708,781.11945,508.02698,201.65636,769.6746,523.37524,-201.76736,942.4688,625.0831,177.40576,1018.59973,593.4091,-225.35217,920.8018,799.3335,297.10114,1052.3265,772.0508,-102.15381,904.07947,827.64105,305.47046,1034.8347,808.3434,-89.46925,959.3578,830.8166,264.22595,1138.6277,788.74115,-129.23772
hamstring_stretch_32386_flipped.jpg,859.49744,507.48642,-54.233562,840.63745,499.48938,-109.612785,839.5548,496.97043,-109.5522,838.4537,494.4418,-109.46581,842.146,498.5316,-46.034264,842.31525,495.19986,-46.093857,842.58594,491.75052,-46.458725,838.8003,467.26974,-230.98915,843.84247,466.22678,56.583714,871.5866,495.3449,-90.76061,874.7291,492.66794,-7.0990043,917.23645,440.1653,-343.03687,904.4251,428.6877,222.92288,1014.2679,502.69095,-198.48143,1000.8869,469.1849,121.10341,991.406,527.9054,300.5304,988.1755,507.76938,-253.41992,987.4269,532.67554,319.2068,982.2401,523.05273,-306.58865,976.2175,525.50183,303.7543,980.1905,514.94727,-316.9957,975.1863,520.0482,308.24454,981.5638,508.46423,-272.4933,1146.5518,517.5714,-209.65337,1121.7921,509.9731,209.60117,908.573,614.72174,-285.1154,918.0547,593.1316,161.55107,929.9302,796.6524,-148.59291,921.4927,759.307,269.60327,959.4358,807.0515,-131.56667,939.516,777.71545,268.27856,863.00616,870.4593,-194.98769,878.7592,813.9151,185.14355
hamstring_stretch_33302.jpg,1073.172,413.06967,-177.59796,1082.7501,393.89264,-153.15189,1081.473,392.3957,-153.24075,1080.485,390.9292,-153.17436,1082.1766,393.00397,-219.81816,1080.1855,389.50085,-219.75307,1078.206,386.09415,-219.71289,1059.1102,375.00192,-34.057503,1058.4641,367.70273,-338.69717,1050.7615,416.55103,-128.61954,1049.8855,413.48938,-215.71596,971.1715,399.4864,178.02965,945.8505,412.80396,-503.5522,931.0866,506.79022,295.8552,845.5474,545.3739,-559.17206,968.1506,617.5222,187.69514,944.57117,640.69904,-397.5124,978.5164,658.223,183.45784,965.89734,672.84265,-446.25876,981.68286,656.5562,129.36493,986.98193,660.9667,-431.7151,974.4232,643.5729,160.15056,976.67773,648.3064,-387.2555,863.5776,617.6466,227.7475,833.80444,643.1451,-227.00499,1084.3131,626.31976,274.4469,1072.9457,686.94305,-309.5575,1093.4213,812.25745,419.00793,1114.5454,864.9062,-183.03784,1069.6968,848.76404,425.6667,1089.4841,901.9378,-170.57144,1170.5063,850.66437,389.47412,1222.5123,896.4825,-236.13089
hamstring_stretch_33302_flipped.jpg,836.8527,401.70575,-111.343315,837.88354,379.77466,-151.07675,841.88025,377.1103,-151.05724,845.91156,374.34335,-150.87221,834.18365,380.3201,-84.45476,834.76447,378.72855,-84.64164,835.4828,377.21545,-84.85362,874.9878,360.97067,-257.46252,860.61584,366.1584,46.291897,862.5088,407.25223,-145.7598,857.068,409.2896,-57.624546,979.219,419.1246,-387.1762,934.9804,409.2988,230.45671,1075.691,546.27826,-383.48907,999.6617,527.84393,289.441,982.45605,635.69763,-153.22382,961.4868,634.3011,82.31008,965.5591,669.37805,-178.887,952.6569,670.5498,61.001213,945.985,645.9295,-183.10497,943.5244,659.79144,17.369972,954.83417,630.7918,-147.24983,944.2435,649.8824,55.009583,1083.7363,642.797,-197.63025,1050.6738,623.3769,198.1422,851.5635,672.1389,-248.19237,852.98615,644.1984,165.0713,845.1609,871.54034,-45.411533,850.24475,833.28564,303.79147,872.7314,899.9487,-19.610077,878.07367,861.1024,311.9046,767.951,937.6602,-33.701065,781.00446,904.1642,273.64282
hamstring_stretch_3530.jpg,1057.521,363.31082,-6.5470624,1067.8846,340.14346,21.109953,1067.2495,336.05945,20.950563,1066.8918,332.07278,20.796326,1064.837,342.0726,-52.578712,1062.5583,338.30017,-52.52493,1060.2823,334.63443,-52.64847,1047.4922,303.59268,130.73753,1040.5402,307.88956,-194.38655,1034.6808,357.77853,35.96866,1031.2949,357.86996,-57.035942,939.8618,319.48282,317.4345,920.6403,324.51474,-374.1699,841.9066,394.17123,453.55188,771.60876,391.46313,-479.1787,852.44476,518.2429,465.3681,822.82605,513.64276,-317.5911,854.1509,559.05365,494.62686,823.4075,548.67255,-338.0367,856.5303,562.66724,448.15497,847.3688,550.0957,-311.25113,855.26654,548.5246,444.7647,845.96783,536.1763,-298.79532,747.4811,521.7783,237.25525,711.53577,536.6927,-236.65479,1010.60474,578.1474,236.61963,993.06836,610.29626,-288.75137,949.11597,769.7433,402.9139,963.7228,798.70654,9.645409,909.8913,789.8914,414.41418,926.16644,818.98254,45.219215,1006.6439,856.41595,411.1873,1050.0277,878.4048,79.85011
hamstring_stretch_3530_flipped.jpg,866.258,350.98563,-78.553474,861.8328,328.4144,-119.53479,864.1023,325.1593,-119.60397,866.4931,321.7789,-119.665665,860.67773,328.05917,-49.50422,861.6371,325.3626,-49.66234,862.8162,322.69455,-49.6882,889.3371,300.58438,-238.24521,883.6625,302.69223,78.516464,890.58325,350.54178,-118.911674,887.9979,351.69736,-27.123398,1010.4054,321.6747,-388.3791,971.388,355.31897,280.48322,1156.2485,388.32394,-482.58075,1072.0338,448.0109,351.35965,1123.4941,513.90326,-382.62958,1062.9327,545.86194,196.86035,1122.4734,552.77704,-426.20526,1062.6852,574.96875,191.74078,1099.0198,539.7568,-423.06006,1047.3134,568.85596,154.3626,1100.3295,523.4579,-373.94827,1044.2535,561.3621,169.84077,1184.0918,532.6642,-213.35307,1141.7258,531.62244,214.3122,936.9974,588.734,-297.663,936.0628,593.1434,324.9627,1006.41565,774.0276,6.716598,996.4296,757.1802,396.37762,1046.2979,795.8238,43.089233,1024.9548,777.95703,396.6476,929.193,837.5182,55.76551,953.321,814.3508,387.27805
hamstring_stretch_39163.jpg,1042.1312,366.27316,-281.26624,1049.4331,339.16623,-252.20656,1048.3026,335.23383,-252.14856,1047.4248,331.23343,-252.40088,1046.9828,343.66223,-320.07352,1044.0404,341.2142,-320.2055,1041.1298,338.93317,-320.46918,1022.27783,307.84738,-136.6055,1013.72546,315.33838,-440.333,1016.45715,367.19623,-237.15831,1013.6112,368.64218,-324.687,935.87476,331.7184,38.066082,885.62286,380.56653,-558.59827,854.9785,457.1016,147.43033,755.489,510.47632,-584.40027,869.9009,577.20544,192.32913,820.818,665.575,-490.9025,875.6059,603.3428,205.53876,832.5726,705.423,-539.0029,883.7445,608.7032,170.11926,866.1495,700.5726,-529.85913,878.8813,602.39685,173.88623,863.10315,686.51404,-486.47342,779.6999,542.5014,214.34818,724.4963,578.456,-214.12791,1023.907,540.91956,260.0485,1016.12823,645.95374,-262.47104,1032.7771,708.6909,422.5505,1164.9012,859.0185,-131.49594,1023.8421,745.49506,431.6984,1166.5742,903.8862,-123.79509,1101.5852,716.4025,404.7441,1305.5093,864.5346,-222.78867
hamstring_stretch_39163_flipped.jpg,867.659,355.98477,-267.04227,862.474,333.20026,-326.43823,864.8635,331.8954,-326.5866,867.2887,330.50247,-326.6961,862.56665,328.43985,-259.87372,864.15607,324.80197,-260.08337,865.8747,321.20645,-260.14774,894.25354,314.2494,-487.01776,894.6261,301.7977,-188.44803,895.09576,360.94226,-320.00348,893.3721,357.25372,-233.06961,1042.6105,385.12085,-571.5146,983.78906,335.85373,-24.313822,1155.8359,544.7214,-580.3343,1069.7786,488.35248,27.820068,1104.3073,657.9889,-539.1649,1043.8253,610.50116,-115.99869,1094.5798,693.6051,-614.9365,1035.4056,639.24,-118.42394,1076.5466,676.61237,-606.6053,1020.62463,645.8176,-169.05534,1080.6759,656.43365,-535.53827,1025.136,636.06866,-142.07132,1169.7288,590.45874,-177.13553,1122.7301,533.0121,178.73677,938.5046,660.62067,-184.79286,929.4379,546.1158,162.28273,816.35974,845.4907,-2.4832213,927.49176,721.0213,250.78423,828.078,881.5599,13.485051,946.08527,753.49457,252.5726,681.3688,862.6681,-52.55409,851.22174,758.9788,228.09096
hamstring_stretch_39409.jpg,1107.2017,453.1626,-112.11477,1117.7549,433.82062,-87.52871,1115.86,430.77606,-87.55688,1114.229,427.74097,-87.57974,1118.4148,434.9097,-150.03632,1117.4066,431.50043,-150.05574,1116.3622,428.16135,-150.03789,1095.5769,405.5184,22.982044,1099.5942,404.92764,-260.49344,1083.5807,450.93298,-67.35603,1084.9932,450.0587,-148.53639,1010.4119,417.99106,206.09825,994.21967,441.09265,-427.4201,964.8905,533.04584,225.89307,901.1716,571.25586,-486.88025,967.9804,658.3651,55.761784,942.1731,706.9095,-368.85828,970.7799,693.7967,47.01471,949.5485,743.69934,-418.5708,972.1866,696.6381,-1.3199128,972.07526,743.4563,-394.41476,969.8495,685.6379,29.355757,968.0674,730.39966,-358.35138,857.61804,606.5266,210.42473,827.9461,629.05676,-210.00746,1069.8727,626.5814,291.47598,1080.6357,678.15497,-255.52792,1113.7963,784.12616,452.1793,1205.5981,873.6765,-163.15977,1108.3567,820.54047,460.2377,1200.5433,922.4782,-156.20927,1170.2456,774.0884,410.2764,1326.0074,865.17053,-233.11671
hamstring_stretch_39409_flipped.jpg,805.5355,438.0433,-291.8253,801.5117,419.437,-343.50504,804.06036,417.70557,-343.6573,806.5701,415.92154,-343.67477,800.45154,417.36658,-278.2384,801.74744,414.93527,-278.38324,803.1284,412.66467,-278.64456,831.9602,398.995,-475.48126,828.9002,395.70602,-179.0716,830.29144,438.68643,-334.8172,828.08527,438.0414,-248.69829,955.1833,454.17526,-530.9644,909.13293,404.19647,-22.317926,1037.0966,591.58887,-517.4339,971.809,514.45404,79.94352,978.2151,712.7087,-417.4767,953.0628,590.5525,7.0850625,965.21564,747.3783,-467.008,948.1675,605.84534,7.03458,947.84705,734.5964,-458.90665,935.478,613.323,-32.125225,953.777,717.6857,-408.70026,941.08704,608.4041,-11.151658,1076.5565,645.43176,-168.60709,1033.0963,594.09357,169.33517,870.23303,710.1667,-213.51094,863.2119,609.3884,50.766117,738.54346,864.80176,-51.477448,815.5399,777.4128,115.422676,738.5059,896.212,-39.85549,821.41895,810.3667,115.15108,634.2966,864.946,-158.29678,752.64197,800.4211,32.083675
hamstring_stretch_41384.jpg,1079.9236,426.43164,-177.03493,1088.4863,406.5505,-154.45042,1086.1813,404.25708,-154.47046,1084.156,401.94833,-154.45389,1090.7917,407.96564,-217.71063,1090.0089,405.26938,-217.75414,1089.271,402.68588,-217.77698,1064.0596,386.31894,-46.168167,1071.9507,386.44327,-336.7077,1056.748,429.27173,-134.50256,1058.8895,428.35178,-217.07933,983.4579,404.98288,164.50307,967.23267,439.18497,-522.5255,949.3586,498.45554,284.09897,877.21564,567.3332,-614.0356,984.9075,602.90704,304.15707,918.6913,696.35345,-590.80176,999.1366,635.31226,338.334,925.42267,731.03625,-666.8537,997.8257,638.4994,284.26218,951.9207,731.40497,-640.4717,990.91644,631.7081,280.4485,946.4915,719.70074,-583.06555,866.7684,616.0497,222.86171,835.96136,646.7179,-222.6732,1073.9266,613.53357,310.95703,1066.93,664.61914,-293.0111,1103.5536,789.8962,426.68185,1173.1265,861.6567,-244.82225,1088.7526,826.363,432.60904,1160.7827,910.06085,-241.01996,1170.9746,812.82367,405.5234,1290.0757,867.63135,-307.0943
hamstring_stretch_41384_flipped.jpg,841.43097,421.49377,-198.72737,836.01276,402.64325,-247.9265,837.89777,401.10413,-247.83871,839.7965,399.52176,-247.65662,835.7464,400.60434,-187.63243,837.1723,398.15997,-187.7368,838.75775,395.8309,-187.92296,862.8014,384.6941,-383.45227,862.8429,380.76575,-109.08131,863.5905,423.03906,-242.40126,862.284,422.11124,-162.69873,957.6953,450.78485,-465.288,960.69446,382.8875,37.59708,1063.7854,592.6411,-485.6056,1039.6154,512.70264,85.57431,1012.02576,723.9212,-365.53296,1004.8637,614.526,-11.19876,999.9493,763.4583,-395.68088,994.9284,635.2409,-14.030173,984.1111,747.62555,-384.40414,980.1203,645.08673,-42.015594,992.8218,728.6163,-353.21213,985.59186,639.5505,-25.56022,1071.4797,668.9798,-168.13712,1061.2029,607.62976,169.12592,839.04913,698.4221,-99.658195,885.3071,607.01807,127.796745,750.3693,864.06915,155.22096,850.38873,778.3968,255.56625,761.6072,889.27203,183.41216,864.1447,805.4089,262.20105,656.7847,880.4656,152.94562,788.1858,818.0532,218.70978
hamstring_stretch_42266.jpg,1062.2502,427.98608,-113.18148,1075.8937,402.04175,-97.76323,1075.447,396.3656,-97.839066,1075.3069,390.89035,-98.03349,1072.7562,407.49124,-167.76207,1070.4434,404.89682,-167.87323,1068.0552,402.3729,-168.21915,1056.188,356.71417,-14.6772,1048.182,370.57318,-327.77502,1037.468,417.40366,-79.44688,1034.6118,422.86993,-170.02695,950.81665,355.9611,126.99749,906.6196,394.3587,-437.32037,851.6686,505.82867,124.34442,761.78076,543.61755,-352.99802,867.1846,592.8461,-65.67463,820.6528,647.5027,-35.460884,872.02997,608.69025,-91.88677,829.4572,673.23114,-52.076183,877.3118,603.08246,-112.685165,853.5806,666.15485,-55.26203,872.37024,598.25464,-85.03335,850.99426,654.70435,-29.803677,733.1183,548.13245,212.27585,685.2372,574.9442,-211.71326,1022.86273,525.8438,279.23303,998.6321,621.55817,-290.9209,997.65906,702.26105,439.85358,1082.2673,841.0739,-7.142559,981.828,732.4218,454.65277,1069.5287,876.6132,13.515115,1067.1595,714.82434,418.508,1235.8376,878.25946,-89.47564
hamstring_stretch_42266_flipped.jpg,858.44476,417.9957,-140.55324,845.617,398.9613,-198.7534,846.7996,397.19647,-198.93817,848.0394,395.29407,-198.8901,846.9121,393.13593,-129.98236,848.5759,388.3221,-130.20114,850.42737,383.4312,-130.29883,869.51733,371.10648,-379.24185,873.74585,355.77014,-66.41889,884.6797,416.40335,-201.50307,886.069,410.93002,-110.670494,1012.35913,400.26273,-496.21713,975.0936,359.03503,91.21377,1136.9338,537.8458,-464.8425,1078.9354,483.5663,117.45872,1104.2708,648.2851,-321.65387,1073.7566,603.5705,-35.942192,1100.3422,683.54913,-378.55884,1071.9539,629.96326,-37.17502,1082.1799,671.1484,-363.7691,1061.5475,637.60455,-82.76847,1083.2906,653.0285,-312.1982,1063.7852,626.6112,-60.95325,1193.0255,570.7398,-194.2268,1152.7969,534.5271,195.44803,937.9802,616.92926,-245.66763,950.98596,559.62854,175.3578,844.5116,802.0825,-64.264885,902.8838,717.08344,319.77795,859.3261,837.3251,-47.664604,915.4309,750.17206,325.3855,723.4436,815.1706,-100.178505,820.2165,734.12146,298.4372
hamstring_stretch_43091.jpg,1056.9812,370.0738,-47.042255,1068.6228,349.5378,-13.9250765,1068.4203,345.64694,-14.0298815,1068.4852,341.90802,-14.086554,1064.7941,351.16226,-85.14551,1062.6228,347.85938,-85.16433,1060.463,344.6478,-85.31218,1053.1492,315.534,110.454346,1042.9044,320.06512,-202.2376,1036.9844,364.03867,-1.2255796,1032.8027,364.353,-91.0298,961.2292,346.73663,291.84177,909.95,334.5782,-375.59225,862.4411,447.22342,335.73083,744.6166,417.78372,-463.43842,847.4778,560.82404,162.32393,790.78284,531.7547,-313.85782,846.9832,598.83026,149.00171,794.2497,563.70465,-349.197,847.4852,602.95386,100.9411,816.53345,564.5557,-334.43155,844.5293,589.0382,132.26491,817.37537,552.96246,-302.04974,763.8748,540.9472,233.37572,711.13403,547.74677,-232.68584,1016.17725,618.08453,295.86066,1001.67505,644.0468,-290.42587,896.9041,772.60535,455.2974,916.8796,804.4629,66.908875,863.4835,781.581,460.49268,887.425,813.9668,111.491714,916.15137,848.5517,457.69263,966.845,873.1158,166.91951
hamstring_stretch_43091_flipped.jpg,866.7938,366.31674,-69.470825,860.5337,346.0945,-109.189674,862.3039,343.26196,-109.27494,864.1576,340.3288,-109.31869,859.8042,345.0088,-42.021152,860.95996,341.6914,-42.14612,862.2871,338.35907,-42.18235,884.20294,316.73276,-229.67613,880.9136,316.0179,74.913124,889.54553,364.1994,-110.252396,888.5539,363.55692,-22.32578,1009.6688,330.83856,-383.35526,967.8793,354.42224,256.6321,1158.8228,402.79245,-403.49728,1089.1399,433.74716,306.76068,1136.5156,528.137,-242.65443,1089.9985,530.50885,103.1772,1137.0449,563.2971,-282.40164,1091.1481,558.0554,75.34578,1118.0061,555.2202,-287.26974,1078.8368,552.7343,34.958305,1116.4663,540.306,-237.4945,1075.7333,544.26227,72.38182,1191.5728,530.0154,-203.96765,1147.9241,525.8656,204.77333,943.522,589.2074,-258.57532,930.0531,603.49426,287.1464,1033.4596,768.8485,73.107864,1006.5255,763.6875,371.99863,1072.6862,781.09216,111.48691,1036.0802,775.9749,373.6491,980.74493,840.21405,156.67075,981.72845,832.18414,368.492
hamstring_stretch_44192.jpg,1092.5807,466.6987,97.994514,1106.9907,452.56863,115.85772,1106.3667,448.33478,115.84744,1105.8987,444.29968,115.83441,1104.7106,455.16852,49.358902,1103.3253,452.6643,49.689568,1102.1317,450.28717,49.489014,1093.7522,420.3084,211.86572,1091.691,427.1747,-91.23354,1072.3743,457.22803,137.18002,1071.3706,459.7648,51.006317,1004.9805,394.2654,355.81155,1007.5923,434.7768,-268.72607,890.5672,463.98428,406.96762,885.98834,506.9365,-146.34343,889.2793,515.04724,269.58337,921.9267,512.6657,285.93182,874.6322,529.97736,243.8362,924.7323,512.4768,290.99472,885.51135,518.79645,227.40594,933.0979,504.69073,285.4742,890.39374,513.26086,253.95679,931.37836,500.7637,292.77118,781.7769,494.70337,243.08987,754.2688,514.4929,-246.4884,1005.76263,571.9885,182.71446,970.1041,611.3433,-296.8878,985.9171,755.4681,262.6279,1001.702,809.0776,-163.52827,959.9771,786.4769,263.6302,980.18176,847.4889,-154.74345,1038.2408,779.86945,195.91373,1092.389,834.539,-239.25166
hamstring_stretch_44192_flipped.jpg,833.0543,468.0113,30.030863,813.97614,455.8611,-24.201025,813.6774,452.85043,-24.278358,813.4131,449.75522,-24.271793,814.8418,454.74045,41.12493,815.1794,451.8291,41.115643,815.6495,448.80386,40.79291,823.12177,427.42444,-164.12393,826.34326,427.67926,127.09092,853.21,461.23608,-15.447582,854.5935,460.7955,68.71643,911.63904,429.08688,-314.90805,927.4346,410.82883,287.7393,999.99335,513.7494,-256.45566,1021.28,469.58246,251.62857,936.62866,498.2403,161.20546,990.1041,480.51373,-38.00402,919.59827,493.49286,165.53645,982.2625,487.29074,-64.886055,909.1776,481.39386,167.1889,974.30914,476.82816,-76.356384,916.1498,479.61438,173.39934,975.9058,472.44473,-53.380566,1165.0945,524.45544,-218.23244,1157.7107,514.6098,218.51202,946.0835,620.21063,-218.84413,961.199,620.0552,200.57594,897.6536,810.97516,-76.61809,907.98944,790.8801,318.2998,914.3531,842.6069,-60.77757,920.0831,819.7407,321.18143,814.8057,839.5486,-131.7588,836.76154,820.4055,242.46068
hamstring_stretch_4687.jpg,1066.7485,344.63382,-41.843224,1074.916,320.22717,-5.744456,1074.3259,316.5914,-5.8609424,1074.0784,313.10965,-5.8864646,1070.6732,321.05597,-79.38961,1067.7031,317.39157,-79.33782,1064.7859,313.84995,-79.46273,1052.6117,290.06384,137.13567,1040.3588,291.7119,-185.92029,1044.5334,343.80048,11.317544,1039.2057,342.55713,-81.18302,956.5749,339.9085,337.74762,914.33307,315.4597,-369.35114,872.6856,439.63074,483.02798,752.5605,363.39365,-582.0715,866.7966,575.15027,429.66162,803.02234,502.50195,-609.63477,867.8913,617.88696,443.91754,804.5604,536.8686,-666.9167,864.4407,617.0849,386.141,829.36774,544.89905,-630.621,862.47314,603.0742,402.73666,828.3376,532.94104,-592.56573,750.5514,533.34924,238.66014,706.44727,532.8622,-238.31424,1022.279,602.30304,259.02747,1018.2299,610.1216,-295.2603,927.36584,781.68243,424.13623,942.97253,794.0435,-19.640547,885.8262,792.8381,436.29938,902.52203,807.42285,15.771416,973.71826,881.53424,436.95804,1012.42426,887.4275,54.070694
hamstring_stretch_4687_flipped.jpg,853.5524,338.841,-123.05676,851.3209,315.86084,-155.82745,853.9698,312.0287,-155.77031,856.6914,308.0861,-155.78151,849.147,318.0175,-84.60726,850.07043,316.13812,-84.771255,851.20306,314.38733,-84.76239,880.9655,286.9614,-246.43329,872.2582,297.2283,79.949066,878.8388,338.30905,-153.94911,875.45337,342.17432,-59.518238,999.03784,305.7518,-428.79706,963.4293,349.8035,302.78293,1161.8079,334.50363,-654.36475,1084.5905,420.35104,424.26718,1133.6727,497.67053,-685.5069,1087.4171,524.6271,314.51508,1139.2264,547.7111,-737.0616,1092.7848,557.6543,322.88718,1111.2273,541.4032,-732.1697,1079.3258,554.0371,277.7271,1113.4833,521.9598,-676.7247,1074.6095,545.9926,288.15567,1179.4302,519.73663,-232.57005,1136.9427,525.8184,233.42476,926.5484,590.3522,-273.5902,914.706,596.84436,303.5806,999.90466,771.16406,82.75812,975.79535,768.5565,370.98846,1040.9957,786.61896,124.66275,1007.44995,788.03436,371.40005,931.9756,841.38654,154.21681,932.9393,833.00745,349.8995
hamstring_stretch_49742.jpg,1043.5703,402.12714,-150.81699,1052.1433,383.81882,-127.735146,1049.7985,382.58963,-127.726425,1047.7196,381.26285,-127.7118,1054.0017,383.1645,-188.79596,1052.5442,379.80704,-188.86667,1051.1107,376.58694,-188.83144,1027.0554,370.29694,-17.855398,1032.8441,362.47214,-300.0322,1021.1515,409.81155,-105.51971,1022.09326,405.6131,-185.68863,937.86926,386.2825,203.83331,932.6256,421.9314,-468.7127,910.3712,479.8769,416.64185,854.78687,571.6173,-538.62024,991.14856,575.643,579.2885,916.2488,697.0703,-516.59863,1016.85126,606.79803,646.0436,925.011,736.27844,-576.8493,1019.7884,610.7366,594.28204,952.4824,729.2917,-559.78955,1008.4411,605.06506,561.8638,946.4037,716.76544,-509.29163,847.35016,609.65204,218.79398,820.9642,642.92255,-218.55032,1046.6815,636.61804,286.97974,1034.2905,679.0387,-250.14299,1113.3906,791.47394,445.21997,1165.8003,840.5774,-155.06482,1107.6211,825.3928,455.2034,1166.3248,885.30164,-147.56154,1175.3005,806.08563,418.61563,1263.9274,838.4248,-202.62743
hamstring_stretch_49742_flipped.jpg,877.5225,391.46417,-463.93,875.8225,372.0335,-502.13562,880.27155,369.93304,-502.21783,884.7202,367.79834,-502.20905,870.4207,372.04767,-433.62338,869.84607,370.94867,-433.5917,869.2787,370.07147,-433.52917,909.1934,356.3694,-592.62836,890.7736,360.72238,-277.16272,902.322,395.78058,-491.97098,893.7867,398.24457,-399.78058,1007.86,427.9663,-684.71014,965.75916,377.23978,-39.738304,1077.8751,576.97797,-776.64685,1006.6405,507.20297,159.40096,1008.04175,717.4894,-747.84937,952.17017,582.7372,218.42415,996.2835,759.8069,-820.792,937.73926,602.25726,259.76752,977.66327,743.1464,-809.35406,920.7284,603.3002,201.4312,984.61945,726.88837,-736.404,925.8793,600.38367,197.18127,1071.492,662.3162,-192.96133,1041.0488,611.7349,194.00107,891.9236,711.7101,-173.63826,889.57996,627.44055,232.08083,727.6964,840.64465,-18.034588,845.32117,779.2266,415.0621,716.7339,878.1554,-8.553543,851.47784,811.1976,429.0116,621.48065,824.952,-128.88669,778.9792,804.83563,356.49866
hamstring_stretch_5489.jpg,1063.961,555.7569,-229.82697,1088.2402,540.3245,-213.73605,1089.7844,535.71405,-213.73709,1091.6581,531.40314,-213.89478,1083.7927,542.8241,-283.7332,1082.9437,539.1041,-283.89465,1081.8784,535.3453,-284.17593,1085.221,494.82965,-104.182495,1074.3666,498.97324,-415.7133,1044.1187,536.8533,-182.37361,1039.6022,537.9944,-271.83676,1014.77466,460.07037,101.65453,944.4269,472.7774,-490.06503,894.3501,568.62836,250.70415,795.2755,588.1973,-327.77722,918.3651,639.8045,141.7435,874.0453,667.6032,56.519577,926.18854,655.9181,107.95332,886.2312,690.1337,44.0016,937.4623,651.71814,80.60594,911.44684,683.7691,21.950237,927.48035,645.034,118.07446,906.0449,675.19354,56.42162,787.8249,511.9463,186.78542,725.3982,511.799,-187.02092,975.3101,628.5487,-12.22687,908.95435,666.4976,-289.14084,1023.0279,798.37396,-54.480236,1011.3744,841.55865,-283.4721,1009.33044,835.2373,-64.919365,1008.8032,880.3337,-290.2245,1122.2367,818.2539,-150.7637,1132.7124,866.8555,-429.0761
hamstring_stretch_5489_flipped.jpg,863.1449,553.6286,-302.67404,845.16003,542.93964,-354.56,845.85657,539.9566,-354.7123,846.45105,536.83405,-354.59668,841.824,541.026,-286.17575,840.22363,538.0522,-286.1053,838.855,535.02637,-286.22116,853.1973,508.2394,-481.47943,843.3583,505.10797,-166.9926,883.37823,539.8471,-340.33902,879.9892,539.4588,-250.18484,958.7531,477.01602,-529.59155,905.4803,468.402,73.03955,1079.1404,573.092,-417.76773,993.76337,538.194,312.92294,1038.6184,658.07825,-121.72909,1004.2647,626.482,376.93417,1036.5803,684.2933,-156.19319,1008.2276,647.21625,407.58612,1008.1715,675.85394,-149.0115,1001.4512,647.204,357.107,1008.9752,663.98944,-110.053955,999.322,640.41864,358.19507,1148.7196,511.08865,-189.5254,1110.119,509.47043,190.18893,1007.78186,661.76575,-252.10487,985.0896,640.09515,81.97984,898.2056,812.1145,-205.55615,884.3011,802.66235,205.56702,898.84924,841.9271,-207.8329,888.3221,840.3862,208.5535,809.4299,825.97144,-385.99423,796.9869,808.8151,69.53623
hamstring_stretch_6072.jpg,1090.0875,465.96814,-17.156193,1105.9761,445.39423,2.7900004,1105.9897,441.12595,2.8416722,1106.2112,436.97055,2.6246529,1102.8085,447.56183,-61.96772,1101.1498,443.95712,-62.08738,1099.506,440.40997,-62.201206,1093.2986,410.09448,83.37652,1085.8962,414.07172,-199.14851,1070.1716,459.0471,20.20013,1067.2472,460.33154,-61.98787,992.91034,404.15894,265.0524,987.93756,440.7594,-348.80814,929.30396,540.1705,379.21802,905.7234,593.5075,-362.14087,892.68835,663.42426,353.69113,883.1339,744.78973,-183.2358,885.87665,689.3403,365.84235,874.56726,776.22644,-209.67578,887.34015,692.79486,328.49854,891.41394,781.1715,-187.31999,886.6405,686.5808,335.17715,891.91693,770.4147,-170.11392,768.1183,534.4392,195.98322,755.9323,549.79047,-195.37508,984.7284,620.4651,236.67767,990.4809,597.2252,-158.72256,993.04724,788.66144,422.10672,1000.9305,783.0951,117.34682,979.8736,813.6206,434.80563,979.9806,817.69293,142.9691,1043.6981,821.96796,370.40155,1078.602,810.6648,83.60762
hamstring_stretch_6072_flipped.jpg,831.0035,457.1438,-29.277119,814.4696,444.34552,-87.584206,814.20667,443.08752,-87.70222,813.9596,441.67685,-87.67404,816.28656,440.45493,-26.284575,817.3408,436.50348,-26.223637,818.5676,432.43893,-26.417892,824.7368,423.23114,-235.29329,830.85925,411.7134,38.292835,850.36273,455.71252,-75.71528,852.6978,450.8067,3.4693239,915.1402,447.0255,-375.30225,938.71155,407.4851,233.58995,998.7789,549.2116,-251.54852,1018.36005,518.2422,331.77472,986.3651,565.89355,192.31662,1021.19806,609.2123,203.7147,980.98114,569.4404,190.36366,1020.46063,634.4396,193.74698,976.12665,562.93634,188.49586,1017.23157,625.40576,166.84102,980.3311,558.95294,201.91331,1015.59863,617.19,184.67224,1163.4845,538.6229,-201.90198,1158.4591,515.30884,202.44218,948.13275,620.56134,-215.76357,954.4544,596.5614,238.75,967.0063,783.7966,-8.61235,933.56573,759.65393,394.35858,997.31335,804.14777,11.397689,950.2344,788.7557,398.79572,883.14233,829.6446,-44.06979,859.65753,792.36035,332.91388
hamstring_stretch_8047.jpg,1032.494,380.45874,-236.3772,1040.9983,359.62256,-218.30966,1039.8947,359.46014,-218.2645,1039.026,359.22885,-218.26195,1039.8522,357.31854,-271.59744,1037.2407,354.113,-271.6625,1034.7059,351.06076,-271.71472,1017.0027,353.44046,-111.09245,1013.7455,341.3197,-353.88638,1012.2193,393.32568,-189.40126,1009.86053,387.82602,-259.30347,923.08984,385.22424,118.7709,919.8933,424.4608,-490.08563,891.18945,484.80334,410.03708,870.6597,593.2796,-549.0911,984.22015,554.66595,619.1327,945.6687,719.73975,-517.77747,1011.2439,582.66315,672.6221,958.841,761.2828,-577.65204,1014.1421,578.9784,627.34644,981.70886,747.3073,-569.1019,1002.1336,575.1367,606.38306,974.80536,733.00433,-512.6865,858.9359,607.1947,199.75642,839.5959,645.7283,-199.62646,1005.12634,632.567,277.1775,1039.9901,710.919,-275.75522,1033.1301,783.9644,449.86932,1173.9785,852.3971,-201.0681,1020.4111,817.5678,463.82022,1168.9646,890.7797,-193.64336,1093.2017,814.57733,445.98535,1285.1642,861.70654,-244.41032
hamstring_stretch_8047_flipped.jpg,876.8355,377.63568,-218.10947,874.35504,358.6255,-261.3383,876.4778,357.59738,-261.2868,878.6551,356.50952,-261.20587,874.8636,356.15604,-204.4716,876.2495,354.2063,-204.45013,877.7132,352.40005,-204.45007,901.06714,348.77002,-378.43973,900.5157,344.3501,-116.18691,896.38293,385.65274,-256.2954,894.8468,384.43542,-179.9458,991.7816,427.55206,-464.90323,978.6511,379.73618,66.402855,1054.5353,584.45593,-505.09402,1007.0985,511.90067,203.73654,978.9846,720.4525,-406.82468,945.2137,585.5392,154.72353,964.97943,756.4911,-444.9301,930.0645,600.1591,170.3828,947.1677,745.19495,-429.4196,914.28265,599.70654,130.30525,954.38617,729.2115,-392.54733,921.2312,598.1305,137.57527,1078.2673,652.94183,-168.46107,1063.849,604.70105,169.30226,861.5319,695.51965,-177.6079,894.7183,612.1534,107.09441,736.16864,853.98016,-30.78199,857.4891,773.9898,254.14015,737.61414,891.2722,-19.109943,869.1894,804.0285,263.38116,633.6579,853.24115,-105.518524,791.6444,805.87146,197.33893
hamstring_stretch_9803.jpg,1072.594,506.52548,-24.14926,1090.4833,496.92288,-12.061996,1091.7212,492.67755,-12.130539,1093.1099,488.63794,-12.347982,1087.1495,500.23492,-72.71292,1086.9866,497.72998,-72.7716,1086.7051,495.2268,-72.960884,1090.7808,463.14832,49.712036,1084.6222,472.86835,-223.5295,1058.9021,493.28568,1.657059,1055.7085,496.02286,-76.75543,1013.9002,414.1066,202.17043,1002.71906,466.2577,-362.79657,892.2317,463.66833,267.29944,868.55914,531.299,-163.94089,873.04553,527.0127,226.78418,879.80414,558.1579,301.70474,861.9002,539.6834,230.50473,878.71655,561.2918,322.98102,866.4353,538.2278,215.12877,886.7771,561.33417,322.07538,869.6116,534.27637,212.80466,885.46216,559.1578,312.52078,786.8119,484.2163,198.78842,768.7372,501.63907,-198.52002,978.44684,593.38293,124.35638,968.74384,599.67365,-234.33714,932.1916,767.4389,248.32558,946.17645,754.4325,24.795332,910.6246,789.27423,256.2661,923.7065,777.7072,43.603947,971.7705,817.9128,198.65215,1017.3176,795.51294,-16.11941
hamstring_stretch_9803_flipped.jpg,842.18176,507.82736,-98.33501,823.9448,499.19873,-155.63008,823.60486,496.85645,-155.76573,823.2116,494.4664,-155.75345,823.6432,497.30624,-86.20606,823.09454,493.8522,-86.29317,822.6586,490.34445,-86.656746,828.6294,469.52682,-289.1054,827.57947,465.87418,22.940533,859.7135,497.41565,-142.74365,859.961,494.81287,-52.23876,922.0117,453.6859,-395.25458,906.21826,436.9767,185.86104,1027.0249,526.1428,-274.69003,1007.9464,485.7378,118.20291,1014.2306,549.91315,148.40385,993.03577,532.3292,-250.69539,1011.7872,556.68695,156.29439,985.3269,547.8957,-309.7424,1002.22046,550.3973,136.0834,983.4779,541.1254,-313.18835,1001.6771,547.29034,152.46648,985.572,534.35175,-267.69254,1161.7946,508.03284,-205.18677,1136.7643,500.07504,205.4673,947.61346,636.7683,-240.74155,939.36206,615.8413,91.51066,953.6713,812.47284,-106.61684,942.732,796.51166,150.08783,976.8529,828.29846,-94.125,961.7293,824.8267,140.99275,882.3461,864.5888,-207.00153,884.5166,829.99445,13.830033
