hip_hike_left_11383.jpg,991.86536,356.29187,-497.69086,1011.1343,334.26303,-476.70706,1019.9247,335.90192,-476.58682,1028.8885,337.38092,-476.55032,987.8294,328.82553,-477.4402,979.61926,325.7774,-477.01404,971.38525,322.94543,-476.74554,1042.8273,342.40854,-248.2885,960.93164,321.67566,-244.98799,1004.2826,375.5973,-402.37018,974.1219,367.31033,-401.42175,1088.6909,422.31195,-68.11303,885.6916,389.7393,-66.25941,1123.0817,536.5367,-103.078995,817.6341,501.85095,-87.86541,1141.4486,629.50464,-507.14423,810.3945,592.1161,-475.1999,1159.0028,666.71277,-609.9084,794.16003,625.3787,-567.6859,1139.2021,659.1824,-658.1426,822.98553,617.50055,-625.63074,1124.3899,648.5261,-533.26465,838.1531,607.9365,-501.30414,1016.36115,651.19794,-0.95076966,900.6727,644.7827,1.7108009,1078.9316,699.1689,-722.2124,847.7963,700.18024,-665.5121,1019.0,910.85034,-538.1301,809.6026,942.88574,-474.09616,1008.7373,921.78827,-525.4363,819.48376,965.8543,-464.93488,979.0122,1022.8025,-772.67566,785.0393,1058.5947,-703.2744
hip_hike_left_11383_flipped.jpg,925.1805,360.06412,-606.53156,935.21704,333.24527,-587.9435,943.43524,331.99832,-587.89655,951.8295,330.5382,-587.82983,911.97406,335.1206,-588.1316,903.44244,334.73914,-587.73456,894.95685,334.55945,-587.56744,964.4453,328.35175,-362.16226,883.70447,333.18582,-357.0056,940.9333,373.24338,-512.2255,911.9793,375.01068,-510.32352,1042.4174,393.61942,-160.80475,833.6564,420.3159,-152.06346,1114.9215,482.08728,-87.052025,803.459,544.1789,-175.58049,1118.1666,586.1138,-397.2223,784.87195,634.6895,-578.74524,1130.0304,621.0374,-488.96234,770.6463,666.127,-679.31134,1102.9706,615.87305,-538.0486,789.2815,654.64,-739.0092,1092.4113,607.1908,-421.21298,805.93994,646.4718,-610.60675,1024.7726,634.712,-13.131934,908.3624,650.1316,13.693722,1092.1387,713.57355,-696.9431,862.3599,717.9172,-691.34766,1108.7559,937.6285,-483.14105,891.75146,934.6284,-516.7215,1105.901,960.5945,-473.54626,903.974,953.7939,-511.03415,1099.399,1031.9639,-764.1927,914.58026,1029.2441,-785.7051
hip_hike_left_12239.jpg,1078.3818,274.5238,-472.3757,1089.9003,257.85522,-433.71118,1097.7897,258.56537,-433.76407,1105.8855,259.103,-433.7783,1067.1008,256.36267,-434.95062,1058.6548,255.6575,-434.68323,1050.1927,255.13916,-434.42932,1113.1859,274.21353,-221.52798,1035.9292,268.18802,-214.97656,1090.4563,299.88785,-392.94104,1059.3722,297.1419,-391.1907,1161.4982,401.6159,-93.68682,950.5427,370.9673,-81.04864,1209.194,534.9122,-50.76638,868.79474,495.55566,-23.447662,1186.0085,645.5433,-256.76086,852.0477,611.98285,-203.65706,1187.5381,683.1169,-344.8705,837.46466,647.99695,-265.66254,1161.5488,674.77765,-379.41904,863.3623,643.0404,-313.40997,1154.815,662.9406,-276.33792,873.6019,631.7392,-223.98906,1075.4344,633.6067,-5.7760715,957.5084,620.79987,6.6087613,1146.6771,657.319,-709.9426,917.4702,664.3542,-679.11163,1103.596,897.01587,-496.60715,886.60657,900.9943,-459.19354,1093.2291,917.45966,-482.72925,897.44116,927.0877,-446.93454,1086.0804,1000.9981,-725.8549,856.46954,1002.7395,-684.4273
hip_hike_left_12239_flipped.jpg,839.9352,271.7315,-536.5916,851.6645,252.12886,-499.76984,860.0784,251.34319,-499.83524,868.63074,250.31229,-499.81442,828.7132,254.85175,-491.74033,820.6349,255.51317,-491.4469,812.58325,256.37854,-491.34613,885.05176,262.34122,-274.1894,807.67365,270.27097,-238.87868,860.07465,293.9499,-453.7114,828.98535,296.87308,-443.97372,969.8241,368.39142,-145.69423,759.5835,395.46198,-81.60976,1060.5865,490.9789,-144.83572,720.61755,536.2643,-100.28635,1064.1766,623.0452,-375.7468,728.7423,647.7104,-446.85718,1072.0371,663.68286,-468.10767,723.6294,685.2162,-543.653,1045.5194,662.2402,-496.11328,741.846,670.0707,-592.19934,1038.3307,650.1851,-392.83078,750.7241,658.54913,-473.5685,961.9575,613.0822,0.20464487,843.9452,630.91656,0.74062526,1019.90753,626.4987,-720.758,785.13855,665.9949,-735.9703,1035.2188,872.8911,-446.30377,837.69183,906.1025,-489.62186,1023.1319,896.9581,-427.4604,852.9969,929.8347,-474.45407,1059.5443,989.85547,-692.81384,862.1444,1013.31445,-740.29376
hip_hike_left_13416.jpg,918.02814,257.36734,-513.5542,928.73425,238.35535,-468.27597,936.4232,238.95206,-468.2161,944.3106,239.38206,-467.99158,905.03973,236.56981,-479.34967,896.1137,235.51266,-478.83,887.187,234.64464,-478.74817,948.62354,248.9824,-191.02887,868.1182,242.28693,-239.74898,927.70294,278.44324,-407.86993,896.6007,275.53787,-422.16638,993.8357,347.06064,-42.942513,798.3693,346.88025,-85.935165,1055.9955,460.44647,-149.8509,751.87695,476.48386,-221.43338,1093.8973,562.0861,-606.7095,726.14307,573.56964,-654.5545,1114.1796,595.0294,-720.4363,710.76245,601.4706,-764.09863,1088.758,587.1783,-764.26416,729.60767,592.1849,-812.2684,1075.8364,579.2583,-635.91406,744.4183,585.54724,-683.03436,964.4045,593.8519,14.084642,852.99915,602.4153,-13.157354,1000.92566,673.0896,-797.97626,854.655,688.03094,-771.6991,988.1512,891.47797,-615.2545,827.555,906.5513,-560.77203,980.8268,915.28503,-607.89374,827.3335,930.5282,-551.0889,972.1954,980.267,-884.2116,836.828,999.13434,-800.02673
hip_hike_left_13416_flipped.jpg,1007.4426,256.9558,-545.4027,1017.9844,237.25928,-503.5632,1026.2507,236.22075,-503.5298,1034.7804,235.02466,-503.27167,994.3549,239.7396,-502.4898,986.00806,240.31602,-501.95828,977.69934,241.08754,-502.00314,1049.6165,243.6521,-251.68922,969.66486,250.648,-246.80711,1025.9523,275.40094,-451.80048,994.6577,278.29382,-449.78897,1113.5265,341.2872,-105.23671,926.81805,357.167,-125.572044,1169.7246,449.6214,-243.8373,893.51355,481.8431,-301.55353,1195.722,557.6688,-706.7934,833.72064,570.8594,-782.0415,1215.5739,593.04034,-817.67194,809.87274,599.47906,-896.7965,1187.1287,584.8955,-862.6902,819.33295,585.4849,-943.6771,1175.057,575.0305,-736.96735,835.2965,579.4142,-815.8759,1070.31,599.10223,7.430641,961.6181,603.2012,-6.3425374,1078.1707,698.7611,-733.2175,942.1998,672.7836,-754.0553,1075.3152,905.90717,-431.58365,927.7288,869.49854,-456.22244,1070.5736,932.69385,-417.61667,934.4575,896.0884,-441.82993,1064.5278,986.6134,-717.9096,921.31683,947.0481,-705.8282
hip_hike_left_1420.jpg,926.4288,255.34097,-438.2984,938.1406,238.09718,-390.44467,945.41516,239.43507,-390.37292,952.877,240.62135,-390.1781,915.0941,234.31903,-403.04294,906.58386,232.46725,-402.56943,898.0948,230.83022,-402.33813,956.07446,250.94739,-109.679405,879.7931,237.80699,-160.16217,934.2728,278.31418,-332.88113,904.8024,272.8459,-348.20718,997.5674,353.4786,50.626076,802.5894,344.6676,1.8256534,1046.4933,465.83353,-50.89355,758.9758,477.50723,-90.87626,1098.0945,558.8334,-544.57214,726.10394,577.1744,-519.49194,1123.0509,587.77234,-657.324,708.07214,606.3325,-610.9372,1105.4373,577.56067,-708.69226,726.2788,596.768,-675.22687,1090.8213,572.5356,-579.22284,742.4065,590.43976,-550.62164,964.85254,608.85004,-3.0719428,850.2511,612.1967,3.833551,955.58575,668.88086,-796.8278,847.3091,683.8907,-711.1587,976.878,899.4505,-771.482,832.0035,914.8621,-639.51514,978.4583,927.5608,-778.9893,836.28436,942.86005,-642.80756,960.6715,985.8955,-1045.625,839.1951,1010.2505,-877.9099
hip_hike_left_1420_flipped.jpg,992.6223,250.72485,-476.86005,1004.95984,230.64717,-426.4346,1013.749,229.32458,-426.37527,1022.7499,227.81964,-426.14493,980.82,234.25285,-424.3097,972.5031,235.16354,-423.75894,964.19995,236.28908,-423.85507,1041.6489,238.32816,-155.68355,959.1998,248.66724,-143.67027,1014.57,269.9986,-380.6582,981.07556,274.16003,-376.85178,1108.3801,337.5645,-16.925022,926.28125,358.72925,-32.31211,1165.9147,442.26437,-176.43163,893.2403,477.13702,-285.0694,1198.6466,558.70886,-702.301,823.2383,567.1975,-807.24274,1223.5525,598.3164,-825.6184,794.42334,598.1474,-921.97473,1192.8263,591.08923,-873.3191,800.7189,582.50745,-970.1278,1179.5643,579.747,-736.2481,817.504,575.3255,-843.23566,1072.2358,603.38995,15.746224,959.40625,610.1101,-14.567377,1099.2308,682.5259,-738.8969,945.7235,662.2374,-780.5388,1099.759,889.9255,-545.8176,937.936,884.342,-606.2301,1097.9253,911.62915,-542.6122,944.6195,914.23755,-605.6277,1074.2672,983.5297,-876.6334,944.0524,967.30536,-904.459
hip_hike_left_14368.jpg,1080.2494,274.33234,-461.2919,1090.9437,257.33597,-422.45428,1098.6809,258.0104,-422.52444,1106.6272,258.51297,-422.57147,1068.2509,255.90746,-425.50806,1059.7056,255.22662,-425.2137,1051.1378,254.74318,-424.96838,1112.4733,273.31226,-215.06984,1035.634,267.70218,-215.95903,1091.6373,299.61383,-384.2396,1060.7351,296.9858,-384.65442,1159.9331,401.17752,-91.428444,946.60406,371.9061,-98.40123,1207.026,530.64514,-54.880466,869.6166,500.9211,-43.01278,1192.319,638.8213,-283.33276,853.6993,626.9929,-209.07556,1195.0612,677.54553,-374.34326,838.84985,663.98395,-263.721,1169.9333,667.96674,-410.12585,863.89417,660.6678,-317.99118,1162.5548,655.71564,-303.79053,875.6868,649.3865,-231.0786,1074.3876,630.252,7.7812867,955.2249,619.1976,-6.995464,1157.7463,655.2626,-696.2974,931.0753,661.02356,-724.22015,1101.8237,896.6372,-489.992,889.7859,893.23285,-491.44867,1087.4613,915.9436,-476.6256,894.3549,917.6856,-476.74097,1086.4387,1001.74054,-720.4837,871.2935,993.91,-714.6856
hip_hike_left_14368_flipped.jpg,842.6064,275.57864,-499.70673,854.69965,255.15224,-465.53625,863.334,254.30403,-465.63647,872.12085,253.23163,-465.57712,831.71075,257.92245,-453.54315,823.65015,258.66144,-453.16046,815.6149,259.59332,-453.08383,889.4389,265.10516,-243.17679,811.2269,273.26544,-192.119,863.1695,297.62418,-418.11273,831.48883,300.79013,-403.7561,975.21136,372.07162,-108.85188,760.8274,401.3827,-49.972797,1049.6146,493.95462,-119.753876,727.23175,545.7176,-163.89407,1072.8585,619.1841,-412.16223,725.7587,640.36993,-603.2341,1088.0933,658.51154,-506.15903,719.0913,675.2824,-714.3474,1065.2614,658.6437,-544.06866,736.46545,658.3634,-755.84973,1054.3954,647.67773,-434.4976,748.021,648.02875,-629.97504,966.1386,623.79193,-15.906801,844.226,640.6668,16.895231,1002.02203,614.7387,-765.4367,776.6908,655.554,-727.4621,1028.9988,870.09827,-529.95886,830.79987,899.702,-511.24628,1022.8729,892.10266,-512.90576,845.3036,920.8282,-497.5751,1041.0885,993.2487,-767.52637,859.8014,1010.1057,-747.08997
hip_hike_left_153.jpg,1076.3798,277.16745,-459.56097,1087.6443,259.62305,-421.10165,1095.6184,260.22278,-421.1457,1103.7888,260.65372,-421.18225,1064.6243,258.27255,-423.67618,1056.0072,257.5626,-423.38516,1047.3496,257.05237,-423.07776,1110.8616,274.9384,-207.64185,1032.6309,269.40497,-207.04953,1088.5463,302.06168,-379.4846,1057.3047,299.53055,-379.56155,1158.4966,401.73163,-82.60315,948.62384,371.2374,-73.7869,1209.5647,534.9421,-57.78543,869.74976,496.447,-20.597857,1187.3275,641.792,-287.15723,855.0926,616.85956,-209.9416,1188.3257,680.099,-380.07727,840.21204,652.63666,-274.76447,1161.168,669.50385,-411.90234,866.0761,648.16077,-322.32333,1154.7955,658.01324,-305.86176,877.0552,637.6125,-231.06761,1072.2203,631.3997,4.402255,955.76654,617.4022,-3.6597605,1147.792,661.4424,-708.48505,931.01013,659.66943,-698.0981,1094.0186,909.95154,-513.8231,888.4118,890.8623,-474.46796,1080.2141,931.7097,-501.73834,893.4286,917.2921,-460.64926,1076.1259,1011.7062,-742.8034,865.15173,987.35034,-687.51715
hip_hike_left_153_flipped.jpg,846.28876,275.72998,-531.997,857.3921,257.22565,-493.56955,865.38245,256.56622,-493.62463,873.5207,255.67117,-493.56662,835.4046,259.68454,-484.92422,827.7157,260.27258,-484.5916,820.0552,261.05255,-484.53186,888.1919,267.67914,-262.19254,814.2878,274.60928,-226.24855,864.856,297.60175,-447.68347,834.89465,300.20163,-437.68497,969.23254,374.51505,-119.35439,761.5709,401.47464,-68.28589,1047.4144,495.83374,-88.03377,723.8205,540.1698,-144.76091,1064.8258,621.278,-333.1269,731.47406,636.60504,-568.4933,1076.6611,657.36664,-421.07013,726.8416,671.583,-679.1023,1055.8956,658.8004,-460.1396,747.3283,652.86676,-719.4821,1045.8523,648.5845,-355.29718,756.11304,642.1562,-594.62744,954.05,619.0449,-16.263378,836.0105,637.3109,17.010706,991.166,626.6315,-783.4817,774.5039,674.7361,-694.27783,1036.8743,874.3918,-503.3202,837.26776,919.9063,-452.30154,1032.715,897.89484,-483.83548,857.4235,942.6945,-439.70047,1061.6755,991.598,-743.98364,856.6265,1028.9724,-706.3971
hip_hike_left_15729.jpg,1081.1156,273.31046,-471.41833,1091.3715,256.49277,-430.2766,1099.0312,257.11902,-430.3412,1106.8936,257.57465,-430.39267,1068.4468,255.02763,-434.126,1059.8544,254.31201,-433.83868,1051.2557,253.78479,-433.55182,1112.0056,271.79083,-212.36385,1035.0472,266.32004,-215.4511,1092.1211,298.41165,-390.96655,1061.2861,295.835,-392.0419,1157.7672,399.6708,-84.55994,946.6722,370.41098,-86.53674,1212.5134,529.3371,-52.502296,867.908,498.49536,-19.785332,1187.5258,637.0087,-298.53705,854.8685,626.0179,-201.10402,1187.0022,675.20557,-397.44977,840.648,663.5112,-260.42218,1158.7186,664.461,-427.99326,866.70667,659.67725,-311.71768,1153.357,651.9593,-317.4035,877.7426,647.4259,-222.34064,1074.4216,631.492,4.9005284,956.42633,619.85394,-4.2215357,1155.5154,647.4907,-691.38007,923.9985,658.81866,-697.38983,1105.924,894.73,-475.2461,884.4998,890.79895,-445.50256,1093.3181,914.53143,-460.9223,891.2533,915.04016,-429.13593,1089.6151,1002.3894,-707.9381,861.17267,992.4042,-671.7411
hip_hike_left_15729_flipped.jpg,838.1439,271.65308,-520.772,851.4596,252.07536,-486.68628,860.1096,251.27634,-486.73782,868.91595,250.23349,-486.61887,828.8725,254.82825,-472.57742,821.1575,255.53821,-472.23483,813.446,256.4666,-472.1727,888.12427,262.61038,-270.5439,811.1082,270.51514,-208.86339,859.3951,293.80853,-441.77728,828.265,296.84494,-424.24756,971.9578,369.6305,-143.44757,761.9505,398.40015,-62.53238,1051.8923,492.5477,-163.07948,727.7566,539.7636,-136.97389,1073.8362,616.59143,-430.49326,730.1131,640.28394,-535.77625,1087.8705,653.6971,-522.5378,723.91473,675.7972,-644.34344,1065.0583,654.9899,-558.37415,742.4586,659.2961,-683.7939,1054.1718,644.506,-451.25757,753.0419,647.42725,-561.95074,955.3413,614.87054,-14.398274,837.58795,633.46344,15.348757,991.55444,627.12964,-779.6919,768.1544,671.3455,-701.33655,1028.2688,873.82935,-493.45178,831.2604,912.1407,-468.14987,1020.95056,897.6256,-473.04303,849.87573,934.10614,-455.5895,1055.4738,990.30316,-730.4405,854.9813,1021.4096,-714.86145
hip_hike_left_22182.jpg,985.21765,318.5269,-412.24725,1002.37665,300.89035,-379.447,1010.6703,302.63385,-379.33908,1019.16815,304.24774,-379.2423,979.53107,296.01254,-381.7247,971.6226,293.65384,-381.37045,963.69794,291.51434,-381.14847,1031.958,314.26044,-142.52724,953.74774,296.09918,-139.91489,997.84216,340.55167,-319.05786,968.0042,333.27557,-318.76044,1078.1277,414.85934,3.9630013,881.40784,377.16068,12.195655,1126.096,527.175,-94.935875,823.0348,494.16284,-22.502544,1124.7871,596.2385,-549.70465,801.7894,591.61005,-400.5017,1132.6847,628.2508,-666.80945,783.0166,623.88495,-478.87888,1108.2695,611.02234,-696.1582,808.97076,618.7067,-536.4846,1099.0778,602.51794,-570.432,824.33453,610.38257,-425.01953,1002.66394,650.33844,-7.64164,885.55066,638.9842,8.6005745,1050.5414,695.1472,-744.2173,844.82745,701.54596,-672.24536,1012.48535,920.2446,-699.2523,808.535,937.8829,-623.23517,1005.1045,942.3887,-701.1731,815.7698,962.4441,-626.3677,981.949,1012.5958,-954.06134,794.43567,1043.0454,-857.2794
hip_hike_left_22182_flipped.jpg,936.1748,317.8292,-513.0662,943.0659,295.6852,-477.1223,951.07904,294.48804,-477.1149,959.26776,293.10303,-477.0367,919.6597,298.8038,-481.37387,910.65045,299.56784,-480.88748,901.6953,300.48688,-480.79022,968.14325,300.88028,-234.40504,886.98645,310.6597,-249.87831,951.78033,336.26083,-420.46307,920.35474,339.96823,-424.7681,1039.9999,389.3587,-99.603546,840.01337,417.10593,-109.212364,1114.9434,479.63107,-213.02219,812.3006,534.088,-269.79044,1126.5541,576.2209,-661.25183,804.91724,598.55804,-746.1515,1142.5048,613.5212,-782.2845,796.09326,625.2939,-861.07294,1108.1493,607.7392,-812.38416,815.8466,610.8084,-900.8691,1097.1771,598.4852,-683.4251,828.5199,603.80743,-772.40607,1034.2927,630.60876,2.974219,920.3479,647.6205,-2.1194663,1088.4528,700.4953,-695.111,899.93695,691.3262,-718.42816,1107.8544,928.53357,-454.90115,904.20245,911.57916,-450.1485,1100.9491,951.81433,-442.18423,908.4583,935.05237,-431.71933,1109.2225,1035.0156,-721.3369,925.702,1008.85675,-674.2451
hip_hike_left_23929.jpg,1082.0663,268.28284,-435.86624,1091.9465,253.20856,-392.66248,1099.3152,253.97668,-392.72842,1106.8734,254.58875,-392.80453,1069.53,251.75485,-396.5801,1061.2421,251.2642,-396.2582,1052.9293,250.96866,-395.9965,1111.7118,270.38922,-178.04025,1037.1844,265.19284,-184.37827,1092.5889,294.17715,-357.8397,1062.8926,291.73044,-360.12646,1156.8014,400.59622,-64.388824,948.9603,373.77798,-58.22288,1204.44,522.05084,-41.80829,867.9386,494.26202,-7.229168,1196.3984,623.88324,-323.97418,857.20776,618.2141,-212.03397,1201.1775,661.90454,-427.9506,844.2335,653.84064,-276.44547,1175.2861,650.92694,-464.21933,871.745,647.8163,-325.11685,1168.0919,639.46497,-346.02145,881.4764,636.35114,-233.62872,1076.6449,631.48,2.7236533,957.3238,618.5731,-1.9822712,1167.8254,666.1562,-692.57227,917.37256,665.4501,-668.0949,1099.859,913.7608,-525.9169,885.1016,896.32434,-448.09048,1084.2332,934.7871,-517.18414,891.48126,922.48346,-435.74716,1080.3489,1009.42566,-761.1543,868.37756,987.0941,-666.8992
hip_hike_left_23929_flipped.jpg,838.18616,270.0099,-482.17322,851.43335,251.44513,-448.36554,860.08545,250.83618,-448.40823,868.8969,249.9993,-448.353,828.639,253.97125,-434.27856,820.9186,254.70546,-433.98038,813.20447,255.64381,-433.8595,888.0202,263.80508,-239.67612,811.36426,271.00873,-178.87221,859.6985,293.47366,-407.14758,828.56805,296.2944,-389.83835,971.67334,374.18857,-89.9053,763.7007,401.7368,-41.16202,1047.8099,488.04156,-33.700592,722.59064,547.90594,-86.86499,1066.4918,613.9968,-244.62685,726.8766,649.3604,-432.58398,1080.2712,651.5075,-323.6378,720.6315,684.9787,-525.0626,1058.3379,652.5312,-362.97113,740.68005,668.30945,-563.9111,1048.7087,642.4901,-265.59225,750.1774,657.9662,-455.3294,960.5565,625.72235,-5.712995,840.4809,639.7282,6.6063747,1019.0333,623.1583,-681.1249,768.3728,656.9248,-684.5131,1031.3486,877.97595,-441.94992,830.2027,893.5773,-487.25034,1019.1316,902.7597,-424.4823,847.4141,914.26825,-474.96194,1055.5922,991.7216,-663.7586,852.7089,1002.83093,-707.8002
hip_hike_left_25531.jpg,941.15186,282.9894,-456.55576,948.4236,263.60822,-416.78745,954.84283,264.11246,-416.73132,961.4523,264.46207,-416.60748,927.26196,261.322,-434.5194,918.8746,259.82428,-434.0328,910.5189,258.51242,-433.85486,959.8817,268.42017,-154.71379,887.9434,260.40677,-228.4103,945.79297,300.48038,-352.3728,919.4588,297.13986,-374.25543,998.91516,353.38773,-2.281276,806.2768,344.73752,-53.31091,1047.3708,464.1601,-72.72508,753.5304,462.88113,-89.18492,1101.7035,558.26807,-515.3272,724.5401,568.34076,-439.51944,1127.6592,588.0143,-619.0532,708.0078,599.2486,-523.6225,1111.138,581.49133,-675.43396,727.7094,592.15283,-589.6562,1093.9735,576.0016,-548.04224,742.7848,585.0182,-469.29898,958.77185,594.21313,-5.77839,848.2529,600.59595,6.699177,980.8344,659.8581,-821.864,838.447,688.3883,-682.99994,977.5089,873.3922,-671.6119,834.3888,893.3905,-500.07727,974.88947,898.161,-667.6099,842.2047,916.07025,-495.1656,958.9832,957.8213,-943.8312,839.7242,983.22687,-743.1659
hip_hike_left_25531_flipped.jpg,992.19946,275.9395,-589.97534,1001.86786,254.5823,-553.96497,1010.1042,252.72862,-553.87646,1018.56836,250.70857,-553.6516,979.2874,258.6783,-545.5843,971.37134,259.52,-545.0253,963.49445,260.55692,-545.14374,1035.9897,254.41171,-305.79523,958.3047,266.90256,-269.75974,1013.33093,289.48444,-496.77292,982.08484,294.47546,-485.13983,1105.3823,338.3939,-135.01627,927.83746,358.0316,-126.80426,1175.4279,444.68665,-210.39633,896.83856,478.19196,-319.6503,1203.4156,562.4308,-631.4752,823.01697,564.7532,-846.09827,1222.3851,599.82837,-738.16113,792.4913,594.58307,-965.0787,1196.1102,594.031,-781.6372,798.3513,579.40356,-1007.15857,1184.8431,581.83374,-659.6032,816.7822,572.42255,-881.6048,1071.2119,597.10736,6.0634017,967.1423,603.5993,-4.698701,1102.9207,685.5804,-669.3726,961.7501,672.0954,-762.6269,1097.607,876.0882,-281.67236,938.7035,871.29626,-420.8775,1094.0488,896.91925,-260.06787,941.01434,893.80493,-403.27246,1081.746,965.62573,-573.2192,942.1636,959.27765,-686.0981
hip_hike_left_33362.jpg,1085.2179,276.49976,-440.79843,1095.9749,260.50534,-399.2173,1103.4625,261.46454,-399.2751,1111.1371,262.25616,-399.30426,1073.2827,258.22495,-404.09015,1064.8268,257.25745,-403.79437,1056.3423,256.46997,-403.5427,1115.4072,276.80994,-177.55743,1039.2205,268.60168,-190.20667,1094.6604,302.07224,-358.35495,1064.6167,298.4469,-362.5232,1156.9182,400.57452,-50.550186,949.0873,372.50702,-42.963657,1210.5645,522.2209,-25.156158,865.9659,492.69427,-3.6574378,1195.218,624.7626,-306.3994,857.69775,611.3232,-241.23708,1197.9446,662.56976,-412.48132,845.84595,648.3091,-315.55713,1172.1067,651.71265,-446.01004,873.6104,639.2635,-362.1446,1165.2996,640.4418,-327.656,882.6183,627.2131,-262.47455,1075.2277,632.99146,-2.517651,957.3288,620.75903,3.379735,1161.1935,654.4012,-727.07074,912.06903,663.7016,-676.38586,1101.6416,901.214,-557.5797,890.22504,897.87994,-455.4648,1087.4354,922.3815,-548.20184,901.9239,924.80994,-442.5141,1081.7625,1001.2001,-796.9212,860.97394,992.42084,-677.31934
hip_hike_left_33362_flipped.jpg,838.6325,272.6596,-503.5318,852.25885,253.20418,-470.19586,860.94446,252.55266,-470.2282,869.7789,251.66592,-470.16043,829.3575,255.66055,-455.30298,821.60864,256.2508,-454.99353,813.8801,257.0396,-454.89798,888.94293,264.32706,-255.70189,811.73694,271.15918,-191.4582,859.7575,295.17627,-425.78403,828.58484,297.8613,-407.55,971.7997,370.14493,-111.99128,766.0293,398.05106,-44.526318,1048.0145,486.89496,-73.21601,725.90607,538.88696,-109.92439,1064.1067,613.3033,-292.82053,728.74677,632.5908,-501.5731,1077.0029,649.1824,-372.77417,721.8747,666.8477,-603.26636,1054.9581,651.00006,-408.9925,742.0001,649.63947,-639.85333,1045.3665,640.8271,-312.4808,752.04663,639.2793,-524.774,966.74115,619.94885,-15.998438,848.26624,634.96326,16.933092,1014.2369,635.2276,-731.0175,763.97833,662.80365,-676.7743,1031.9625,869.31036,-449.8533,833.3634,895.3903,-469.79126,1023.51746,888.11127,-427.83154,853.97864,916.1781,-458.49268,1047.379,985.4475,-673.51404,852.88025,1001.09283,-709.6305
hip_hike_left_37722.jpg,942.75146,274.66147,-495.54724,951.68823,255.96208,-450.12112,958.1938,256.9889,-450.00067,964.88446,257.8784,-449.8408,929.90643,252.25414,-467.56927,921.70807,250.32191,-467.08926,913.5353,248.58287,-466.92154,963.61255,263.28046,-158.7823,891.9263,250.70857,-233.69266,947.50195,293.47183,-383.28085,920.4043,288.41324,-405.9628,1002.0973,357.10446,18.992046,805.79535,346.422,-48.95812,1044.7721,465.34976,-66.271904,755.2577,473.31082,-169.91531,1096.7437,565.3242,-549.6765,726.72516,575.2195,-574.35187,1123.1888,594.37775,-654.7049,711.7647,604.0009,-659.9231,1107.1461,588.2533,-712.43915,729.0153,595.90515,-722.4615,1091.1896,582.6315,-585.0252,742.4432,588.01306,-603.25885,960.47125,604.5062,-10.510917,845.13446,606.9873,11.412528,949.4678,679.82074,-839.1296,826.3921,689.7835,-700.66504,982.5264,884.8548,-945.7308,824.2244,892.62585,-674.5043,987.9165,916.1769,-967.037,834.1126,915.5125,-685.6416,966.44727,948.8229,-1231.246,829.20325,980.9925,-941.1175
hip_hike_left_37722_flipped.jpg,986.0883,267.29037,-447.4701,997.6521,247.5503,-413.94348,1005.7736,246.12505,-413.86755,1014.1192,244.5248,-413.61444,975.5166,250.97385,-404.8685,968.11304,251.7223,-404.4014,960.68445,252.67252,-404.58292,1034.2803,249.93787,-185.92188,958.54596,259.7853,-143.1932,1007.28424,283.64163,-362.80295,978.33746,287.55136,-349.8625,1110.0264,341.59058,-38.842552,924.70636,357.29318,-34.76729,1176.3925,445.66275,-161.52007,886.98987,473.80478,-217.45667,1204.0837,561.4512,-605.6896,824.57404,560.1554,-702.28156,1225.3414,598.8231,-713.04944,799.0303,588.85345,-806.6481,1194.8632,592.34314,-760.19324,808.3727,575.3885,-859.91187,1182.6663,582.2133,-634.61456,826.4558,570.9924,-736.9494,1075.1661,608.90643,14.042537,963.94824,610.9704,-13.152033,1104.8035,696.7746,-666.27734,957.51276,669.9194,-758.95465,1083.3315,905.78125,-364.32455,931.64764,883.3667,-476.4706,1074.8633,928.6996,-348.3664,935.4027,910.6816,-461.12036,1066.3036,995.8786,-643.645,927.44745,967.01434,-721.52
hip_hike_left_37996.jpg,939.99207,272.57043,-526.66,951.96423,253.70103,-482.776,959.1728,255.11528,-482.61514,966.56537,256.35837,-482.42627,929.1351,248.91672,-495.06088,920.65845,246.45547,-494.56775,912.2081,244.20525,-494.4123,968.58264,263.1177,-188.3731,892.40186,246.57164,-240.51166,946.3911,292.57138,-413.50793,917.2816,285.81628,-429.2785,1003.95197,355.54562,-2.3521569,808.86475,337.9566,-46.444435,1051.9856,463.56995,-76.15504,757.6161,463.07938,-112.70042,1099.25,560.8405,-550.3157,720.21173,570.6567,-526.7478,1123.104,588.66113,-657.0093,702.33215,600.61475,-619.1265,1107.0065,582.5514,-709.6628,719.42737,595.0073,-685.82025,1093.128,577.36096,-583.79663,735.8431,587.57074,-558.5163,956.911,601.7854,-0.11700404,844.265,601.92194,1.1252668,966.0206,678.82513,-832.38873,832.3753,677.00244,-742.2923,979.7979,898.549,-767.93176,818.3571,889.83044,-640.14844,980.49066,922.3868,-770.9171,824.42,914.0311,-642.98834,961.31995,988.6405,-1069.1768,823.8716,988.0432,-910.1668
hip_hike_left_37996_flipped.jpg,991.8287,260.983,-438.44894,1000.1303,239.10742,-396.79877,1008.34467,236.6044,-396.71707,1016.7928,233.95108,-396.54276,977.4385,245.25018,-396.11102,969.23987,247.02939,-395.65384,961.00757,249.00226,-395.81592,1033.7372,240.03539,-142.47488,955.01056,259.6256,-134.97726,1013.79443,275.64502,-344.4861,982.3458,283.3062,-341.8208,1102.022,333.1616,3.9536195,921.9544,352.89172,-18.777275,1177.3995,430.53278,-110.93244,881.1247,473.34164,-258.00403,1206.5673,554.9534,-548.8503,822.7431,561.965,-773.6598,1228.1548,593.9681,-655.1419,795.3917,591.9607,-883.1094,1194.7109,589.309,-698.3978,811.1971,578.17255,-933.89984,1183.1938,580.0649,-576.8641,829.3012,573.648,-807.83704,1066.3213,606.6406,9.598731,958.00995,610.2719,-8.7034235,1111.5519,688.2243,-702.6123,947.80316,675.86255,-765.40076,1094.8553,900.19525,-586.6411,933.3096,885.5489,-633.9308,1088.8527,925.40985,-589.9552,939.37714,912.6533,-634.7075,1076.5643,984.3283,-888.78906,935.78754,965.70013,-901.2749
hip_hike_left_41204.jpg,983.4562,358.55002,-455.72452,1001.54895,336.46478,-437.83276,1010.2105,337.73242,-437.74792,1019.08044,338.85648,-437.71378,978.5821,331.78156,-440.50494,970.4072,328.91675,-440.11618,962.2347,326.25845,-439.80838,1033.041,342.3222,-226.29897,951.9823,323.5313,-223.32678,996.5673,375.9943,-364.5712,966.5964,368.91925,-363.43866,1082.5557,423.6848,-49.60994,881.3099,385.55692,-53.123375,1117.3105,537.6178,-52.30046,823.345,499.8833,14.328013,1133.8547,631.701,-387.5277,802.0439,588.9002,-293.737,1150.027,667.11444,-468.47733,781.81323,618.99536,-358.7466,1130.4135,659.49603,-517.59503,806.30054,616.6252,-429.5291,1115.1641,649.5064,-410.55136,824.14856,610.0976,-322.48294,997.16174,652.99164,6.7342796,881.9746,643.7029,-6.027123,1063.5579,728.7489,-694.74036,850.8598,719.0349,-675.5487,1020.23596,906.58594,-500.9708,810.43463,942.9448,-540.4462,1010.5449,919.06616,-489.49063,817.5265,962.7345,-537.0808,993.4473,1001.3024,-732.3302,799.9471,1058.4858,-781.3269
hip_hike_left_41204_flipped.jpg,936.2447,359.91376,-502.6498,943.9115,334.72598,-478.77933,951.71136,333.4531,-478.71054,959.6822,331.99765,-478.64935,921.0278,336.64835,-484.23917,912.304,336.33798,-483.81976,903.60565,336.22876,-483.6691,967.9525,330.78455,-240.40025,888.3537,336.5584,-259.32266,949.7949,373.63184,-405.23013,921.0441,375.29395,-410.52313,1039.3636,396.40765,-69.35764,834.2104,423.5498,-63.761974,1110.5199,489.3269,-79.33993,807.2079,544.8952,-73.129364,1123.3105,587.4759,-462.77316,784.4346,638.7715,-473.15414,1138.284,621.76624,-571.2334,768.59686,669.8054,-567.7175,1108.5026,617.01166,-615.33765,785.8789,658.57635,-638.6449,1096.8472,609.74255,-487.27267,803.77966,651.3994,-508.52103,1034.1724,639.5678,0.16651304,919.6299,656.60236,0.5521593,1090.1539,710.7358,-711.9908,909.5697,694.63684,-717.0302,1101.7063,944.4505,-557.03424,901.4845,914.7133,-558.21936,1096.4579,969.59265,-552.81885,904.4927,939.1882,-552.286,1094.7196,1044.1046,-831.3839,924.5497,1008.2888,-794.31354
hip_hike_left_41813.jpg,935.96185,327.3019,-528.3832,945.3419,303.03598,-500.5929,952.4291,303.0524,-500.446,959.7029,302.90128,-500.35092,923.06866,300.58307,-515.2354,914.7297,298.46173,-514.7083,906.4228,296.53384,-514.5982,962.74384,297.45874,-239.41106,887.46826,288.62933,-303.58237,943.03314,339.54996,-419.7978,917.2475,335.83853,-438.65866,1014.7908,360.8024,-56.78851,802.3572,353.0477,-110.10405,1059.3292,474.11157,-164.55875,748.72705,466.11954,-163.05486,1100.7891,559.83734,-657.6535,725.77374,571.94586,-563.78735,1123.0245,586.6069,-771.3141,712.9217,603.90076,-651.7879,1105.2504,577.4294,-819.44836,729.49164,593.4725,-722.1328,1089.1915,571.5045,-687.2106,744.21674,585.837,-595.5041,974.2472,611.95465,1.1894284,855.3022,621.8709,-0.12059491,974.989,689.2399,-781.11926,839.6917,698.8355,-695.6018,986.1412,898.1713,-721.04407,828.21643,907.9378,-578.65216,988.5999,927.51575,-726.975,836.88745,932.5287,-581.3614,962.925,970.5839,-993.60284,831.12823,994.3246,-831.2731
hip_hike_left_41813_flipped.jpg,988.89966,331.16382,-730.79626,997.8486,304.69354,-714.9189,1005.657,302.74796,-714.92706,1013.65393,300.64218,-714.7259,977.2952,307.53638,-711.0109,969.5814,307.25183,-710.56116,961.8159,307.18112,-710.56354,1028.8706,294.4756,-480.00916,954.89935,302.40472,-470.7299,1006.6066,340.35764,-632.0821,979.46545,343.5733,-627.8971,1098.8647,350.449,-257.84616,909.50995,369.1481,-270.68204,1165.9252,459.73123,-265.4501,871.9341,490.00797,-374.2103,1190.4978,571.1914,-625.6877,822.75555,565.3592,-824.29083,1209.1158,605.505,-723.28033,801.1207,591.181,-943.556,1187.0703,602.0227,-781.10144,814.38354,579.4399,-1011.1683,1173.1696,593.6235,-653.7851,833.11475,573.99005,-863.3942,1065.6239,599.01904,14.019291,960.0922,608.1243,-13.162293,1093.3572,694.4995,-739.0834,948.6301,692.3001,-806.45026,1079.0531,898.41675,-392.7053,936.14966,888.8046,-524.8542,1068.6238,928.8132,-375.92868,944.72797,914.6564,-512.9732,1087.1652,973.94806,-681.68274,932.07385,968.86566,-796.5725
hip_hike_left_44585.jpg,1080.78,277.6585,-479.0081,1091.3156,260.4123,-439.2862,1099.0258,261.06268,-439.38843,1106.9281,261.53168,-439.42584,1068.6064,258.74747,-442.7337,1060.0691,257.89468,-442.4249,1051.507,257.22787,-442.14777,1112.7827,274.8783,-221.40071,1035.8143,268.53427,-225.61948,1091.9487,302.07227,-397.32593,1061.2838,299.15927,-398.8815,1162.3281,399.6783,-98.01788,948.6103,369.6445,-90.231346,1210.8721,536.8957,-84.118164,869.3997,498.05914,-51.903107,1187.5514,645.9177,-322.2356,856.30524,621.2106,-259.089,1187.8798,684.22345,-418.74994,842.29095,659.33307,-329.0784,1162.7039,674.25214,-449.68597,868.21783,654.21765,-377.70154,1156.8134,662.0425,-341.4406,879.0247,642.16473,-280.46396,1078.5082,631.99506,-0.5772493,959.216,619.6581,1.4854841,1155.1073,657.5754,-731.2578,922.3021,655.7451,-707.01526,1096.6556,910.44946,-530.9946,888.26776,894.17993,-469.95645,1084.7424,930.2712,-517.68427,897.27594,920.1689,-454.21716,1071.1309,1020.16016,-769.0986,858.8105,995.66156,-693.4667
hip_hike_left_44585_flipped.jpg,845.97205,272.47763,-526.78253,858.1605,252.9927,-489.25363,866.8993,252.05946,-489.3302,875.80237,250.89763,-489.26874,834.70337,256.43213,-478.01123,826.5588,257.52023,-477.6755,818.4416,258.80872,-477.59122,894.1309,264.75742,-263.70593,814.4559,274.9669,-214.0581,867.6296,295.60068,-444.82495,835.4116,299.5449,-430.85632,980.5554,376.27017,-121.45965,765.824,404.6335,-66.003815,1051.9619,500.07043,-111.089066,725.7028,546.0564,-116.22494,1068.8724,630.53076,-378.12476,732.6101,656.2795,-488.54404,1083.0983,670.482,-470.94452,727.30804,695.0568,-591.2227,1059.7277,670.73,-511.39005,747.27167,679.94086,-638.33594,1049.1815,659.32086,-401.17276,757.2716,667.4127,-516.0194,967.0214,624.6482,-8.658117,844.9984,640.75366,9.618989,1014.4225,623.9851,-764.2525,785.0159,660.3038,-720.3484,1030.1365,876.0072,-503.72015,835.55963,901.9925,-501.15594,1021.27716,901.1276,-486.51953,852.56934,923.9764,-489.68307,1047.4058,988.3102,-762.39545,855.7013,1010.295,-759.0443
hip_hike_left_4479.jpg,934.78735,304.8751,-733.4881,948.76074,282.58777,-696.57056,956.9667,283.58743,-696.47296,965.319,284.41803,-696.3009,924.9605,278.48807,-708.0225,916.09814,276.06497,-707.50476,907.25574,273.84213,-707.2663,972.12854,287.45343,-399.51334,890.02795,272.44116,-446.76602,944.27405,322.09055,-614.16656,913.825,316.29123,-628.1227,1014.3015,360.22266,-164.58691,813.22327,348.86865,-227.68599,1062.9171,466.0662,-240.95456,758.2871,468.66638,-263.31738,1099.1003,563.5814,-727.4336,728.90454,573.36945,-655.45026,1122.158,594.4098,-840.817,711.40295,605.0266,-755.0203,1105.2432,588.6891,-897.7876,731.6495,599.1708,-832.6271,1090.0259,582.60046,-762.4874,748.25995,591.61505,-691.43536,964.19037,602.91254,-0.029222457,853.1402,607.9855,1.1321452,973.42255,674.43317,-852.6857,848.7305,685.1566,-726.91327,983.66583,887.51245,-777.7612,821.66907,885.915,-601.26056,985.98267,913.0342,-783.263,827.0947,908.5226,-603.22974,958.4988,973.0795,-1094.3903,820.6487,982.578,-876.4917
hip_hike_left_4479_flipped.jpg,999.7004,309.95822,-531.1567,1006.84296,284.46118,-504.5721,1014.8296,282.51517,-504.505,1023.0454,280.42215,-504.35657,984.1008,287.57587,-505.29202,975.353,287.5704,-504.78024,966.595,287.75836,-504.79642,1033.9778,277.58755,-257.64227,954.12823,286.92175,-261.39752,1016.3638,320.8234,-431.89993,986.2704,324.4528,-432.06714,1095.4338,347.31244,-80.27052,911.6102,360.6091,-83.91013,1165.8063,446.3233,-145.10907,872.43567,472.1414,-191.7407,1191.0574,558.7989,-551.3518,826.4942,559.52673,-680.7094,1209.8235,594.88257,-652.55194,802.7503,592.27264,-796.89716,1183.3772,589.23755,-700.9002,820.9781,579.042,-857.3032,1171.9329,579.5806,-578.50305,838.87616,572.7262,-717.93414,1061.4651,608.55505,5.63885,956.4527,613.69824,-4.7451887,1088.4149,702.6772,-680.9359,955.1171,684.8256,-755.97754,1086.8344,911.704,-362.76413,936.0951,890.94836,-476.54352,1081.0428,937.1805,-345.4937,940.418,915.3083,-461.15726,1079.3938,1002.7157,-627.2539,937.62384,982.146,-714.4545
hip_hike_left_48476.jpg,1083.8358,271.8986,-474.42236,1094.3315,256.3616,-433.14502,1101.7596,257.29352,-433.24515,1109.3776,258.04636,-433.32358,1072.0298,254.24648,-436.63016,1063.7129,253.38342,-436.30325,1055.3713,252.7097,-436.04492,1113.939,273.05005,-217.83667,1039.1045,265.46222,-223.17996,1093.7506,297.42932,-394.8596,1063.8616,293.95474,-396.7373,1159.5441,402.7081,-108.12956,948.9957,371.84677,-94.735725,1203.9519,539.9192,-92.26968,870.0577,499.43695,-55.161476,1187.1675,648.9269,-332.89316,860.01715,623.24854,-254.65994,1188.6444,686.7441,-428.2327,847.7833,660.9539,-322.83408,1164.3221,677.03485,-460.72656,874.6901,654.7347,-368.08295,1157.8853,664.79474,-352.69385,884.194,642.0714,-274.8298,1079.9583,632.0335,-1.2430218,960.66534,620.13513,2.0106316,1163.0365,666.5024,-710.3901,917.092,665.1551,-691.732,1102.15,910.4716,-503.3178,884.592,900.061,-446.36624,1088.6685,930.83136,-489.5851,893.16614,926.57245,-430.98676,1082.1808,1011.32605,-735.07,859.6708,995.6352,-667.92065
hip_hike_left_48476_flipped.jpg,837.05963,275.01584,-530.24243,850.07745,255.11632,-495.13837,858.49744,254.2224,-495.20535,867.06396,253.09477,-495.17493,828.0592,257.9862,-480.161,820.6321,258.6493,-479.831,813.221,259.51743,-479.8009,886.1637,264.3083,-275.11456,811.9227,272.1881,-211.81908,858.37573,296.60263,-450.32825,828.3323,299.69788,-432.4953,972.2678,369.37854,-129.71648,762.3086,402.01855,-59.49009,1052.2767,491.57996,-95.20691,725.5158,547.8985,-129.33087,1065.3629,618.2342,-337.4418,730.96344,643.99274,-539.74963,1076.5138,654.48236,-426.01086,726.62054,678.138,-650.8883,1054.9197,655.7638,-461.94778,743.9943,659.7368,-690.94727,1045.511,645.1796,-357.91434,753.0534,648.72925,-566.60254,956.79645,623.3957,-16.827742,835.69824,641.93665,17.780563,1005.486,630.006,-787.21875,763.2574,681.41907,-707.0612,1041.0681,867.66284,-481.3412,830.662,919.78796,-454.60626,1035.3313,889.06433,-458.4789,851.6895,940.7531,-442.0899,1065.9498,980.8173,-723.53577,853.67944,1027.2659,-720.395
hip_hike_left_49574.jpg,1078.6847,271.0876,-511.67776,1089.9114,254.23026,-471.4328,1097.808,254.94241,-471.47717,1105.9147,255.47133,-471.51553,1066.874,252.81227,-473.31778,1058.2914,252.13983,-473.03033,1049.6897,251.66985,-472.757,1112.5442,270.8286,-252.21739,1034.9967,265.04602,-247.8406,1090.7511,296.75873,-430.08408,1059.3278,294.02832,-428.91434,1161.5583,398.86346,-117.92803,948.53827,370.5571,-110.427536,1208.5114,532.0648,-75.62751,867.37933,496.39777,-40.054695,1189.4595,645.7995,-302.27377,854.5079,621.71075,-227.97249,1191.9583,684.9985,-394.1148,840.3155,660.0129,-291.5011,1166.5039,676.2446,-433.16223,866.67896,656.0812,-344.351,1159.724,663.934,-324.2177,877.8925,644.2724,-250.5596,1077.1353,628.9202,1.5425516,959.1026,617.30585,-0.8709475,1150.6722,655.3049,-732.4942,923.5763,652.7538,-722.95734,1100.3513,907.42584,-498.38275,889.00745,891.9211,-467.74692,1088.938,928.6842,-483.4116,897.74347,918.3436,-451.6896,1079.0155,1016.22516,-742.46716,862.6493,994.3623,-698.8511
hip_hike_left_49574_flipped.jpg,845.8104,269.3463,-523.0545,858.5289,250.97906,-486.10593,867.13104,250.63235,-486.17117,875.9017,250.06113,-486.1441,835.4762,252.96597,-476.16583,827.4191,253.57143,-475.78256,819.3652,254.39459,-475.65176,892.35535,264.75052,-263.09958,813.8558,270.24716,-220.84558,865.45624,293.70337,-441.3708,833.68945,295.7097,-429.25653,973.76245,376.4661,-141.64238,760.97705,402.91806,-74.366776,1050.4242,501.31992,-185.77917,720.4042,545.2471,-144.43945,1071.411,630.4495,-487.096,733.987,651.1527,-544.9618,1085.4795,671.9408,-583.6814,731.7723,690.67236,-656.3212,1061.0002,670.6499,-620.4014,753.5797,671.434,-693.63635,1050.3351,658.83606,-508.94257,761.8529,658.2237,-569.7621,963.48865,621.92505,-7.3389826,844.0375,640.0351,8.198826,1014.005,627.8928,-782.8218,774.35406,663.5763,-712.2693,1031.2611,892.3485,-529.0027,832.07526,904.02167,-485.80914,1020.5619,922.2336,-513.1,850.16364,927.0323,-474.01572,1058.5629,1000.225,-784.4327,853.0601,1008.9627,-731.45276
hip_hike_left_4970.jpg,986.2357,333.5859,-509.11102,1003.3369,313.97107,-475.76733,1012.07544,314.96664,-475.51443,1020.9889,315.8139,-475.38135,979.8532,310.7771,-475.22046,971.7887,308.94583,-474.85974,963.66003,307.35083,-474.8126,1036.4164,323.27948,-208.80379,955.1645,310.7931,-200.16875,1000.7079,353.68814,-403.50583,970.4014,348.583,-401.3563,1082.9777,412.67667,-34.691673,887.2238,386.48694,-19.410784,1114.6613,522.777,-212.45464,826.37915,485.23956,-155.47403,1133.0287,595.1033,-778.72485,805.74506,584.9545,-659.7996,1149.923,626.6512,-912.61224,787.91003,619.2096,-768.7609,1124.236,610.6299,-948.00055,815.989,610.8704,-824.8242,1111.7455,602.2537,-805.6032,830.3574,602.55884,-689.2304,1017.7746,652.2175,-8.104198,898.3093,645.40894,9.187047,1072.4078,724.7621,-843.2611,850.1895,732.27075,-817.2892,1008.0685,932.77795,-867.9188,811.6093,958.58594,-865.7002,992.7068,954.7079,-880.9416,816.3082,989.7568,-882.75806,975.35394,1011.53986,-1179.6088,803.8663,1042.0894,-1167.6272
hip_hike_left_4970_flipped.jpg,935.41876,331.41476,-545.1771,941.94037,306.6917,-516.09894,949.93384,305.314,-516.0168,958.12067,303.7287,-515.919,918.53815,309.60455,-520.03485,909.40607,310.03552,-519.6256,900.31366,310.635,-519.6326,966.6401,307.1306,-284.14075,884.9651,316.10803,-298.5973,950.6446,347.52142,-452.94403,919.8138,350.91724,-456.6041,1041.0815,387.97125,-152.50632,833.8776,414.33832,-147.96695,1113.5033,486.8364,-252.82454,806.9238,538.3445,-279.2002,1121.9827,580.9896,-677.81146,793.13727,606.5157,-719.9888,1136.4808,617.7316,-794.16364,783.59015,635.4744,-827.8259,1103.2257,609.86566,-828.87445,800.6945,620.9904,-871.3315,1092.4897,599.9044,-701.25885,814.0901,613.1486,-746.3614,1030.2123,635.75256,-8.2010975,914.3339,651.47705,9.021069,1085.9463,725.17267,-680.25195,872.0667,709.7859,-696.78204,1115.3862,925.9425,-358.4834,905.66113,911.34436,-366.82227,1110.4441,946.0422,-337.70685,918.8354,933.05817,-343.6566,1122.3916,1024.5504,-605.14685,917.79407,1001.60754,-587.3826
hip_hike_left_7693.jpg,978.7253,306.8251,-375.8684,996.97894,291.2919,-345.16147,1005.49036,293.1396,-344.9649,1014.1975,294.864,-344.8479,974.5728,287.12018,-338.0155,967.0791,285.32385,-337.67932,959.56226,283.74707,-337.52698,1031.1124,309.8148,-133.72899,953.6805,293.67706,-94.90822,994.0536,331.39,-295.61826,963.68695,324.89758,-284.6149,1078.5488,416.30057,5.6901946,884.10706,382.0016,6.561652,1114.0979,519.10876,-93.38888,826.77545,488.48502,-66.958435,1129.1119,593.03656,-554.90125,809.19385,584.5362,-477.59836,1144.1897,629.45496,-666.50305,790.5519,622.1235,-560.5607,1119.6853,615.1899,-701.55176,819.0231,615.1903,-612.73285,1108.3927,603.6675,-578.21423,835.31964,604.56384,-500.82343,1006.99274,649.9092,2.9278605,890.6234,637.8329,-1.9703461,1058.2234,708.5026,-697.5839,842.747,707.25836,-640.1339,1013.4663,898.50665,-446.47742,820.3997,927.824,-434.44662,1000.6136,909.4425,-424.83154,830.05145,946.93555,-419.9537,996.3064,999.962,-645.94653,799.47864,1035.543,-632.64746
hip_hike_left_7693_flipped.jpg,938.4911,311.15677,-452.8876,944.3814,289.9688,-412.597,952.2247,289.07114,-412.56403,960.22327,287.9886,-412.5691,920.88666,292.501,-420.5049,911.60724,293.13693,-420.04156,902.3823,293.94727,-419.966,966.22595,296.87253,-159.78069,884.8321,305.42923,-192.35474,952.2886,330.94553,-357.2262,920.8282,333.84732,-366.89432,1038.2783,389.4073,-45.323433,832.4015,414.94916,-63.217194,1113.0496,487.61462,-180.50958,808.3919,535.941,-262.4095,1119.166,580.07855,-637.8336,801.17474,602.0192,-767.3116,1133.3809,616.50934,-753.98016,790.4625,629.45013,-880.0778,1098.091,610.31696,-780.422,811.63885,614.59546,-918.6331,1087.6072,602.3403,-657.7663,825.02136,608.462,-792.74426,1038.164,636.605,-0.93336093,917.96,654.9312,1.9005572,1100.7853,701.2815,-734.76526,891.86145,694.6589,-746.2314,1107.01,939.34766,-581.58014,901.63464,918.53546,-534.9778,1097.2719,964.1897,-576.0137,906.3533,945.3121,-522.4162,1105.3705,1046.5183,-862.91235,926.16327,1007.9172,-771.72736
hip_hike_right_13100.jpg,921.9244,303.3277,-554.21844,937.0358,281.62988,-526.97375,944.81055,281.79434,-526.9652,952.798,281.7881,-526.7547,915.03345,279.22803,-527.66565,907.6579,277.32944,-527.2035,900.2507,275.63028,-527.25745,966.5548,280.75104,-274.18198,892.31824,271.33398,-277.41168,934.78564,317.47528,-453.42142,908.342,313.81494,-454.2968,1025.3076,355.37833,-66.55628,831.52966,352.40317,-103.58168,1072.5717,462.28833,-87.42905,789.4414,474.08072,-230.55603,1078.5443,570.6557,-497.58722,726.8506,561.9338,-696.477,1090.449,606.107,-599.80206,700.1016,587.2907,-803.7877,1068.262,598.3287,-653.70825,710.6017,577.5319,-871.10974,1058.0187,587.6352,-527.53784,730.05536,573.74866,-735.021,983.24225,607.0291,11.979429,869.9294,607.0485,-10.965908,992.74225,737.6118,-736.0801,867.22644,708.85754,-751.2306,985.26227,941.96045,-695.7852,825.75635,919.53284,-654.1067,982.51776,971.43695,-704.666,823.77124,947.1915,-657.7133,958.8329,1004.9076,-989.2028,836.1464,994.3505,-929.1328
hip_hike_right_13100_flipped.jpg,1002.354,303.48853,-425.4065,1009.7423,280.7279,-389.3578,1016.8998,279.61703,-389.1837,1024.2645,278.359,-389.0254,987.3468,282.3584,-397.58752,979.1305,282.02557,-397.04956,970.95795,281.89078,-396.93732,1030.9891,277.53064,-125.7845,956.03625,281.53354,-158.0218,1014.65564,316.42813,-322.03036,987.50586,317.9859,-331.52014,1092.3978,355.49216,39.39339,890.4234,363.68417,17.971144,1150.4193,465.86636,-47.175312,858.3162,491.6352,-58.33466,1199.2689,560.6818,-519.1521,838.4388,589.8719,-495.8806,1224.2648,588.6266,-633.0362,828.4425,617.1421,-588.9426,1200.4388,581.19775,-683.79895,840.00836,604.78546,-654.7106,1184.4407,575.35504,-548.5812,853.4015,597.776,-529.5164,1052.9697,610.5951,1.0678695,934.2944,620.4612,-0.041739903,1070.4192,691.8435,-768.1604,933.7817,698.69763,-737.61884,1082.5739,897.29816,-699.22784,923.68164,903.69403,-597.6535,1081.166,925.96454,-706.65204,927.9091,924.3121,-600.5495,1070.6432,969.46277,-1010.1127,951.15515,996.241,-874.3125
hip_hike_right_13232.jpg,1074.7665,274.03207,-515.38947,1087.0027,257.49902,-474.96198,1094.9719,258.25305,-474.99875,1103.13,258.83,-475.10394,1063.3383,255.89552,-475.983,1054.7849,255.12648,-475.7122,1046.1995,254.57494,-475.46915,1110.7057,273.612,-258.4409,1032.5327,267.43304,-252.0111,1087.2292,299.959,-436.29196,1056.2523,297.01758,-434.59824,1156.781,404.97986,-131.55182,946.41266,372.2297,-122.56227,1199.8398,544.4213,-102.438576,871.13043,492.9103,-20.117508,1190.2798,664.6549,-329.94962,854.2807,627.79614,-217.40355,1192.3574,703.84436,-417.08154,838.7768,665.74084,-278.90887,1170.5217,695.40283,-452.66864,864.3196,662.1048,-340.42993,1163.9269,682.6248,-350.41302,877.2294,650.90137,-243.88327,1070.0773,634.497,21.318851,951.7474,623.833,-20.703972,1169.9939,664.86957,-656.94,941.36395,660.8604,-701.1802,1089.5818,903.51984,-403.80484,891.9451,890.62103,-413.6817,1067.9507,921.66595,-387.15613,891.74744,916.98883,-393.66873,1075.3792,1011.034,-642.87463,880.70306,988.3836,-640.75525
hip_hike_right_13232_flipped.jpg,845.54407,270.28882,-470.28278,858.6138,251.72379,-436.9412,867.4095,250.95377,-436.9743,876.37115,249.93729,-436.91922,835.41284,254.78882,-425.46036,827.60876,255.80077,-425.2375,819.8323,257.00735,-425.1033,895.9791,263.9562,-231.3697,817.54004,272.7172,-175.44992,867.20746,293.9361,-393.3949,836.21893,297.48,-377.7253,983.2696,373.9733,-89.36564,768.2485,399.89935,-3.8748841,1059.8402,490.25476,-24.552715,726.0071,536.67847,45.267822,1067.8116,621.6772,-221.21234,729.2478,655.6926,-221.17297,1082.0651,660.37195,-301.16812,722.11554,694.15027,-294.90482,1057.0924,663.5005,-344.84314,743.18604,681.62305,-348.31165,1045.9989,654.1098,-242.52216,752.3887,669.3914,-246.43996,962.5695,622.9271,-30.889904,840.9014,638.5967,31.728561,975.93066,626.5352,-802.0845,762.8216,682.85175,-640.3395,1038.7717,876.0314,-664.7422,829.3065,921.6307,-525.5726,1042.3212,904.11926,-658.46606,857.3742,948.1121,-525.2761,1051.2726,976.2446,-913.09973,823.2348,1018.68585,-772.1982
hip_hike_right_13486.jpg,990.15265,346.876,-443.94345,1007.4332,326.83273,-419.5833,1015.6013,328.7469,-419.4995,1023.96906,330.52484,-419.49533,985.10077,320.60464,-423.15088,976.96155,317.3133,-422.81387,968.79846,314.20547,-422.5812,1033.8123,335.96014,-192.65967,956.17676,313.00983,-201.51552,1000.2334,366.6423,-351.99026,970.9119,357.43823,-354.70923,1076.9137,424.76166,-52.81235,879.86633,384.6959,-31.82474,1125.6144,537.9089,-107.647385,822.2117,501.1671,-60.49346,1120.2185,612.54254,-490.78967,806.0933,582.3109,-450.4523,1125.842,644.25006,-593.52454,790.42444,611.4821,-537.7751,1103.0536,628.7098,-625.2827,813.5762,603.1449,-588.39374,1094.4684,620.5505,-510.26013,828.0938,596.71643,-474.69754,1004.9427,656.91144,-5.8071895,889.76904,643.1607,6.6602163,1049.7231,720.4208,-634.1061,850.6323,684.32794,-620.726,1007.7798,949.7969,-447.91602,814.26324,911.8796,-437.40994,998.08826,967.92596,-436.06882,819.2658,932.8697,-427.3506,975.5905,1061.3956,-677.35376,808.38904,1029.3214,-649.35095
hip_hike_right_13486_flipped.jpg,932.5593,352.4473,-471.43225,941.4893,324.8065,-447.48502,950.27704,323.24167,-447.36475,959.1948,321.4991,-447.40823,916.7997,327.77393,-453.2011,907.3684,327.7824,-452.8676,897.98816,327.99036,-452.64136,970.72266,321.7014,-209.34546,884.0435,330.3444,-225.10793,949.72546,366.8416,-373.2163,917.5395,369.58142,-377.8305,1044.2103,392.00513,-61.380356,834.5977,414.69394,-4.815759,1125.1727,494.945,-107.060616,803.1789,536.05615,-7.7408614,1123.532,576.6467,-500.70544,809.85736,609.53705,-431.1999,1134.8696,609.49054,-610.4806,800.7925,639.92175,-521.6033,1104.363,601.169,-640.86884,823.3015,623.08276,-579.6379,1094.5404,594.6333,-518.93494,836.40796,614.6869,-459.24216,1034.8472,632.7835,-16.464296,918.2451,652.1528,16.95964,1096.6757,676.3502,-700.7677,880.6627,718.82825,-639.5601,1107.7391,917.9511,-547.5561,912.43286,960.5794,-494.7757,1102.7733,938.42896,-541.0718,930.00684,983.6356,-491.1625,1099.6733,1032.8739,-806.2166,919.7534,1071.3224,-738.36993
hip_hike_right_2455.jpg,1078.0256,277.08698,-512.9638,1090.5333,261.41605,-469.43918,1098.2401,262.52927,-469.53055,1106.1271,263.46738,-469.667,1067.37,258.85834,-473.35153,1058.9156,257.7701,-473.0504,1050.4294,256.89444,-472.79456,1112.0448,278.72638,-242.17876,1035.5662,269.2776,-251.73784,1088.6582,303.55408,-430.2467,1058.2849,299.42136,-433.26212,1155.0441,407.8317,-112.46674,946.84045,375.63367,-108.004524,1200.8438,543.5889,-67.27795,867.0095,493.695,-18.842249,1185.3066,664.23083,-294.6559,846.13416,624.84924,-231.62021,1186.5685,703.885,-384.29172,830.07745,661.0193,-299.83093,1162.5983,695.364,-420.82437,854.8806,657.1739,-361.09656,1156.5736,682.3283,-315.35132,867.24713,647.1828,-259.33484,1071.1552,633.92224,20.280434,952.6002,622.6277,-19.61599,1174.0275,660.05444,-657.4657,935.62634,653.8305,-716.1677,1096.7465,897.06616,-414.90018,886.6928,883.21173,-447.08038,1076.4597,917.05695,-399.86084,887.97833,910.58606,-429.9392,1081.4858,998.1606,-651.13715,873.4131,975.7043,-678.2389
hip_hike_right_2455_flipped.jpg,842.5379,276.16733,-476.33655,856.6919,256.35568,-446.01718,865.6118,255.6387,-446.0352,874.6972,254.6956,-445.92523,833.7311,258.8874,-432.24728,826.0176,259.58517,-432.0132,818.31793,260.4809,-431.89413,895.1848,267.75204,-243.97725,817.19147,274.67477,-177.46889,864.33624,298.9548,-399.7738,833.2319,301.80447,-380.99432,981.43146,375.38983,-106.280464,769.15936,400.72665,-8.740443,1060.2681,494.3436,-58.872643,731.98267,541.14386,17.703146,1072.3176,620.5928,-260.58273,732.16724,660.00226,-264.1739,1086.5471,658.1929,-343.44873,723.9033,698.1018,-342.38513,1061.7157,660.4173,-384.57797,744.0796,686.45184,-394.2507,1050.3135,651.0384,-281.1639,754.4221,674.20544,-290.1966,964.42145,621.18146,-32.276802,845.13055,635.9428,33.15423,986.8655,633.13544,-776.8831,780.8556,682.83856,-631.2765,1037.4026,884.3864,-596.6441,826.63184,923.02673,-487.28284,1038.9417,909.23535,-585.14355,847.6036,947.76465,-482.8138,1045.3842,988.81946,-831.60175,826.68463,1021.9068,-720.35626
hip_hike_right_27251.jpg,990.7761,343.63818,-491.1604,1008.90814,321.2751,-464.3491,1017.66656,322.8999,-464.23538,1026.6261,324.39456,-464.1823,985.3045,315.71857,-467.04172,976.6826,312.59558,-466.6551,968.0247,309.67813,-466.46115,1038.3417,329.99023,-215.36746,955.13873,308.6465,-223.74979,1002.6226,363.29565,-390.90936,971.19806,354.88196,-393.454,1082.7736,416.97385,-44.370113,880.7562,379.98026,-52.632183,1117.8892,526.52716,-105.92834,821.1109,495.88712,-137.42651,1128.1182,604.47504,-550.4372,802.13525,579.7122,-599.3802,1140.2733,639.89374,-659.01953,783.3898,612.0871,-705.5132,1119.8036,624.6167,-704.5996,810.6341,603.56476,-762.45404,1108.0605,615.3431,-577.2276,827.36755,597.0615,-628.892,1009.2311,651.18665,1.0696961,892.18243,637.0058,-0.101106346,1061.5908,714.7967,-709.6397,850.05066,676.1553,-708.2034,1011.648,946.0781,-497.2562,813.604,908.73804,-505.12808,997.9345,963.8044,-484.3986,819.497,928.90894,-493.56512,985.07605,1059.7166,-746.1598,805.6894,1027.6937,-735.15344
hip_hike_right_27251_flipped.jpg,927.3162,352.47003,-600.3466,937.4801,325.2686,-578.23615,945.8999,324.186,-578.1494,954.4917,322.8884,-577.95825,914.1057,326.79843,-578.3104,905.33167,326.28928,-577.93585,896.6051,325.95404,-577.8778,966.97217,322.71826,-339.163,884.6863,326.20538,-336.22543,943.38806,366.59222,-502.61188,912.85443,367.63928,-501.6195,1041.8141,389.57364,-167.79134,829.80884,412.78647,-142.93164,1103.6869,494.80273,-242.57907,811.05786,534.8277,-248.76157,1124.9456,573.8862,-690.4939,799.75903,605.83356,-737.9706,1145.4115,605.1395,-803.38324,787.363,635.8483,-847.40076,1118.2654,601.37054,-848.03796,807.3126,621.7143,-901.2741,1103.511,593.5486,-717.01953,823.334,612.8074,-768.21814,1024.3004,625.0393,-15.539276,906.0957,646.3923,16.096523,1095.8542,693.6963,-731.7239,854.2948,735.7084,-706.52783,1111.3898,905.32227,-423.47763,915.4347,964.5559,-433.90256,1106.2332,918.5397,-400.62808,937.31494,979.4726,-416.4603,1109.4039,1024.9615,-657.84973,927.35333,1081.6715,-679.3015
hip_hike_right_2806.jpg,989.0626,360.06604,-504.09222,1004.1847,338.4126,-485.42325,1012.6584,339.22003,-485.27487,1021.3177,339.87845,-485.2665,981.34424,334.7977,-484.85843,973.0349,332.52914,-484.4279,964.66974,330.46738,-484.20667,1033.0787,342.2104,-270.57635,952.9256,328.52438,-269.95193,1001.4043,377.0746,-414.20294,972.07166,371.65347,-413.59857,1081.0757,422.24426,-120.50929,879.57776,391.6096,-127.34176,1121.0782,536.01874,-208.53932,813.4056,493.47913,-213.07684,1139.5199,629.9224,-623.5594,807.3802,581.73914,-635.3414,1154.2406,667.5026,-727.0216,796.68695,618.00305,-743.5695,1128.7346,653.5192,-766.54675,825.84546,603.4434,-786.9245,1115.2977,643.0604,-646.19214,837.6586,595.2576,-659.4023,1003.44855,662.93805,2.2154455,889.94324,647.8904,-1.2525779,1059.8641,757.1841,-696.0442,855.70447,697.3745,-694.47406,984.92834,972.441,-544.4607,819.8072,894.76276,-518.9801,967.1148,993.923,-538.35876,822.6517,918.8604,-509.57468,956.8183,1059.555,-801.6192,809.0889,979.9087,-730.3638
hip_hike_right_2806_flipped.jpg,929.3187,358.54318,-447.81375,939.1933,331.50378,-428.25366,947.7713,330.0522,-428.09216,956.4975,328.42526,-428.08478,915.429,333.93088,-430.14728,906.6442,333.65158,-429.81165,897.9017,333.5776,-429.6116,970.1176,326.76913,-203.09155,886.74506,333.28928,-201.65515,946.69305,371.19354,-353.4939,916.3097,373.36667,-353.20554,1042.5621,391.32242,-56.324364,839.8711,414.3352,11.864946,1114.1138,492.05872,-96.39954,807.99396,540.368,19.752577,1119.9946,579.8281,-462.27,792.3038,631.61194,-376.67184,1134.2661,612.8091,-559.49036,776.0198,663.6987,-460.82532,1105.1578,606.3097,-593.636,797.04114,651.8732,-522.35657,1094.6647,600.3134,-480.38458,813.6475,643.88055,-406.4777,1029.9751,637.0326,-21.174269,914.7688,654.35443,21.691734,1093.3896,691.13995,-720.41174,865.66486,725.33984,-642.8103,1117.0333,924.22955,-597.15063,910.0173,954.715,-550.3263,1113.7432,948.63116,-593.344,928.16785,977.7509,-551.99493,1114.715,1019.86646,-858.0971,926.0236,1051.9353,-799.3394
hip_hike_right_28787.jpg,924.8833,244.02234,-458.03665,936.1273,224.46873,-406.3859,944.0524,224.32898,-406.27173,952.2106,224.04018,-406.11792,912.28503,224.59726,-416.1557,904.0233,224.05144,-415.6846,895.70215,223.74689,-415.81534,963.3579,232.85635,-123.63363,883.8475,231.85143,-160.06491,940.0767,264.003,-356.13782,909.05896,263.22934,-367.79764,1018.96204,340.8769,-1.6076014,828.9022,341.8812,-35.43695,1059.1023,449.1431,-229.20724,771.867,456.396,-360.74326,1089.1381,551.13947,-794.51245,724.1599,551.6249,-928.10736,1112.2294,582.8164,-905.0194,699.063,586.4618,-1034.9269,1087.6582,573.79425,-948.8056,722.3749,573.1603,-1100.3472,1072.3446,565.08575,-822.3514,738.6175,564.6003,-962.8982,988.9874,601.66425,0.4356473,870.17706,602.07776,0.337724,997.2431,747.64813,-780.67175,844.3783,659.60486,-761.3511,982.8574,913.0488,-1124.557,825.3558,889.95953,-894.2421,978.05945,942.95703,-1172.6593,828.05804,920.335,-921.74536,949.7375,955.98114,-1427.3412,846.3758,965.60706,-1207.7942
hip_hike_right_28787_flipped.jpg,1000.50256,237.89157,-380.25446,1011.8834,223.53207,-329.03314,1019.15576,224.05759,-328.90485,1026.6494,224.3988,-328.69836,990.10486,222.98099,-334.33984,982.5023,222.62207,-333.8795,974.9244,222.46864,-333.92078,1036.3226,237.24878,-69.95464,963.795,234.06537,-87.63929,1013.0917,260.82422,-286.5876,984.72565,259.3761,-291.7155,1091.0208,343.56644,44.809105,903.546,346.31207,11.99733,1158.5347,440.51587,-126.31868,869.08875,463.0774,-187.31921,1203.4714,539.83105,-620.3445,838.9133,549.23395,-685.102,1227.507,574.8062,-740.35315,824.45123,577.95325,-794.5712,1197.3118,562.7381,-786.81604,841.18896,564.03796,-844.12354,1183.6174,554.75946,-649.955,853.60175,557.20746,-715.2411,1050.1841,600.4357,14.431379,936.48663,607.8742,-13.315716,1065.8525,688.30554,-796.1718,933.3408,681.9358,-757.8891,1088.7863,893.731,-654.13214,933.5674,894.1012,-616.9851,1084.3519,921.36053,-654.4938,939.09015,922.35004,-618.0607,1082.4733,972.48755,-964.09515,952.56616,975.3058,-887.52795
hip_hike_right_34287.jpg,1083.7179,275.41522,-556.005,1094.7542,259.89468,-512.2229,1102.3721,261.02155,-512.31683,1110.1741,261.94885,-512.40576,1071.7324,257.5435,-516.1309,1063.1406,256.6349,-515.8452,1054.506,255.92387,-515.65265,1114.4404,277.916,-287.6074,1037.7682,269.49847,-300.26236,1093.5868,302.49176,-474.1274,1062.8893,298.58658,-477.9168,1160.1598,407.99155,-149.83836,945.4503,380.33417,-157.2417,1200.2736,548.4276,-78.67518,863.60767,506.58005,-90.605034,1190.0249,665.89514,-301.50967,850.33984,628.5439,-313.1339,1192.153,704.0824,-388.26846,838.0291,665.1298,-384.55862,1171.9316,695.5513,-430.93127,860.6597,657.6271,-443.6245,1164.8926,683.2046,-325.19058,871.85254,647.39166,-339.80588,1077.361,627.66284,20.279943,956.39417,618.7112,-19.584173,1173.209,663.4815,-667.59875,929.32587,653.5922,-735.1205,1100.0001,887.841,-351.63873,893.3587,886.0772,-410.75955,1079.1943,904.44507,-329.52838,896.6447,913.205,-389.04047,1087.1809,993.95013,-580.39075,880.17126,982.7014,-647.9568
hip_hike_right_34287_flipped.jpg,833.3375,271.09497,-469.25696,848.8357,251.78711,-441.25687,857.946,251.12373,-441.27408,867.2346,250.20558,-441.1431,826.4157,254.41414,-420.5451,819.0742,255.22845,-420.3418,811.7294,256.2607,-420.24673,890.7752,264.88272,-259.99863,814.82153,272.17355,-165.56822,857.135,295.29587,-402.90958,826.1342,298.3092,-375.90594,979.8977,378.65778,-137.07405,768.3701,404.07053,-33.89326,1059.6487,497.35062,-120.359215,727.68994,540.84393,-50.27781,1073.9805,626.2655,-315.35278,733.716,657.2745,-367.08597,1088.2864,663.9707,-394.62003,727.7226,696.97504,-453.2287,1063.227,668.40546,-429.28452,748.9805,683.7471,-494.60626,1052.1351,658.1849,-333.4175,759.0191,670.89124,-390.5094,965.0724,625.5231,-23.65747,847.6491,642.8987,24.459215,987.12854,630.5428,-723.10425,772.80786,679.2444,-617.1863,1036.5992,879.8921,-495.38846,835.9932,918.69385,-437.13977,1034.0309,901.456,-477.6163,856.4075,939.5091,-427.61694,1058.7755,996.1545,-702.5251,849.9133,1027.1053,-654.93866
hip_hike_right_37571.jpg,940.21014,269.7063,-491.1453,951.78845,248.28534,-448.96753,959.6128,248.36703,-448.92337,967.64465,248.27304,-448.71677,927.4539,247.11201,-464.48508,918.7615,245.72153,-464.09198,909.9958,244.57478,-464.13495,974.37036,252.78613,-174.11249,892.90234,247.49937,-236.48227,951.7985,288.6554,-385.78656,921.78253,286.08386,-404.2918,1020.06055,347.18884,43.671196,823.00275,346.0615,-71.98196,1053.0168,460.67087,142.4042,759.33496,469.17874,-160.04935,1081.3531,579.71857,-157.68501,719.92346,564.42505,-539.9488,1101.5691,611.9333,-242.15306,696.76324,593.0537,-624.9282,1088.379,607.51746,-314.08615,716.0552,581.3019,-713.6702,1072.0815,599.4046,-192.29657,734.5049,574.1698,-581.0728,979.09656,613.7954,36.17485,861.11053,616.6029,-35.41003,997.244,730.81555,-713.53625,834.7818,668.15137,-717.8647,985.2602,926.4589,-939.49304,821.9625,905.3127,-796.7875,977.5325,961.1254,-980.1383,826.42596,938.4311,-821.59906,964.9972,973.15753,-1237.2968,841.29065,982.1422,-1090.507
hip_hike_right_37571_flipped.jpg,993.70764,270.3296,-463.2643,1004.26807,251.62102,-421.5777,1011.9261,251.00195,-421.4426,1019.79114,250.21193,-421.2073,982.13367,253.16275,-424.22192,974.291,253.29343,-423.75708,966.488,253.62727,-423.7194,1032.0103,257.21887,-162.70726,956.9429,260.87585,-171.18642,1009.1149,287.82303,-364.98828,980.4449,289.32208,-367.37115,1088.1825,346.3215,-8.008748,904.17126,356.77985,-27.29764,1157.145,447.61847,-123.322136,861.9769,473.4232,-110.70079,1203.3036,550.9325,-576.67676,829.4052,586.84534,-526.0882,1227.722,583.11993,-686.1378,813.5448,619.52747,-623.51715,1199.5269,575.89075,-735.3681,828.9601,608.68054,-682.9326,1185.7391,568.76624,-606.7651,842.9899,600.5093,-559.06726,1046.622,603.584,3.9571023,939.2701,611.6991,-2.8435106,1068.286,690.5123,-816.3415,928.47,697.3007,-738.6653,1082.922,907.242,-691.9016,934.87317,898.4162,-572.5261,1081.0667,935.16077,-693.24695,944.73804,925.6047,-571.1271,1069.8624,985.2897,-995.8264,941.1273,973.54236,-832.49744
hip_hike_right_3902.jpg,946.072,296.3018,-609.1008,959.90515,273.35297,-582.3598,967.8242,273.44684,-582.2956,975.94354,273.3673,-582.1027,937.39276,271.36908,-585.6718,929.5247,269.64276,-585.2771,921.62555,268.16272,-585.28485,988.43616,273.76242,-322.01544,911.2396,265.85907,-331.55942,959.27856,311.09915,-503.346,931.10394,307.81674,-506.1584,1041.4817,348.33295,-83.593666,847.90497,348.97397,-125.04938,1070.0178,455.86362,-51.551178,798.4221,467.9212,-198.10275,1084.5463,554.1926,-396.7841,721.6742,563.8102,-575.98804,1100.2965,585.7057,-474.50607,687.8651,591.35767,-648.8409,1085.9713,578.00226,-534.8963,694.0457,580.78546,-730.4796,1073.7455,568.65314,-428.83298,714.3589,576.5428,-617.5539,978.73303,599.39484,4.795257,867.2147,598.4556,-3.8456838,1004.32733,702.27167,-767.78705,834.9204,688.26154,-771.97955,984.96313,915.717,-771.5142,820.2571,921.58356,-706.9351,980.599,938.0047,-785.2614,825.7785,950.70215,-714.40857,952.7914,999.7682,-1087.1711,823.37634,1007.96954,-1006.62634
hip_hike_right_3902_flipped.jpg,989.55835,288.20795,-534.02295,998.1349,264.55524,-495.9561,1005.76526,264.0294,-495.89,1013.60645,263.32507,-495.83856,975.0753,264.59235,-508.67816,966.15564,263.65515,-508.1575,957.26215,262.91162,-507.94916,1017.91406,264.6634,-215.43173,938.653,263.78656,-266.04495,999.7356,303.56247,-422.3271,970.45416,302.84818,-437.26105,1072.2521,344.0073,-30.748318,874.80597,352.73227,-69.48218,1139.654,457.30246,-111.041336,852.65283,479.42914,-167.1594,1200.0409,559.3013,-561.962,836.7661,571.7819,-613.4644,1228.1122,589.3079,-666.0626,824.7169,600.4976,-712.7906,1209.2429,583.97076,-723.654,839.9288,588.60394,-776.24634,1191.6022,578.3109,-595.2197,853.1823,581.3347,-646.4726,1047.1399,590.54926,3.4375415,934.4451,607.55725,-2.319445,1084.3032,668.08795,-810.9098,939.2011,694.71906,-730.6602,1097.3524,891.27246,-788.5386,930.9566,914.432,-681.2091,1095.267,919.668,-799.2922,934.3315,939.98816,-691.0813,1087.994,974.37006,-1100.6283,957.75006,1004.63745,-961.44617
hip_hike_right_39597.jpg,1076.4026,273.0531,-514.43256,1088.2285,258.20502,-471.3925,1095.8896,259.26797,-471.459,1103.7311,260.14566,-471.60693,1065.0455,255.96046,-473.88678,1056.6755,255.06308,-473.55887,1048.2728,254.3793,-473.30008,1109.8197,276.0932,-248.96402,1033.5964,267.92117,-250.57643,1087.4142,299.85733,-433.52048,1057.1058,296.09238,-434.35532,1153.849,407.98575,-132.48862,944.9475,375.27557,-111.63387,1196.4321,546.7596,-113.08244,867.7062,493.97754,-17.632925,1189.8529,666.2373,-354.94412,851.23663,626.36926,-235.55017,1193.4633,706.2054,-446.64066,836.0671,664.7027,-301.42358,1170.2019,697.96387,-483.00745,861.72144,660.40137,-362.5794,1163.4585,684.83954,-375.75125,874.06934,649.36615,-262.14496,1070.2162,636.8762,16.282148,951.4911,625.03876,-15.692414,1169.0287,664.2027,-656.4823,927.79504,654.7476,-698.7011,1090.8773,907.37665,-396.53427,893.4231,891.6749,-405.77957,1070.8541,926.12427,-379.5615,897.65576,919.9643,-385.59537,1073.7098,1014.252,-630.8904,879.9491,986.9721,-631.6533
hip_hike_right_39597_flipped.jpg,842.0037,274.3516,-525.3937,856.39923,254.35446,-492.03036,865.5736,253.69998,-492.0433,874.90625,252.7939,-491.94705,832.878,256.807,-477.17444,824.90607,257.47324,-476.90588,816.959,258.35788,-476.75137,895.8946,266.59338,-275.54477,815.8757,273.33533,-208.50166,864.6567,297.37207,-445.09344,832.1378,300.19998,-426.29767,983.03156,373.93814,-122.09476,766.8711,401.83316,-44.635185,1054.2991,491.64648,-60.62085,727.5904,541.6332,-28.198938,1072.3444,625.525,-266.49536,729.8187,663.38184,-327.1264,1089.0227,663.8665,-345.28537,722.7221,703.295,-413.34946,1067.3552,668.9658,-391.93033,742.1829,691.8432,-468.80212,1055.7556,659.82434,-290.0444,752.82574,679.4603,-355.27988,967.68115,622.2814,-22.707487,846.49365,639.81866,23.654184,984.94867,628.3908,-793.3699,782.4711,671.2097,-700.702,1041.4825,879.1825,-560.22235,830.1729,912.8721,-512.5289,1041.019,900.1666,-542.9337,848.4131,933.8237,-503.60013,1057.9722,1001.3498,-798.55786,843.9564,1023.7185,-757.2488
hip_hike_right_39925.jpg,1080.5063,277.39706,-522.0263,1092.4996,261.48102,-478.29486,1100.2822,262.6187,-478.38483,1108.2432,263.56708,-478.50232,1069.0758,258.8746,-482.01062,1060.464,257.7737,-481.72656,1051.8142,256.86926,-481.4706,1113.6785,278.81125,-253.99692,1036.4374,269.64804,-263.74603,1091.2896,304.4612,-440.5643,1060.4646,300.22723,-443.61725,1158.4143,410.15082,-122.88766,945.3765,378.26474,-120.18744,1203.4077,548.6177,-55.753605,862.0313,500.5123,-27.977177,1188.4816,669.5738,-274.48483,856.91724,626.8972,-238.76854,1189.0131,708.69824,-362.5737,845.8171,663.86615,-307.7909,1167.3813,699.9339,-399.24432,872.02985,656.23926,-361.6233,1161.4207,687.04877,-295.52737,881.4514,644.8767,-262.6408,1075.1088,639.2591,18.256678,953.476,628.94,-17.664495,1175.0311,666.5543,-628.9993,924.93494,662.49,-707.78394,1098.7859,900.69824,-359.22696,897.7524,897.9868,-406.78525,1078.3816,918.4549,-340.7786,902.5758,924.9202,-385.8634,1082.8171,1008.2245,-588.9967,887.3806,996.2932,-635.59705
hip_hike_right_39925_flipped.jpg,838.4731,274.0155,-471.2131,852.78815,254.71942,-440.76587,861.7384,254.0306,-440.77563,870.8418,253.10652,-440.6841,829.759,257.35434,-424.54764,822.1559,258.09982,-424.3081,814.5641,259.0518,-424.13425,892.13196,266.61963,-244.68324,814.7479,274.08496,-168.2777,861.0735,297.33188,-398.71545,829.8935,300.34995,-377.17416,977.35156,376.32465,-101.22435,767.8779,401.7511,-26.553766,1059.2605,486.02356,-58.584812,722.9912,541.0743,-25.473682,1070.5178,611.4674,-256.85278,730.9534,659.5216,-322.96127,1083.2615,647.1953,-336.2195,724.3397,698.84357,-402.68774,1059.6136,649.9762,-370.62274,746.61945,685.28,-444.43597,1050.0905,641.21063,-275.3887,756.04895,673.0261,-344.67105,964.3904,627.7566,-22.173616,845.6857,641.95593,23.014442,993.26526,643.7252,-734.1342,777.1089,682.61,-620.71234,1038.106,892.35,-518.11096,839.6311,922.9888,-469.00983,1036.2404,913.5986,-501.31955,860.1676,945.2841,-462.08008,1052.3473,1003.61615,-728.62744,850.7231,1027.0627,-689.243
hip_hike_right_40396.jpg,979.4894,312.92773,-447.57092,997.18164,296.62988,-415.26425,1005.6294,298.2653,-415.1526,1014.2688,299.77734,-415.07397,974.66925,292.63153,-411.4378,966.9667,290.78665,-410.9906,959.22,289.16522,-410.7622,1029.3157,312.6932,-180.00424,951.48584,296.9648,-157.8809,993.37427,336.29147,-357.44055,963.2806,330.0897,-351.09482,1074.2212,414.5624,-25.251152,884.0472,385.88126,-26.876657,1109.5597,524.3708,-139.21837,825.6508,493.91138,-125.84404,1127.8339,605.5422,-621.21094,805.53296,587.1983,-575.9628,1143.0024,642.0081,-738.75684,787.37915,622.26447,-680.4725,1119.4841,626.68365,-779.37695,814.5813,615.08765,-732.47076,1107.9006,615.85724,-647.10284,830.6988,606.1693,-604.1633,1010.5094,645.5854,12.46722,895.73865,631.4172,-11.408749,1064.4976,731.026,-729.4911,865.8267,687.39355,-727.4474,999.5169,947.7523,-509.29843,810.6321,916.5812,-529.3583,980.07635,967.8018,-497.09003,811.4486,944.09357,-518.39905,983.78345,1045.7728,-756.7458,791.39075,1013.77277,-753.03424
hip_hike_right_40396_flipped.jpg,942.3065,315.04614,-540.99927,947.3072,292.55887,-502.55768,955.00635,291.08124,-502.5249,962.89355,289.41876,-502.47104,924.27014,296.81644,-510.15793,915.15894,298.02872,-509.82233,906.11804,299.39673,-509.73502,969.9892,298.20978,-249.9767,889.7334,311.49722,-275.9736,957.2721,333.6884,-444.60178,926.0831,338.64597,-452.12827,1040.8804,390.51178,-99.49805,835.9876,417.63,-113.51731,1107.3059,485.01862,-181.86655,808.351,539.08044,-241.34906,1124.1339,572.92236,-650.59247,796.45844,614.0231,-725.7212,1142.3833,609.5834,-769.66833,784.4077,644.36664,-825.6726,1111.7289,601.87103,-811.5555,805.2954,630.4795,-882.9811,1099.375,593.091,-677.44836,820.74054,621.9314,-756.0971,1024.1812,625.10266,-7.276784,905.25146,644.7442,7.965524,1102.2317,691.7428,-737.78503,865.6554,727.20233,-713.7541,1107.2769,921.146,-484.45084,919.1306,957.7802,-456.1104,1096.4658,938.5303,-470.90866,938.07306,976.3669,-440.46564,1108.75,1040.3214,-764.688,931.7823,1067.3608,-720.0628
hip_hike_right_42965.jpg,988.5054,299.8143,-506.84045,1001.3514,283.56836,-467.71576,1009.50854,284.1385,-467.60742,1017.8509,284.56848,-467.60187,978.1447,282.62402,-464.51157,970.09906,282.14572,-464.08463,962.0317,281.8802,-463.91953,1031.1411,297.54895,-227.29866,951.93994,293.26337,-208.29085,1003.4713,322.93884,-416.9235,973.02246,320.894,-411.49548,1086.3201,413.16547,-92.15171,885.633,387.53467,-96.43078,1121.6409,532.6117,-267.72534,822.10364,480.94406,-211.32562,1138.6235,621.7572,-802.3002,806.8952,584.9745,-700.54706,1152.3418,658.2234,-936.5232,793.75385,624.0526,-814.9139,1126.2583,641.95447,-970.64703,823.3994,610.6648,-862.83887,1114.5643,630.3485,-827.9606,836.596,599.53705,-728.97833,1021.8466,651.0608,12.164398,903.8761,638.81757,-11.131215,1082.9307,745.37946,-745.4978,861.1662,701.4417,-740.85675,1009.80914,957.6942,-465.8862,824.4832,915.4004,-467.103,989.2264,973.18726,-449.72165,827.5351,941.09546,-448.787,981.6301,1061.5723,-732.55237,809.851,1008.0803,-699.9514
hip_hike_right_42965_flipped.jpg,927.41077,298.8736,-466.13388,937.9097,279.44266,-419.00446,946.5772,278.93756,-418.94324,955.41254,278.24072,-418.77744,912.7721,281.88794,-426.2426,904.0854,282.46454,-425.80765,895.4509,283.25012,-425.83582,969.34045,290.0261,-147.67152,883.18896,295.89777,-163.13387,945.5115,319.5717,-365.9553,913.0584,321.93378,-371.23532,1044.6638,394.69504,-16.445837,834.5924,412.0116,-36.01534,1118.3502,489.90976,-158.99658,808.62054,540.3053,-256.42688,1115.8003,579.6551,-628.4081,791.44867,631.29535,-740.80273,1130.7968,613.2611,-731.2012,772.6342,663.6739,-835.42914,1099.3397,605.3211,-773.45544,796.7786,650.6969,-898.0262,1087.6389,597.82904,-650.87823,811.6604,641.94604,-772.235,1030.6904,636.85974,-20.22491,902.8533,658.4361,20.590218,1073.9076,693.80145,-826.9889,847.1426,707.2144,-750.94244,1113.1395,909.0688,-971.8218,911.9234,968.46796,-674.6188,1110.8466,939.7094,-996.0668,936.4034,989.081,-679.6863,1110.0437,988.91705,-1236.717,927.36285,1080.2065,-961.0653
hip_hike_right_43719.jpg,1080.2784,274.88266,-517.6079,1092.081,259.78604,-475.47397,1099.5667,260.94012,-475.56027,1107.2251,261.9034,-475.67075,1069.3625,257.31268,-478.30807,1061.1394,256.32852,-478.0114,1052.8881,255.5375,-477.80298,1112.7145,277.34177,-252.14072,1037.8956,268.42392,-260.50397,1090.4968,301.53143,-435.89462,1060.6907,297.4734,-438.65356,1158.9122,407.1455,-121.58013,946.6277,377.96857,-112.593025,1195.5498,548.20825,-66.83341,864.4217,500.08252,-39.617527,1187.3068,664.7019,-301.9252,857.59485,618.5514,-274.98395,1190.5237,702.8863,-393.34613,846.9777,655.59576,-348.16388,1170.379,694.62866,-432.53873,871.5689,646.0027,-403.73022,1163.6233,681.9732,-324.78595,881.1058,635.2259,-299.97018,1076.7422,634.68866,10.184427,955.20984,623.479,-9.550859,1169.0266,656.41504,-667.7831,911.9291,650.3702,-699.77655,1102.1072,895.71136,-394.01382,890.7568,894.0663,-410.31427,1084.4692,914.0158,-375.38736,899.81903,922.70593,-391.0516,1083.6317,1005.0188,-625.90436,872.0656,993.42316,-643.78613
hip_hike_right_43719_flipped.jpg,831.98175,271.9247,-514.7881,847.69904,252.56435,-484.18756,856.92834,251.9152,-484.18094,866.30054,251.00397,-484.06802,824.4502,255.08348,-464.5845,816.9127,255.75049,-464.35986,809.3978,256.64078,-464.25082,889.78613,264.89658,-282.75378,811.51697,271.59607,-194.49017,855.69684,295.5605,-440.9883,824.2257,298.3811,-416.05685,980.11176,372.65585,-134.95944,766.54254,403.17712,-38.249977,1056.9717,488.4815,-75.928925,729.50183,541.9112,-22.86821,1067.7007,616.6684,-273.80048,738.672,657.93176,-337.42477,1080.6061,652.38385,-349.60028,733.79987,697.0823,-426.00174,1059.0907,656.1357,-390.82925,753.551,683.7433,-473.7522,1049.396,647.21423,-294.29437,763.12604,671.0425,-363.01746,969.699,619.0531,-29.828215,849.20636,638.60846,30.741692,984.46436,632.36127,-759.5757,760.83905,683.5933,-638.8783,1039.762,878.06714,-530.4285,835.2243,916.84015,-460.60965,1039.1608,898.24615,-512.4355,860.03516,937.2499,-452.95038,1057.4408,998.1044,-761.18414,846.4802,1024.147,-704.8878
hip_hike_right_47193.jpg,942.6078,256.2588,-453.85495,953.3026,235.08778,-404.2213,961.1087,234.81068,-404.18637,969.15,234.38727,-404.02707,929.55835,235.05832,-415.24408,921.12555,234.34273,-414.75058,912.6144,233.85052,-414.89618,977.6387,241.09381,-120.46067,898.01215,239.42912,-159.17627,955.4817,275.0043,-349.67584,925.2498,274.14227,-361.78955,1027.9213,343.82376,-2.9007795,837.4872,346.58716,-19.765705,1056.9099,458.1068,-223.66655,787.0667,466.33713,-305.79553,1076.1924,568.33673,-786.8544,724.2835,557.05615,-843.2152,1097.8391,605.93805,-896.8789,694.26245,589.1638,-948.56775,1071.4364,595.5093,-950.72235,711.117,575.7146,-1019.43146,1055.8779,583.5854,-817.40424,729.0331,568.25977,-882.16815,991.15125,609.9825,-6.812557,872.174,611.4468,7.5781317,998.14453,760.14685,-777.1563,830.4026,677.124,-729.99963,989.9944,941.0225,-1089.361,820.73694,916.63416,-806.33435,987.1136,974.5776,-1136.9259,827.8812,948.62915,-831.1262,957.5434,979.29395,-1399.5437,833.03937,988.281,-1128.027
hip_hike_right_47193_flipped.jpg,985.48004,250.94951,-451.35446,997.435,235.04192,-403.03876,1004.70624,235.23381,-402.92752,1012.18176,235.23712,-402.7246,975.9694,235.11646,-407.17166,968.66223,234.79478,-406.7214,961.3759,234.70992,-406.63492,1023.4844,245.93039,-138.71236,951.6843,244.45009,-151.78099,999.0369,271.41916,-354.02682,971.1362,270.61118,-357.98114,1079.1056,342.01068,4.212821,891.5682,354.14856,-28.765747,1144.3893,440.50787,-126.782326,851.0399,474.64505,-135.92595,1199.0969,540.70776,-620.8309,840.1439,582.02795,-557.7717,1226.7617,572.1317,-740.8287,831.78326,615.21655,-658.91534,1200.35,563.9848,-792.2596,851.7798,601.02124,-717.0485,1185.3306,558.3273,-653.46265,862.49603,592.2626,-588.13367,1045.2606,597.55493,12.77271,934.65796,612.9513,-11.695423,1065.0493,674.94977,-807.70447,939.77905,698.7114,-725.47406,1084.3499,889.95825,-709.5932,932.9681,914.7229,-638.6395,1081.874,920.2685,-714.45337,936.6592,942.0669,-645.7378,1078.6497,960.53516,-1012.25226,955.99725,993.8898,-910.90454
hip_hike_right_47253.jpg,1077.7358,269.05844,-552.95654,1090.5862,254.30338,-505.99982,1098.4689,255.57079,-506.09305,1106.5105,256.64093,-506.2523,1066.9634,251.77786,-507.10577,1058.4636,250.86104,-506.78702,1049.941,250.1584,-506.5661,1112.9023,274.02716,-271.2366,1035.6752,264.68423,-270.87225,1088.7789,297.387,-469.0749,1057.7654,293.18332,-469.30786,1157.5691,408.72653,-136.85312,944.6744,377.468,-124.73884,1204.1775,547.11145,-95.79278,864.29974,496.57538,-47.390553,1187.6511,670.44275,-336.04028,850.10815,621.15234,-311.6454,1189.0111,710.0285,-425.9079,837.37805,658.2373,-392.77563,1165.872,702.54083,-463.3586,860.5234,651.02844,-451.918,1160.389,690.11066,-357.48978,871.87317,641.2807,-340.16214,1069.3297,634.1036,20.309116,947.8891,622.32477,-19.624613,1169.0018,657.84564,-679.5387,923.1822,649.21344,-744.36566,1091.7783,896.8814,-389.98877,887.92065,888.4996,-444.88785,1071.2521,915.49786,-370.31326,892.19385,917.1304,-425.32843,1074.2014,1004.3967,-635.25684,875.45825,984.66376,-691.62537
hip_hike_right_47253_flipped.jpg,842.1311,273.48505,-511.47394,856.85657,254.39476,-479.5961,865.8528,253.96478,-479.6176,875.00275,253.29385,-479.52264,833.5226,256.3282,-463.64767,825.76556,256.83054,-463.42743,818.0169,257.54434,-463.28494,895.5208,267.49567,-272.7341,817.2075,272.576,-200.43086,864.1322,297.52097,-435.1562,832.3937,299.63596,-414.72977,980.6353,377.03693,-121.098976,767.7581,402.647,-46.441048,1060.9655,492.70267,-65.33535,724.2004,544.843,-48.87587,1071.9685,623.5958,-259.35864,728.77704,661.56146,-368.96875,1085.2891,660.66174,-337.49957,721.7134,701.6086,-454.8338,1062.6229,664.3695,-376.63672,743.71063,687.5792,-500.46484,1052.7227,655.1466,-280.14822,754.0471,675.2157,-392.7083,967.47986,628.1944,-25.677662,847.92737,642.99695,26.515451,982.9308,637.07526,-778.064,768.6129,678.15,-652.2578,1035.7186,887.3181,-528.7294,830.87195,914.1287,-463.61517,1036.1849,907.31976,-508.25604,853.47095,935.34174,-452.85733,1049.2606,1005.2859,-741.7381,835.99835,1020.2376,-685.77997
hip_hike_right_483.jpg,935.36,252.02856,-471.07855,947.1044,233.21568,-417.83963,954.6901,233.4397,-417.82364,962.52124,233.53108,-417.62753,923.85645,232.13437,-428.16077,915.6168,231.10263,-427.61752,907.2941,230.2971,-427.61145,970.6913,242.60529,-122.67493,893.1841,237.58272,-162.20844,947.5545,272.49307,-363.92377,917.48627,270.29504,-375.83755,1019.4207,346.4506,39.189423,830.8721,347.633,-27.069347,1053.2599,462.46014,-95.12449,783.6012,473.63196,-236.62607,1083.3661,572.0837,-599.6517,719.10785,565.9096,-715.41583,1105.1503,609.1366,-706.484,690.791,594.3917,-813.5095,1083.4773,597.96967,-766.3479,702.59204,583.24146,-883.52094,1069.3292,587.2299,-633.28186,721.1096,577.248,-754.1519,984.1232,607.6849,27.729591,866.174,608.82733,-26.71113,996.6008,728.8339,-758.59393,857.4451,673.7183,-795.6416,976.62366,934.2139,-794.4374,828.79175,908.7655,-764.5452,967.9408,960.73315,-813.17175,828.80115,938.06024,-776.10315,951.1136,1006.56195,-1124.0254,843.16315,994.03625,-1078.8098
hip_hike_right_483_flipped.jpg,990.7759,254.3193,-445.73532,1001.7716,236.13023,-403.2413,1009.59766,235.87477,-403.09528,1017.6306,235.45744,-402.8422,978.8221,237.15617,-406.0637,970.7645,237.21698,-405.59747,962.7253,237.50087,-405.54404,1029.6523,245.30316,-144.06888,952.05145,247.3118,-154.50883,1006.4716,274.27087,-348.26938,976.3749,274.97913,-351.10406,1085.9927,342.72867,8.018616,894.8382,352.208,-7.820226,1155.1715,444.51144,-95.83724,855.30896,475.8152,-106.19578,1206.0012,548.9314,-547.7,835.3915,578.7654,-544.475,1231.6034,582.36914,-660.3976,823.57556,610.4948,-646.14136,1204.6681,575.5746,-712.6939,841.3472,597.4645,-704.6053,1190.5857,568.7128,-579.7422,854.5545,588.94977,-576.57043,1043.262,607.63184,10.159757,933.5132,615.69104,-9.223803,1059.2294,678.8441,-791.21826,919.2593,690.71643,-700.1472,1073.1016,905.1526,-644.03955,943.9296,900.9689,-531.8481,1067.6718,933.64514,-643.2985,955.6279,926.7622,-530.3915,1074.6654,987.5394,-942.2272,959.2507,984.1751,-792.96387
hip_hike_right_49167.jpg,939.57764,289.6591,-559.232,948.921,269.71133,-522.24255,955.7045,269.62955,-522.21814,962.7169,269.39453,-521.9669,927.59033,268.7317,-530.6326,919.72943,267.6574,-530.08563,911.8492,266.7682,-530.2466,968.10266,272.47882,-248.10454,895.7312,268.4294,-288.16248,948.6104,305.9961,-451.63095,921.87115,304.24265,-463.28052,1017.1454,356.67538,-80.68885,830.554,355.55835,-119.66218,1065.211,465.3934,-240.51747,768.1896,465.87854,-306.59683,1086.5559,568.78156,-785.7452,724.9626,558.293,-806.7099,1103.1417,604.42065,-916.41394,705.0059,588.8036,-927.5049,1075.498,595.42883,-961.5538,725.0645,580.15424,-987.6456,1063.5004,585.54504,-814.9147,742.2557,574.7163,-840.39966,984.08624,611.5163,16.568,877.82086,615.9853,-15.432621,999.49927,718.855,-734.39935,877.3953,702.7392,-770.34973,977.1268,923.6909,-511.4751,833.91223,923.6637,-549.2411,969.2463,951.77545,-505.82898,831.8791,950.6222,-542.2419,960.09143,997.03015,-797.9001,837.61536,1006.8014,-817.77246
hip_hike_right_49167_flipped.jpg,992.44574,293.49835,-496.78638,1001.2309,270.05472,-460.4497,1009.4996,268.81802,-460.36426,1017.9737,267.42502,-460.0877,977.33057,272.40408,-467.20175,968.3639,272.62787,-466.69965,959.4466,273.02466,-466.6672,1028.5327,270.80396,-204.88762,946.5579,277.4966,-233.77623,1008.68225,309.03387,-396.44766,977.4743,311.73038,-404.51855,1090.0182,352.77115,-48.49982,893.51807,364.77094,-69.30846,1159.2041,466.66568,-157.57452,857.2499,489.46725,-195.81146,1202.9635,559.9197,-596.6998,834.1775,578.07153,-629.27826,1226.4008,590.60974,-711.00323,822.2055,606.30945,-734.315,1197.2544,580.44293,-753.3541,837.09094,593.7422,-785.8515,1181.998,573.6097,-623.2061,850.0087,586.5792,-659.46765,1047.7859,607.57935,1.5467128,936.5031,616.0332,-0.46118245,1066.0162,677.6605,-756.28705,930.8649,684.344,-701.385,1083.18,893.507,-620.06915,932.5374,885.1944,-518.9426,1083.1088,924.6316,-621.1368,940.94006,911.95795,-516.65717,1072.354,968.46344,-916.2856,941.9743,964.7259,-768.9041
hip_hike_right_50.jpg,936.865,267.43634,-504.21118,948.11694,246.3266,-458.1036,955.9402,246.1088,-458.0692,963.99274,245.77103,-457.76544,924.0321,245.8196,-468.9247,915.39435,244.87527,-468.50388,906.71313,244.12627,-468.66885,972.15625,251.38853,-175.13762,891.39935,248.53578,-218.44307,949.4769,285.70648,-398.6222,919.0295,284.5365,-411.27722,1018.4929,348.04053,22.79204,832.32166,346.6638,-76.21117,1060.2162,454.1193,13.932442,786.8635,470.88113,-258.19543,1077.7506,573.6373,-370.97495,724.1803,560.0344,-710.83606,1095.0236,610.54126,-461.75104,694.883,586.8931,-810.9861,1075.81,603.173,-527.18634,708.48517,575.7859,-883.6877,1062.82,592.29956,-404.4544,727.55176,570.4386,-750.49854,978.0885,604.31866,27.999552,863.0977,601.7113,-27.054928,980.6742,741.5696,-732.1962,854.04645,685.6336,-730.00964,972.73645,924.6392,-746.3287,820.86456,898.7709,-638.7964,964.1526,952.73,-763.8869,819.9455,924.24225,-646.0553,956.31555,982.48596,-1056.3876,836.38885,980.9444,-940.432
hip_hike_right_50_flipped.jpg,995.7948,266.97974,-402.7634,1005.4954,247.68639,-363.20236,1012.92,247.0863,-363.059,1020.54395,246.34128,-362.95038,982.93445,248.96727,-369.3301,974.89026,248.84454,-368.89606,966.8773,248.94118,-368.68,1030.0054,252.37054,-112.58852,954.34985,255.12059,-129.5392,1009.6179,284.31842,-306.57846,981.3003,285.33887,-311.82486,1083.1254,344.99667,33.597298,896.7777,349.70178,35.103596,1148.5961,447.7113,-40.413334,867.18713,470.7366,76.44772,1202.2197,549.6038,-464.10928,834.41296,584.44824,-241.28926,1230.4688,580.43604,-563.85815,817.3912,613.97424,-310.09558,1206.8958,575.447,-619.73596,827.55493,606.3858,-386.80984,1191.8148,569.40283,-495.069,843.07794,599.60315,-277.01187,1042.1123,603.2936,7.3229704,932.69226,608.99493,-6.41224,1067.0011,689.82294,-788.54987,941.6067,696.9229,-689.3191,1079.1967,907.9828,-659.986,939.4026,903.646,-552.2493,1075.2203,933.54016,-660.9032,944.111,927.56573,-553.4324,1073.0671,988.34534,-955.065,959.7229,989.01544,-802.1315
hip_hike_right_6927.jpg,1076.6921,275.55066,-522.674,1088.9363,259.73163,-481.36346,1096.8485,260.70508,-481.41833,1104.9332,261.4793,-481.5334,1065.1461,257.61285,-484.46994,1056.5779,256.69717,-484.17102,1047.988,255.99498,-483.92435,1112.0546,276.46173,-258.8975,1033.5941,268.53702,-263.35532,1088.3348,301.96222,-440.43045,1057.5997,298.5272,-441.97037,1159.5739,406.93552,-139.21732,945.975,372.91843,-113.28765,1199.4329,549.9023,-111.751335,869.6535,493.67224,-5.142785,1188.4634,672.57214,-349.42642,851.5205,621.9471,-224.93405,1191.686,713.5229,-442.22516,836.7929,659.1699,-290.146,1167.8514,704.8942,-479.55157,860.48,653.5621,-354.73163,1161.0608,691.5193,-370.4643,873.1992,643.3618,-252.40619,1072.4968,634.34094,13.827104,953.1224,621.41925,-13.287125,1157.5878,652.5476,-671.25555,925.0141,646.47345,-695.4394,1090.9569,898.09564,-399.8144,894.5557,887.8193,-387.5136,1073.7716,917.59424,-381.92776,901.6856,917.9303,-366.00244,1071.1611,1007.6964,-634.1469,874.65436,985.36456,-611.7073
hip_hike_right_6927_flipped.jpg,843.64075,272.52576,-496.34158,857.62744,254.05081,-463.51657,866.4893,253.61855,-463.52466,875.5021,252.94006,-463.4439,834.4103,256.2487,-451.98688,826.585,256.90405,-451.77225,818.788,257.76105,-451.6266,895.0156,267.49042,-250.6241,816.3904,273.203,-195.61792,864.88257,296.3766,-416.1371,833.39197,298.743,-400.74222,981.03046,374.8152,-102.760445,767.5194,399.19278,-20.622036,1060.7346,491.22034,-47.43721,723.7063,534.1719,-4.277461,1070.9371,621.2109,-247.84581,728.7712,645.9248,-316.71597,1085.4749,658.8723,-327.51013,720.7366,684.2904,-400.28503,1061.4554,662.34174,-370.28607,744.6297,670.839,-450.24576,1050.479,653.6618,-269.34015,754.37305,659.00385,-341.5933,965.87494,621.1997,-31.723545,845.8401,637.16394,32.528873,976.8046,624.5342,-810.6704,769.54926,677.32025,-644.67163,1041.6481,871.83057,-662.6584,828.9743,917.5982,-532.7683,1046.5641,897.2965,-653.9429,854.76105,943.1051,-531.9091,1050.8368,976.7516,-905.4955,825.5803,1017.4323,-779.3692
hip_hike_right_7857.jpg,1076.4495,277.76883,-530.18823,1088.8816,261.42166,-490.24973,1096.6687,262.3105,-490.29813,1104.6384,263.008,-490.4168,1065.7571,259.45,-492.57803,1057.3905,258.54425,-492.28473,1048.9895,257.8464,-492.05835,1111.9438,277.45682,-267.95422,1034.9639,269.9248,-271.33365,1088.0549,303.254,-447.83325,1057.6904,299.7998,-449.0066,1157.8019,405.94897,-138.87022,948.29785,374.12024,-130.47238,1201.8481,547.54004,-103.111824,864.7544,496.45572,-46.826508,1189.3969,662.4741,-337.23975,853.529,626.31824,-252.81068,1190.9552,700.5365,-429.74588,839.6751,663.25867,-320.96808,1167.4899,691.25006,-464.0416,864.84375,657.959,-378.8405,1161.2471,678.58594,-357.19104,875.9607,647.2689,-278.53333,1070.7959,629.82056,24.69498,952.3009,618.0416,-24.078384,1172.8832,671.95215,-643.4957,926.9772,657.8226,-708.0022,1093.8328,898.90814,-368.4938,887.48486,889.7727,-417.8225,1071.827,914.96136,-350.36377,888.4089,917.3504,-399.04614,1077.3278,1004.804,-606.75714,881.2977,984.17944,-652.81195
hip_hike_right_7857_flipped.jpg,843.6164,276.15857,-533.3194,856.86896,256.33524,-501.5117,865.759,255.50336,-501.54727,874.7954,254.42302,-501.47388,833.39026,259.3537,-489.32614,825.387,260.23892,-489.0974,817.3861,261.33115,-488.9689,894.54504,267.83682,-295.8732,814.6349,276.56732,-238.69691,865.5074,299.18338,-456.116,833.80536,302.53592,-439.92282,980.6321,373.9138,-153.90443,767.81024,401.67603,-82.66179,1060.2645,494.77618,-112.22833,721.3295,540.315,-58.890766,1074.4362,624.4212,-306.59506,735.9651,661.78503,-325.95844,1088.6554,661.9433,-388.6635,731.31586,702.7705,-408.25546,1064.6572,664.10126,-428.02054,754.3855,689.5832,-455.42944,1053.9468,654.1794,-328.1028,763.2665,676.17755,-349.77692,968.0816,617.56995,-18.996336,850.0031,635.2008,19.858877,1012.8453,643.47034,-748.6834,776.49677,689.0266,-651.7683,1039.8707,894.8873,-492.67697,838.16254,925.79974,-440.0518,1034.9008,919.6028,-474.67813,863.06274,950.1214,-429.06757,1052.9851,1003.32556,-728.14734,832.8377,1028.0771,-673.0934
hip_hike_right_9965.jpg,984.799,308.4983,-482.03418,1001.3229,292.98953,-449.18463,1009.5185,294.5939,-449.11252,1017.94385,296.05518,-449.0155,979.4823,289.28952,-440.2962,971.9704,287.73288,-439.87216,964.41504,286.38397,-439.73572,1033.2981,310.56345,-219.17352,957.33527,296.04065,-177.7053,999.1175,332.2058,-395.03574,969.16705,326.27475,-383.04102,1082.9315,416.3587,-79.677246,890.1431,384.51382,-58.132263,1115.1136,527.8272,-219.33333,822.9659,488.21457,-222.98871,1126.9045,601.1075,-704.65436,796.8049,571.70984,-719.96204,1138.7227,635.9535,-823.4088,779.98505,607.89386,-829.1164,1113.854,617.0178,-857.9231,807.79663,597.1174,-870.25476,1103.9282,606.1331,-728.95135,822.65234,589.37054,-745.3171,1012.3961,642.7957,-4.571185,896.7743,625.8908,5.5481396,1058.7069,734.7487,-717.45416,832.5311,686.1334,-720.83466,995.2436,953.99664,-372.58224,816.7553,914.1445,-413.854,976.0407,969.97235,-348.16977,826.8139,936.2716,-391.1756,979.07294,1069.2925,-603.29913,798.09784,1021.70886,-637.8817
hip_hike_right_9965_flipped.jpg,937.43256,309.3592,-441.23712,942.58307,287.06213,-398.80902,950.3972,285.7682,-398.78006,958.36005,284.2853,-398.6705,918.98303,290.87473,-408.69788,909.69116,291.9359,-408.27728,900.459,293.15295,-408.30063,964.5489,293.45343,-146.21814,882.6387,305.7129,-183.7,952.1981,328.64105,-346.2425,920.12256,333.05093,-357.37753,1036.6381,383.75348,-24.620197,829.2522,414.97345,-51.893135,1111.3108,474.46054,-160.37164,807.0956,536.70374,-272.72647,1128.2351,563.7283,-650.818,802.1147,603.68286,-773.3356,1147.6686,599.87585,-777.4951,793.4633,632.3612,-876.1998,1112.2849,594.0489,-810.05524,813.2378,616.2955,-922.67,1100.2555,586.69244,-675.0929,826.33356,609.06946,-799.16046,1031.6548,628.59705,-6.5097647,912.71094,653.8036,7.292284,1094.4603,665.9599,-724.0767,888.66473,724.91705,-723.0085,1108.2755,892.31635,-527.836,927.75586,958.8195,-493.7824,1101.7158,910.28094,-518.4572,945.0407,976.86914,-480.99524,1108.1797,1010.3009,-785.678,936.73346,1075.277,-729.6145
