leg_extend_end_11552.jpg,793.80597,387.04523,-307.7675,784.82385,363.8261,-284.42297,781.5295,363.67792,-284.41034,778.4319,363.36688,-284.23233,785.8223,362.8707,-353.47723,782.362,361.29776,-353.41525,779.08954,359.81534,-353.5461,747.23785,363.31546,-150.41281,747.11975,357.5944,-469.97018,773.2528,402.81674,-253.93536,774.0568,399.9064,-347.22488,715.8548,436.71527,7.932559,675.10846,469.1873,-606.5954,758.54474,577.0262,21.907137,712.3016,638.9791,-737.9027,811.5956,693.2931,-103.92597,809.345,781.3836,-799.9784,829.3783,719.1472,-105.70569,820.6211,823.7759,-903.97455,832.6257,712.77454,-168.21812,851.9435,810.33734,-895.91974,824.0848,705.38354,-137.05678,847.1297,793.8886,-798.81213,789.2341,691.565,203.46552,773.0057,726.74255,-202.97566,935.4895,774.549,393.7783,974.9502,709.50946,-412.4805,954.588,937.30646,686.5211,1184.502,767.71045,-324.5742,936.1985,970.4122,710.9129,1203.6221,797.23883,-318.407,1044.3746,966.66974,665.9549,1280.1915,730.931,-491.25922
leg_extend_end_24936.jpg,797.1985,382.1349,-310.52805,788.6818,359.47586,-297.07553,785.4582,358.6112,-297.09888,782.45935,357.5876,-297.02972,790.59766,360.87012,-365.4568,787.46155,360.24957,-365.52313,784.55164,359.64264,-365.58463,751.143,358.85852,-200.04466,755.1335,359.20016,-511.7367,776.90704,397.65628,-266.22437,778.3633,397.36234,-357.31018,692.51825,427.37866,3.1688395,702.8376,472.12335,-623.77313,717.5725,569.6549,116.04862,730.8782,646.9155,-708.6921,772.4012,673.59033,70.04384,808.7949,776.4946,-682.2422,788.6072,694.92737,77.30812,820.0521,818.3619,-766.55426,796.7536,696.19104,23.571932,844.1372,802.1554,-761.5101,790.1777,692.80255,42.468906,836.0538,787.4353,-679.6648,777.4193,680.5126,211.5979,785.02936,732.93756,-210.80968,941.9717,700.41406,462.02606,996.6664,771.54047,-240.80237,1022.7627,804.9283,717.8983,1045.6373,935.4773,-82.59206,1016.5542,837.47815,738.4548,1029.4631,967.9705,-67.334915,1118.4865,796.8059,739.0776,1135.2284,958.0885,-137.5259
leg_extend_end_25338.jpg,794.99304,387.42798,-288.69983,786.0806,363.1708,-278.10632,783.6764,361.8745,-278.03217,781.49243,360.4283,-277.93497,787.6895,364.91287,-341.71533,784.7731,364.3113,-341.8032,782.05884,363.7515,-341.9569,753.8771,359.22873,-187.63467,755.0681,362.63812,-474.64963,777.9239,401.40616,-245.97986,778.7072,402.243,-329.54068,712.8377,424.91837,15.01892,705.41785,474.22095,-589.8685,748.4712,566.0119,131.86958,747.70886,651.8162,-665.0028,807.9106,654.5767,64.03012,825.4362,783.07965,-614.0606,822.4714,672.16095,59.175983,835.25433,825.0163,-691.3726,830.6248,664.7907,6.6735177,860.3924,807.4484,-689.26355,823.56573,663.46204,34.03736,853.64716,792.0209,-611.7036,793.8737,675.2315,206.95264,795.0258,731.6553,-206.13164,934.1476,724.02094,526.23553,1003.8469,790.9582,-289.6699,984.7875,825.0162,830.372,1010.5687,975.30035,-138.34186,969.7134,855.42694,856.8354,982.67163,1007.1828,-122.156456,1083.1727,833.923,863.4966,1108.741,1017.78015,-197.50833
leg_extend_end_3076.jpg,791.7972,381.8811,-339.22876,782.46,358.38638,-314.71344,779.26294,358.1102,-314.72083,776.26105,357.6775,-314.58234,782.52783,358.0016,-383.70624,778.776,356.67093,-383.65265,775.2251,355.40903,-383.76904,744.564,358.373,-176.95317,743.08954,354.02356,-496.29163,771.79584,398.328,-283.39444,771.8125,396.03564,-376.5836,707.00085,433.15457,-4.2187934,678.7853,467.91022,-632.703,744.8262,573.02765,15.147287,710.8057,642.05743,-757.774,800.1886,686.5523,-103.14245,804.10913,783.08496,-803.13043,818.7866,710.66943,-104.40339,817.4079,822.4899,-907.70746,823.73193,705.39526,-164.8884,843.1156,809.84686,-896.37634,815.5108,698.1087,-135.1327,836.99097,794.051,-801.65204,779.35547,689.12836,203.76297,770.0554,723.5391,-203.39946,924.0394,772.7364,432.88766,986.665,721.7272,-286.0663,951.6122,933.8822,724.7767,1200.9315,776.35754,-181.22461,938.21857,968.4338,747.907,1220.2081,809.9445,-174.77779,1036.1055,956.0284,710.0725,1294.2688,732.6713,-322.10452
leg_extend_end_3076_flipped.jpg,1127.7363,363.06125,-57.870575,1133.4266,343.61475,-105.2937,1135.711,343.03162,-105.198456,1138.3497,342.5235,-105.29659,1136.7079,342.2304,-40.496166,1140.5247,341.19778,-40.580112,1144.5494,340.2463,-40.47927,1166.5703,344.6068,-289.0412,1174.9655,342.42758,10.703763,1143.1511,379.58496,-122.299805,1145.8812,379.0844,-35.01812,1198.0842,453.60406,-464.85245,1265.0173,425.74142,126.478645,1174.1069,620.99115,-571.2476,1287.555,579.6587,152.49896,1112.7594,770.08014,-548.90466,1247.0321,678.25305,95.42313,1109.4585,808.1147,-622.6002,1243.1823,698.4924,119.29878,1088.1099,807.16876,-595.88184,1229.3036,696.8402,68.58217,1092.0323,790.5468,-536.8698,1229.3644,691.297,72.31717,1133.2484,702.6378,-183.83705,1169.5656,701.36505,185.1032,919.0886,686.79156,41.00904,991.3521,789.36847,399.22992,755.2053,752.03485,171.3284,933.3199,927.40967,433.8744,747.2296,780.1677,182.2279,945.5493,956.7619,429.86908,671.3018,721.992,143.3917,861.8503,945.7368,367.88446
leg_extend_end_34048.jpg,798.83496,384.52417,-267.37708,792.49304,361.29114,-241.58057,789.6393,361.51877,-241.57092,786.9635,361.57538,-241.40628,792.3366,358.8568,-309.84357,788.7819,356.50995,-309.81696,785.3638,354.2401,-310.014,756.93005,360.13068,-98.69996,754.3377,349.776,-414.25665,778.0496,401.21088,-210.83177,777.9203,396.3317,-302.58807,726.6654,437.66235,75.229965,674.1633,458.4358,-580.7899,762.8622,575.8986,104.41622,707.5571,632.56964,-701.55206,813.3843,677.8295,-42.31522,802.8971,769.13806,-713.8286,831.2223,701.16705,-49.85355,816.69885,808.3277,-803.9486,834.59564,693.1613,-109.65949,842.34406,794.9184,-791.54004,826.30597,686.0461,-74.85939,836.31525,779.8382,-709.6064,783.6356,693.1518,212.1732,757.7599,725.2712,-211.66422,948.94836,749.8777,260.68994,967.64417,718.1935,-334.14444,950.64935,922.1401,473.5293,1189.5222,775.4778,-300.83795,929.2939,958.1034,489.61755,1208.445,812.7836,-300.97784,1030.0182,951.4763,434.3349,1290.5247,728.2721,-449.26608
leg_extend_end_34048_flipped.jpg,1117.8777,367.59033,-398.68625,1124.0914,348.49268,-456.98804,1128.4253,348.60938,-456.94553,1133.0151,348.81076,-456.9349,1123.3987,345.17935,-378.6258,1126.1619,343.48746,-378.7681,1129.0961,341.92297,-378.464,1164.9867,352.84616,-612.3233,1160.4413,345.21808,-244.47049,1138.4758,387.46164,-452.0921,1136.5986,385.55432,-345.07947,1220.3234,473.55872,-745.5086,1234.1113,423.15436,-42.87598,1184.5198,640.666,-846.6208,1230.9823,597.2147,-16.414707,1106.3596,772.8852,-899.7659,1180.2343,706.7363,-168.44696,1099.637,812.2705,-1028.8832,1169.8116,734.8641,-160.43271,1071.1078,805.7427,-1016.15686,1159.9572,735.26074,-228.52106,1075.3927,787.6581,-897.9812,1163.6355,725.1989,-198.59172,1148.1472,711.8575,-220.3938,1156.7007,686.0719,221.78409,941.38495,679.663,-194.74948,949.0383,738.0306,377.49042,741.052,718.70966,-53.863724,926.52057,902.736,464.612,724.14325,744.4876,-44.036846,943.0197,937.52454,468.6076,628.0047,663.7293,-154.39072,851.01025,922.4995,389.9627
leg_extend_end_40123.jpg,791.01886,387.378,-298.2167,782.94104,362.1965,-283.35742,780.1665,360.74753,-283.31113,777.63135,359.15012,-283.27563,783.14703,363.43097,-351.71198,779.3064,362.20514,-351.75595,775.6524,360.9926,-351.8321,746.24097,354.07938,-180.12259,743.47723,355.77042,-491.57782,769.94257,399.70935,-252.4821,769.491,399.6232,-343.53995,700.9766,415.70923,18.97944,674.6156,454.4256,-629.81177,731.89246,555.7423,90.18096,700.5957,633.40497,-730.1863,791.05756,650.2279,-13.559872,799.31415,772.3904,-708.0636,806.7732,669.90186,-23.669739,812.7076,813.16754,-796.86755,812.68994,663.33514,-74.4844,840.1624,798.75903,-780.95575,804.37225,657.63837,-43.392296,831.13385,783.8117,-701.44745,785.7022,671.8804,213.04494,776.1702,715.22314,-212.26108,934.86395,742.327,407.88458,994.8353,765.24243,-204.27751,965.522,872.13336,611.47,1083.727,909.9392,-87.39802,948.88855,902.56195,626.60785,1067.8921,944.4419,-78.90802,1063.2162,892.7435,608.34644,1191.6001,929.6871,-163.39287
leg_extend_end_41106.jpg,790.396,381.24167,-226.23863,781.7764,357.52057,-202.1449,777.9394,357.73517,-202.14572,774.2997,357.80423,-202.08043,783.1947,355.27368,-271.37228,779.6264,353.00998,-271.38916,776.1936,350.81625,-271.461,740.259,357.94672,-79.88215,742.468,347.38422,-398.32794,766.8012,398.90308,-178.28876,768.2088,394.0443,-271.36652,696.45746,438.20453,78.03232,663.54974,457.3461,-561.87964,728.9623,586.5594,75.67389,700.42926,635.99335,-687.53595,797.38806,704.54877,-80.31526,802.0618,774.81476,-711.2988,819.41254,729.36487,-85.602615,817.15607,813.7041,-808.7294,823.79645,728.2505,-145.62715,844.5089,799.31946,-789.0226,812.2485,721.6138,-113.725426,837.99896,785.5853,-705.2386,764.3702,690.13556,194.59114,747.80963,720.67535,-194.0122,930.16815,749.0968,255.24843,971.83844,714.1648,-271.09967,967.03516,907.7189,444.9703,1186.8354,771.9329,-182.56676,953.2127,939.56195,457.97174,1204.5327,802.7447,-176.51923,1051.0406,933.8403,395.97717,1282.8896,738.9014,-318.06375
leg_extend_end_45010.jpg,785.3362,386.7916,-281.23267,778.05,363.01126,-264.06763,776.30383,362.1697,-264.03986,774.767,361.20422,-263.98175,777.7254,363.0869,-330.2322,774.3031,361.7807,-330.30524,771.03845,360.48663,-330.44272,747.4637,358.67453,-144.42767,743.3422,357.2157,-446.0032,768.484,400.04095,-229.01355,767.0423,399.18176,-317.57455,707.52185,426.17798,71.1201,690.3618,457.62808,-585.03217,735.883,566.2522,148.00288,735.27747,630.34827,-681.28064,786.352,657.9338,36.486084,815.8436,768.422,-618.7294,799.73193,677.3827,28.688925,825.0142,808.39453,-693.9393,806.654,670.52094,-19.979353,847.1324,795.2338,-682.6316,799.3207,666.3109,6.2777095,839.4209,780.9001,-613.3608,791.76117,680.45154,224.22716,785.19336,727.84784,-223.20844,949.05774,724.53735,436.94937,999.16315,785.07294,-273.9804,1012.4702,835.53546,641.01416,1043.5582,957.7751,-146.58914,1001.1099,869.6895,655.8018,1021.7062,993.1286,-135.54868,1114.4519,840.0541,645.56085,1142.513,989.8947,-217.63298
leg_extend_end_45010_flipped.jpg,1134.0337,376.6297,-221.41403,1141.2592,354.0266,-264.7625,1145.5328,352.79083,-264.76398,1150.0582,351.56445,-264.76202,1138.9774,353.61508,-191.56427,1140.7643,352.5344,-191.68362,1142.7957,351.59793,-191.58145,1179.7102,349.1857,-404.93777,1172.4127,350.62366,-66.0984,1152.7042,391.59055,-269.7545,1149.4918,392.4473,-171.93225,1224.5474,453.9499,-560.37476,1245.715,438.26044,125.23364,1189.0696,632.5339,-651.10504,1232.3704,613.9896,122.776596,1110.77,771.83136,-639.3679,1158.851,725.74207,-1.8208457,1097.0032,811.88135,-732.6668,1142.0198,752.54407,9.033716,1081.2817,803.21783,-704.9922,1131.0671,748.8943,-45.39342,1088.888,791.28046,-630.0695,1135.8994,741.12244,-28.933208,1153.0745,725.61914,-218.24054,1156.5276,692.3176,219.07855,950.7843,797.37085,-265.22092,931.56464,682.74664,279.7583,922.03485,979.1144,-42.433838,763.64734,745.2307,355.396,939.356,1015.0843,-20.043282,753.24335,780.5305,357.84488,845.36096,1001.6235,-103.22472,661.90674,698.31537,294.89667
leg_extend_end_7786.jpg,788.6469,375.17743,-326.3899,778.872,353.6868,-297.17517,775.82587,353.65152,-297.2282,772.98224,353.45706,-297.1365,778.8565,353.18164,-369.06342,775.23486,352.12704,-369.0238,771.82385,351.1228,-369.1162,742.50275,356.65778,-148.93161,740.9178,352.13974,-481.80698,770.0211,392.4928,-268.12735,770.09485,390.31195,-365.18896,709.7575,438.5345,26.300718,679.3031,467.38885,-624.5819,748.19855,583.715,52.48855,711.76746,643.2388,-767.5964,807.84955,704.1615,-88.23357,805.9427,779.1682,-807.1504,827.6746,730.7155,-97.25674,822.31213,817.1426,-905.3762,832.9293,729.0406,-155.30269,843.61786,805.70105,-901.19885,821.6641,721.5287,-121.16316,837.14734,790.22974,-806.8322,778.6076,692.27136,216.1209,770.3805,726.4191,-215.52048,924.38196,764.64343,507.69495,990.07587,717.4017,-302.21503,942.93536,917.28265,824.1495,1207.163,769.8797,-179.61792,927.8178,949.0257,850.6128,1228.0487,802.29144,-171.09631,1027.8107,939.672,818.1507,1301.1921,724.07263,-331.4884
leg_extend_end_7786_flipped.jpg,1133.2043,363.97968,-302.64072,1141.8254,344.85507,-348.06232,1146.7362,344.83286,-348.08035,1151.9371,344.86905,-348.1997,1138.5554,341.8669,-278.1765,1139.8165,340.14563,-278.14413,1141.1514,338.51303,-278.00742,1184.4644,347.51505,-477.0555,1170.6388,340.07913,-158.50838,1153.9224,381.78696,-344.55713,1148.6846,379.6473,-251.68613,1237.1241,465.12646,-590.98334,1238.019,410.97577,29.253658,1203.8201,636.66187,-645.7804,1208.6855,553.7264,133.62259,1110.5348,769.56146,-629.6804,1147.6956,631.18225,45.80403,1102.4885,809.76965,-714.18353,1135.4966,651.27515,61.077763,1075.8093,804.46313,-701.0364,1127.1282,646.76807,-3.9460716,1078.5516,786.32043,-621.40826,1133.0875,641.1712,19.237123,1150.1653,701.2341,-188.89604,1156.0593,684.22736,190.31604,937.33856,694.2743,-81.60687,993.42065,797.98737,373.8422,722.575,733.39813,57.131813,958.99854,924.57404,541.0046,702.801,757.0061,70.56538,972.8502,949.1685,554.40765,622.1708,700.12885,-40.83232,892.44916,957.3309,459.69214
