oblique_twist_end_10100.jpg,1172.2819,130.49675,257.0955,1173.2943,115.46501,175.43509,1167.7955,115.53514,175.60054,1162.7551,115.372986,175.50012,1194.4481,116.95586,201.62418,1202.8724,117.20048,201.59659,1211.2847,117.903206,201.4667,1166.2454,130.44957,-103.85529,1230.6427,133.2266,29.28447,1162.7482,151.18298,170.48564,1182.1667,151.69524,208.68655,1107.2634,243.37062,-326.90717,1319.6666,270.6325,52.180523,944.74524,319.08075,-306.4421,1434.9518,400.8117,231.67828,796.3518,323.03568,-263.01202,1358.5317,413.8705,656.8472,755.5738,330.50684,-297.49454,1351.578,414.69995,733.844,763.1483,308.99127,-271.08078,1321.243,406.65927,707.79724,782.6001,309.09204,-248.67331,1321.0746,407.6638,660.6144,1137.6826,596.3694,-163.09877,1240.0309,605.9862,163.24023,1113.6978,831.74457,75.84804,1188.0276,794.02924,652.92334,1162.8085,1083.2045,188.26372,1182.1271,1000.4492,1014.49896,1192.8489,1130.407,197.93735,1187.6472,1038.9629,1055.091,1098.7057,1106.7341,187.05374,1127.4556,1024.9343,1119.3591
oblique_twist_end_10100_flipped.jpg,734.94305,134.96988,284.46692,720.24866,116.373215,222.47281,713.2774,117.18834,222.68196,706.43317,118.07434,222.48483,741.6838,114.86962,208.24142,747.72375,114.119225,208.5694,753.6161,113.60882,208.59612,693.1239,133.5753,15.788101,758.11487,126.30836,-51.919945,728.6299,158.54372,219.02887,745.97876,156.06323,200.33832,604.9144,263.10434,-23.505947,822.8981,249.47679,-226.55347,500.6749,401.7878,170.3184,978.032,358.9136,-176.69174,559.4023,410.31882,560.58136,1120.0698,337.47275,-110.34546,559.47845,414.07538,628.1539,1166.0696,338.25458,-139.73918,583.0058,399.10608,619.685,1157.4625,314.412,-121.907104,586.64294,396.84003,568.2984,1137.9722,315.48758,-99.78549,672.65515,611.1495,96.28724,775.30835,608.0315,-94.68727,736.6538,808.3036,387.14316,777.68585,834.11285,202.41628,754.3624,1028.0352,676.4843,741.106,1065.7451,381.50974,750.66943,1068.399,702.4418,708.78546,1104.4459,393.7347,784.0766,1042.8239,729.43304,832.4684,1100.6681,394.419
oblique_twist_end_11321.jpg,1157.5935,136.25421,-279.5486,1146.7725,111.49223,-243.282,1149.7145,109.7277,-242.9787,1153.0819,107.98766,-242.6631,1133.3629,114.11018,-291.94995,1125.5121,114.61867,-291.73877,1117.8171,115.323456,-291.87305,1134.6017,111.67193,-28.369682,1086.7695,124.15218,-254.70912,1157.9598,154.96832,-195.22997,1136.1058,159.15862,-259.13623,1171.8916,244.10242,144.82715,1015.22424,231.11803,-274.67902,1314.0331,285.7801,299.88654,870.2466,312.3333,-647.6024,1482.1536,290.89072,260.03397,1028.7858,335.3649,-958.1148,1528.4143,279.04816,256.68906,1071.5306,351.96564,-1019.95526,1523.345,263.839,212.55415,1095.0376,333.23932,-991.55756,1518.3185,273.80933,232.9637,1080.1127,334.28986,-947.6019,1130.1327,547.9745,154.24171,1052.0818,547.51215,-153.73354,1096.1893,767.9746,226.07213,1039.9443,762.35205,-178.57735,1027.0005,960.93286,467.1264,990.8929,990.568,-88.766525,999.7832,990.0924,478.0799,956.00146,1015.9442,-90.04461,1079.2039,1020.9817,360.741,1075.4749,1072.0599,-278.81766
oblique_twist_end_11321_flipped.jpg,768.1048,138.21669,-432.67496,791.2003,116.25761,-425.82388,800.09784,116.51526,-425.65244,809.26447,116.61433,-425.71954,772.1902,115.315346,-392.98895,766.5016,114.43179,-393.1748,760.67847,113.76244,-393.35068,838.77496,127.25876,-323.52997,774.70306,120.48321,-160.62424,793.3763,160.6287,-392.77408,766.34106,158.58714,-346.51965,918.5958,237.4922,-273.10007,743.2184,237.33311,17.228277,1055.8871,351.52335,-555.1111,617.71204,290.26633,82.31284,900.4777,344.77118,-873.45166,451.65317,278.48538,-49.88696,857.33716,351.39297,-938.3206,403.3326,270.48013,-63.714043,842.02423,316.97397,-914.47943,403.02005,264.1461,-117.62618,858.387,322.10843,-865.1842,426.72845,274.68216,-81.9751,882.6008,534.6203,-112.23782,789.1774,536.7664,112.83239,885.1642,775.46735,-114.363945,817.5007,764.58344,139.11478,935.26373,993.2739,74.1548,871.3137,975.47144,331.69305,963.6553,1024.2614,82.705025,900.4767,1006.0123,338.11084,878.6862,1065.4934,-117.076096,823.32855,1048.1598,172.99265
oblique_twist_end_11719.jpg,1104.7357,128.3731,63.319,1091.3815,113.55979,15.89014,1085.5734,114.34843,16.042288,1080.0121,115.19818,15.879832,1108.5164,112.25016,-5.4880776,1113.0176,111.59954,-5.1813736,1117.4222,111.26229,-5.1551228,1066.1432,130.19011,-110.133,1119.2097,124.38335,-217.36563,1099.8427,150.47653,25.83899,1113.1096,148.34778,-4.270209,980.74426,240.87819,-58.015965,1195.4828,229.1174,-404.7653,882.72473,338.6253,173.6387,1373.1976,260.6125,-433.82172,921.5419,344.42416,550.11224,1538.0134,260.91345,-469.9458,916.87683,349.20865,623.311,1585.754,273.4531,-530.52057,941.7815,334.46326,593.33923,1584.8008,252.52855,-520.6174,947.33344,333.68768,551.7311,1564.0886,250.32497,-462.42715,1038.7725,571.9836,148.12656,1137.5156,582.1189,-146.8669,1057.9926,700.0864,612.0151,1074.0695,807.58276,146.79141,1037.549,857.8081,1057.2765,987.52783,1022.5776,347.5441,1027.348,894.23865,1098.128,948.49695,1056.093,364.05402,1069.6339,862.7924,1131.271,1056.2185,1077.4419,312.1682
oblique_twist_end_11719_flipped.jpg,810.61725,136.3771,305.9357,805.7648,122.02572,224.38954,798.76556,122.502716,224.463,792.3087,122.787926,224.38274,828.68646,122.04754,231.30812,837.3601,121.863174,231.38097,845.89905,122.169495,231.45462,791.20197,135.75446,-57.4512,863.6664,133.42633,-11.503655,801.00397,153.76286,219.40451,823.62787,153.05833,232.35289,730.88495,240.70422,-256.30774,955.833,247.52325,-0.05186475,546.4835,272.40237,-220.88818,1063.809,341.7877,159.61719,384.87738,281.23868,-247.56071,1007.5615,346.2766,576.11316,337.77682,290.15192,-301.79807,1008.43805,341.43738,641.1287,343.25626,270.49884,-275.4893,978.35803,337.1848,612.0909,364.33768,271.13605,-235.60417,973.5442,341.78485,579.2592,781.7863,584.62994,-133.41502,880.1748,565.4068,133.53552,812.94305,831.66125,79.81493,855.0449,611.64703,645.77905,921.7335,1044.5208,249.26474,872.0292,741.0341,1120.7831,961.7824,1076.0553,270.07608,874.34625,769.8858,1173.0981,881.0559,1081.4119,244.34209,853.3115,737.97394,1255.8207
oblique_twist_end_13182.jpg,1103.2312,130.01872,31.283781,1090.5006,116.06384,-20.72679,1084.4835,116.83146,-20.599926,1078.7596,117.647224,-20.584244,1107.5748,115.07182,-42.469578,1112.4526,114.747444,-42.192814,1117.2279,114.75108,-42.368847,1064.6143,132.87952,-147.66238,1117.7913,128.84923,-255.12689,1096.8687,152.15013,-5.638207,1111.1586,150.55255,-35.63931,977.9219,242.69867,-97.10399,1187.4016,237.44934,-428.88367,886.90295,326.9692,129.48593,1362.1526,270.52106,-467.22592,938.27795,339.05286,482.81833,1523.7168,282.66428,-488.30264,939.5167,344.0133,545.3718,1570.5093,298.62994,-544.75726,958.81726,331.67618,518.1766,1568.5552,278.65744,-529.56915,963.2777,332.34372,484.0317,1549.1619,275.48547,-476.81097,1038.8573,568.0813,138.97618,1130.2117,582.223,-137.82256,1078.1396,660.8616,645.38165,1071.8938,807.54584,187.58093,1062.2562,807.46,1105.7156,982.7537,1018.9975,377.08963,1054.0227,843.20374,1148.8494,944.4355,1053.8652,395.08575,1083.341,805.22015,1222.6968,1047.3735,1069.0486,374.15256
oblique_twist_end_13182_flipped.jpg,800.23975,129.74034,214.33978,796.7886,118.90768,137.70238,790.4459,119.586464,137.93556,784.5532,120.02323,138.02829,819.34735,118.14898,156.65866,827.991,117.625565,156.61716,836.5019,117.54481,156.496,786.6098,133.5393,-133.3564,855.15326,129.0753,-33.602863,791.71484,147.46793,130.68832,812.85266,146.27223,159.42519,738.6369,236.29689,-351.64526,950.92035,235.43031,9.180736,571.38513,279.34515,-373.70428,1064.7957,323.72296,188.94649,393.74353,284.84152,-418.52872,989.0665,344.82257,610.7591,344.85007,295.7736,-485.5825,982.9455,344.2355,682.0568,347.69855,273.57913,-456.84854,954.7544,341.46573,649.5015,370.5052,271.75314,-407.44568,952.2077,344.98367,612.5218,785.21484,564.2167,-162.16966,886.1162,560.47186,161.89217,806.2507,802.51044,98.90957,889.06494,757.75836,518.98364,911.58905,1019.87036,318.25995,944.314,968.09155,886.416,953.79926,1052.712,340.2871,962.47504,1001.48505,927.40955,852.3437,1059.9501,323.83994,891.41394,1010.2762,968.0267
oblique_twist_end_15532.jpg,1108.5468,128.31374,53.420334,1095.3141,112.60125,-7.502785,1088.8105,113.34244,-7.325493,1082.5441,114.13458,-7.3977284,1114.0309,111.70267,-23.636127,1119.2115,111.26953,-23.361944,1124.264,111.108376,-23.51352,1068.921,130.78389,-167.10422,1127.0388,126.01092,-245.44241,1102.3987,150.59932,7.780743,1117.5083,148.7166,-13.971243,979.94806,241.27959,-117.23579,1197.6113,237.16444,-391.1208,880.5508,336.8948,133.98343,1368.765,281.329,-411.26535,931.52686,330.91495,564.9374,1534.1503,280.89127,-463.98444,930.1475,329.61078,647.05316,1582.7903,290.8125,-526.62494,955.4571,317.87405,621.5304,1578.1633,272.0836,-504.30725,961.3819,319.44855,569.1575,1557.7324,270.19904,-451.91556,1035.8807,583.2382,112.70537,1137.1061,592.9181,-111.81788,1048.3264,757.636,518.7521,1081.5747,799.4866,272.13687,1028.1765,949.58374,879.48627,989.11273,1008.4419,519.60486,1018.00836,986.47345,914.0165,950.148,1042.3054,541.7155,1051.8712,964.29767,934.94904,1061.7004,1047.1213,524.009
oblique_twist_end_15532_flipped.jpg,800.881,126.353096,219.5202,797.11786,114.33874,142.76038,790.5351,115.16213,142.92418,784.4618,115.753914,142.93274,819.9273,113.56366,153.13554,828.8192,113.17967,153.15523,837.58673,113.2724,153.07309,786.5145,130.32977,-130.50804,857.39484,125.56523,-68.133255,792.6813,145.35817,135.87315,815.0659,144.23956,153.5019,734.8185,240.82271,-323.3644,955.8457,234.7605,-49.80571,552.17957,278.9096,-328.84235,1068.7432,319.39713,144.1467,372.6838,282.94092,-391.66428,999.5979,332.40997,593.94635,322.92474,294.11682,-462.60474,997.0319,328.0406,660.7834,326.5121,272.3575,-431.52362,965.06335,326.56708,619.5001,349.02457,270.63498,-379.84332,960.5477,332.19992,593.8833,792.26526,574.60345,-138.7857,892.1689,565.2262,138.85202,824.56714,815.5379,128.61761,883.3019,701.68896,636.4027,923.39874,1024.8649,323.2235,913.919,880.84485,1098.2557,961.67773,1058.4797,343.94568,923.30334,913.5435,1150.0525,876.2958,1057.0061,307.75787,879.94855,904.63916,1211.9635
oblique_twist_end_17711.jpg,1162.0901,97.02732,337.19495,1164.664,84.4032,259.75427,1158.8076,84.02912,259.75024,1153.4379,83.43361,259.76257,1186.0958,87.71126,284.2526,1194.5969,88.739105,284.34567,1202.9346,90.17253,284.281,1152.8754,97.200645,-18.813993,1218.5166,105.1633,107.92646,1148.1625,113.457924,249.7094,1168.868,115.65224,286.0299,1073.9967,175.73763,-250.1039,1285.9855,225.35294,168.04628,899.8274,177.34908,-254.91812,1384.6805,301.6018,390.75406,726.461,141.87294,-333.4541,1314.6716,286.55292,815.5338,681.5062,139.97765,-399.91394,1310.2008,282.148,890.8882,685.77155,123.01329,-369.51904,1285.0637,272.0739,848.52545,705.0481,126.88411,-322.1774,1282.6573,274.6032,813.33295,1071.4286,507.92923,-207.18277,1163.059,531.04846,207.05179,1080.5869,764.41876,-103.02002,1093.6976,744.3819,532.61285,1108.3022,1013.0429,-39.445953,1062.3118,949.9189,859.1323,1137.9677,1061.2675,-36.578075,1068.959,992.02515,896.7694,1029.9291,1038.8467,-102.65985,970.9925,966.18,907.8688
oblique_twist_end_17711_flipped.jpg,746.7369,111.73662,133.3665,733.2643,92.06622,77.12585,728.07416,91.47402,77.32456,723.13824,90.86712,77.24654,746.5165,93.76516,51.632698,749.7322,94.0154,51.858383,752.8883,94.63239,51.53965,714.39276,102.20871,-62.479214,755.244,106.18593,-191.1188,746.8037,131.55402,93.10413,758.02985,133.32759,57.560055,641.16766,214.98254,20.851608,845.3754,199.67702,-371.63025,544.4031,291.18747,322.81885,1021.665,196.24432,-336.91522,602.99194,262.4529,747.73584,1184.3628,139.0539,-306.7072,605.2557,258.4091,825.20593,1230.956,135.56065,-363.40695,623.23474,239.96149,781.56433,1225.9686,113.807274,-336.79214,626.6558,241.62756,745.0108,1207.0679,117.3831,-290.24533,756.82697,542.3834,186.21318,851.4363,538.297,-185.87167,805.92694,726.2192,638.0053,846.6858,764.29333,92.40675,833.0771,924.00287,1048.3966,795.8016,1000.22266,232.97847,826.56335,966.3359,1086.8969,755.33704,1045.8599,240.7765,898.737,927.99176,1093.4456,906.555,1023.4572,173.85657
oblique_twist_end_1813.jpg,1165.5386,95.886116,338.65677,1167.4884,81.67368,260.16415,1161.3395,81.54835,260.17273,1155.7128,81.18686,260.15466,1189.6426,84.11838,280.89456,1198.0408,84.67469,280.9327,1206.2274,85.69178,280.76263,1153.1572,94.12903,-17.498198,1219.7001,99.52773,91.78031,1150.1073,111.92269,252.56924,1170.7178,112.95546,284.09683,1077.2902,175.4082,-249.16669,1280.0327,218.95483,177.68571,896.21515,192.91714,-193.10431,1381.2534,302.00095,447.9901,722.6396,169.4385,-119.270615,1308.2413,279.83316,951.47723,677.0548,168.08264,-158.99258,1303.6052,272.82452,1050.5065,682.6567,150.1583,-120.61858,1276.3589,261.47925,1007.66187,701.85626,154.38832,-100.32367,1274.7874,265.94012,952.3082,1081.7549,514.56683,-201.02246,1166.4269,535.02826,200.63815,1092.1849,771.9994,-25.256992,1093.4763,738.7581,566.9738,1111.5938,1020.86786,136.2827,1058.014,934.25055,918.63605,1138.3629,1068.3727,149.02795,1064.7151,977.84247,960.836,1030.8701,1049.6246,89.80036,961.8013,944.06116,983.43896
oblique_twist_end_1813_flipped.jpg,738.42773,109.22884,89.78134,726.546,91.07829,30.649126,721.69934,90.90777,30.95116,717.1083,90.73914,30.935358,739.8631,92.13069,12.138006,743.4187,92.347084,12.358848,746.8967,92.93275,12.148437,710.5804,104.7852,-107.89199,751.7837,106.563095,-208.30524,739.5928,130.94753,48.935467,750.45465,131.9904,21.566448,633.1435,216.99124,-13.369779,844.8834,205.62895,-362.2309,536.3137,293.17923,285.42786,1015.09485,210.88736,-249.59427,615.1495,267.2873,723.4595,1172.9628,161.63051,-173.62657,622.3695,261.59125,811.2461,1217.9355,160.23262,-217.04007,643.60974,245.95871,768.9081,1214.9752,138.8329,-186.41266,645.279,247.68777,721.0289,1195.463,141.6179,-155.11093,738.8006,541.08795,178.23871,836.23834,537.8334,-177.75255,804.6191,717.15356,638.8911,844.64087,761.1637,84.37242,837.33496,917.7079,1054.9773,808.1616,993.6486,211.89662,831.12054,963.1701,1094.7922,770.7698,1038.9299,218.36107,912.5718,920.1055,1111.7344,918.76794,1021.6934,153.81349
oblique_twist_end_18840.jpg,1084.5184,129.36945,-569.0561,1097.6521,110.30632,-536.8038,1106.1172,111.32454,-536.63385,1114.8386,112.19273,-536.5019,1074.6067,107.41085,-544.4401,1066.0377,106.14045,-544.36633,1057.4392,105.08393,-544.6785,1123.2096,124.156044,-297.49762,1045.185,114.1872,-354.16623,1098.7975,152.7532,-478.1725,1066.0874,148.91545,-491.66846,1176.819,235.79471,-95.672005,978.04517,233.09389,-311.8651,1314.0833,298.78928,-49.939426,834.952,343.5637,-600.7998,1479.0663,305.98065,-181.04297,951.7322,355.352,-1033.2738,1527.2463,298.9389,-185.67142,990.35834,365.0669,-1127.7128,1530.8772,298.99844,-246.58438,1005.6855,336.64594,-1118.593,1511.8218,310.79022,-210.05624,994.25696,341.966,-1037.7671,1131.3035,552.6964,108.848114,1035.8292,555.44293,-108.176994,1081.446,765.0679,225.92752,1013.24695,769.6646,-239.21257,1024.9229,930.59845,610.1675,981.8178,991.94855,-35.104122,1005.8733,954.92865,633.6883,957.7731,1021.53564,-30.955574,1055.7948,993.7705,470.2638,1034.8861,1064.0637,-259.4704
oblique_twist_end_18840_flipped.jpg,845.8447,127.11955,-555.07556,856.918,105.322815,-528.7045,864.7297,104.998245,-528.7386,872.79193,104.4878,-528.81964,834.49384,106.43251,-526.15295,825.97766,106.54124,-526.14655,817.35767,106.80452,-526.127,881.2766,115.638466,-347.96298,806.28827,117.7565,-318.5616,860.86456,150.52313,-484.78946,830.695,151.25122,-477.1125,944.505,233.08884,-257.7422,749.3202,231.47498,-113.532684,1085.9346,350.14017,-473.069,618.19666,289.37564,-85.62978,960.4481,344.7997,-860.67017,461.10587,293.09027,-267.27332,920.0176,351.6169,-933.2976,410.7701,289.33817,-290.15878,905.51544,321.1239,-931.1511,414.8907,286.14398,-347.90933,918.26715,327.5283,-863.55963,437.69354,295.30334,-298.36133,895.4823,527.6642,-77.797905,792.03455,531.46216,78.31415,887.2149,762.6171,-121.06178,842.86694,764.9619,66.80092,929.66284,977.5818,48.226498,912.2852,983.951,217.40822,949.9077,1006.4922,50.66623,937.01794,1015.0447,217.3121,885.42615,1046.4113,-185.17455,884.5322,1055.4572,2.248639
oblique_twist_end_19943.jpg,1186.6166,154.49356,-503.72137,1202.9966,127.9405,-491.122,1212.6748,127.033585,-491.0487,1222.644,126.00056,-491.20795,1179.0034,129.85274,-473.6291,1170.2811,129.8957,-473.59824,1161.4409,130.08847,-473.64948,1244.714,134.9111,-351.7273,1160.8282,138.48741,-253.3009,1211.2325,175.63782,-447.07562,1177.2635,177.15564,-418.98184,1321.4211,256.68,-281.45782,1126.2238,241.33882,-43.24626,1436.8986,406.6946,-462.9001,999.61304,310.91595,26.92728,1316.5677,396.5905,-799.9867,836.34204,314.2478,-106.40367,1280.0581,404.278,-863.6499,785.0568,310.21338,-89.53774,1265.4261,368.10938,-852.95605,784.1049,304.78302,-157.84288,1273.6936,373.1018,-795.4957,808.3025,316.76654,-137.77876,1245.8508,571.2389,-98.28555,1144.152,560.5935,99.305,1195.0205,812.1937,-89.21288,1166.745,810.7586,125.704735,1198.4884,1016.8608,160.00526,1205.637,1039.6251,306.67444,1215.6255,1040.6234,173.9963,1226.3828,1070.1783,310.97443,1150.1407,1102.7681,-9.444554,1163.7107,1124.693,127.18002
oblique_twist_end_19943_flipped.jpg,733.0293,154.9576,-463.66428,740.76514,131.7547,-422.81998,749.12024,132.06674,-422.66147,757.70935,132.1881,-422.58374,717.227,129.44171,-441.76398,707.4459,127.96004,-441.57367,697.724,126.62311,-441.74966,759.26373,138.8003,-162.94759,677.561,131.86803,-261.72272,744.787,174.49629,-364.68265,710.35284,171.66246,-392.03568,808.3598,242.70453,69.64067,601.2902,239.90578,-230.81955,932.31635,333.1146,155.64064,479.15436,384.3494,-439.95355,1099.2389,332.72388,-27.62069,593.0956,410.86377,-835.25385,1149.6754,328.0438,-41.14897,627.29004,426.57474,-935.1737,1155.1578,319.231,-101.19534,646.65924,391.57816,-932.72894,1133.0592,328.04013,-60.203827,639.1135,392.89505,-840.7411,775.2506,561.34485,123.18858,671.14575,567.9141,-121.97203,750.1082,814.1808,4.3013954,725.0079,805.4511,-286.32178,719.60315,1039.8188,284.87827,725.8923,1033.5837,-14.54193,707.1111,1069.4935,302.4496,700.2021,1062.2667,0.82852805,744.93,1124.0278,108.11676,802.99854,1117.8894,-210.71873
oblique_twist_end_21422.jpg,1082.9169,140.7713,-523.78906,1098.5195,120.69014,-499.51428,1107.6412,121.27438,-499.3712,1117.0385,121.69693,-499.20712,1075.3882,119.24477,-500.06738,1067.2577,118.16189,-499.8923,1059.075,117.271416,-500.00684,1132.7122,129.94186,-291.93787,1053.7368,122.99714,-306.43814,1101.3978,160.59349,-442.03967,1069.7662,157.7986,-444.48404,1190.9537,226.02744,-77.69714,989.621,209.9859,-300.37582,1323.9773,283.48624,-32.88298,827.521,278.01553,-587.3323,1504.4813,287.19977,-157.76527,932.07196,321.76654,-1008.0588,1556.2048,276.76248,-164.94615,964.1615,336.9068,-1103.342,1566.9083,274.1013,-228.11925,986.3958,314.55283,-1099.538,1544.7753,286.52307,-189.63239,976.8372,319.0453,-1017.1963,1124.475,526.09564,109.65405,1023.4797,526.96246,-108.98812,1092.0973,761.5068,31.340858,1040.1624,768.62067,-329.35077,1043.7532,929.3178,389.80847,989.97107,1002.3673,-135.34976,1027.8414,948.1231,413.03458,962.5801,1027.6427,-128.955,1064.2222,1009.52466,263.2395,1035.6415,1094.5669,-322.21295
oblique_twist_end_21422_flipped.jpg,832.3735,140.92363,-603.70044,841.6623,117.20321,-579.1275,848.92236,115.84378,-579.0923,856.473,114.3212,-579.13544,819.765,120.33747,-576.9575,811.87396,120.91782,-576.911,803.95245,121.66999,-576.8094,867.9245,120.68904,-392.77155,796.09015,129.44098,-354.74472,849.6696,159.86314,-531.02264,822.14856,163.29277,-520.60223,948.9577,218.66084,-267.62515,741.6564,229.7146,-156.70589,1100.7998,314.3478,-506.89172,602.45984,284.66,-123.76385,992.9068,308.3273,-972.0584,437.6087,267.15756,-304.58508,960.23474,318.70886,-1062.4055,386.88007,261.47293,-307.70392,944.3654,292.88464,-1063.9672,388.82016,257.0538,-376.43298,953.1433,298.34988,-977.6074,412.25278,265.70667,-336.86215,903.69885,508.14728,-60.14866,793.22174,512.518,60.387756,883.97675,761.29614,-164.29716,835.3975,747.5359,-4.0145,905.87115,976.84766,54.243134,901.6271,970.12134,212.69727,915.8466,1001.62897,59.994606,923.6236,998.7651,216.40628,884.7254,1057.6232,-213.27335,895.8519,1050.6235,-40.049324
oblique_twist_end_23295.jpg,1213.5857,120.39486,-619.48315,1230.5967,106.15239,-587.8282,1237.7429,108.73961,-587.88824,1245.1779,111.19669,-587.96564,1209.1207,99.34572,-587.234,1201.4022,96.75013,-587.2612,1193.629,94.37435,-586.95874,1249.4424,126.390236,-373.82773,1179.576,103.327126,-342.7088,1219.823,147.31366,-538.09875,1192.0565,137.72559,-530.4391,1279.8552,238.40678,-275.13486,1090.7825,196.0851,-142.03387,1456.9515,278.7104,-616.98566,937.0484,201.79382,-87.73847,1320.2385,251.74908,-1127.2059,781.92395,181.69612,-229.23077,1282.0544,254.34068,-1227.0938,735.8535,173.16183,-238.50336,1259.5692,242.93134,-1217.1707,740.1965,179.50499,-306.28906,1271.7661,254.01527,-1135.224,759.05365,190.7787,-261.3246,1182.572,516.1679,-93.731476,1083.3894,493.38885,94.158966,1133.4136,761.47455,-264.23315,1063.5621,730.311,156.3399,1130.2994,995.4073,-156.35283,1060.2584,950.0535,410.20532,1140.2384,1028.1422,-162.3071,1074.7272,987.49817,419.73007,1078.1918,1054.7008,-468.28757,1008.93744,1003.5205,151.0104
oblique_twist_end_23295_flipped.jpg,708.48883,114.93468,-379.2081,716.0645,94.49679,-343.68445,724.28955,92.46318,-343.7457,732.7453,90.21685,-343.82925,695.1601,99.22302,-356.0061,687.66315,100.62153,-355.48227,680.32263,102.23478,-355.53833,747.89417,97.801315,-106.2657,678.7696,113.23236,-181.6949,731.8745,130.17174,-289.08716,701.0596,137.0431,-309.41016,818.85535,194.6835,154.4455,657.1944,204.94102,-211.49384,976.88367,215.69557,299.69098,483.97717,238.82663,-542.74976,1148.7323,190.53287,195.73135,608.33887,235.32814,-973.5718,1200.2595,180.87546,187.59167,636.9087,229.97035,-1085.9836,1198.2517,175.94797,129.27557,657.905,207.9454,-1072.8174,1180.0261,187.7472,165.28256,645.456,224.22017,-979.3523,828.36554,496.98126,191.1831,751.38837,503.9515,-190.39249,846.77203,732.9477,215.80865,819.4741,716.91516,-343.68735,846.26526,947.50543,410.3849,789.6118,984.5731,-367.01855,829.09045,991.9337,414.94788,752.7674,1031.0048,-380.49258,930.8891,979.95264,228.66107,888.6323,1041.4381,-607.96924
oblique_twist_end_26309.jpg,1218.933,122.12701,-547.8155,1237.1569,108.93884,-516.6007,1244.075,112.406715,-516.55005,1251.263,115.737595,-516.6151,1216.1785,99.913,-517.51166,1208.2856,96.4088,-517.5806,1200.2993,93.14444,-517.33264,1251.4403,131.91216,-308.523,1182.7382,101.01491,-287.78833,1221.2559,150.13261,-468.41916,1193.3083,137.13332,-463.88165,1264.0995,236.55893,-233.0288,1086.823,192.53963,-78.76257,1447.1364,253.28352,-573.0571,924.07837,193.88467,-44.28387,1308.1884,241.38142,-1046.1683,765.67737,177.19101,-183.10175,1273.3145,243.86523,-1135.8232,718.4364,163.93996,-201.66011,1247.9669,237.9349,-1120.1598,724.2858,173.22949,-259.50427,1260.563,249.58272,-1053.1151,743.9208,187.1164,-212.56427,1160.4215,518.13617,-123.23276,1072.476,496.1242,123.7082,1118.252,761.6006,-270.75104,1060.3889,737.87146,210.32361,1120.2347,1004.60785,-202.65854,1073.7316,967.0031,419.43945,1136.7627,1040.7655,-212.01306,1097.0547,1007.3147,426.47647,1049.578,1059.9462,-483.52542,987.3069,1018.65845,208.00702
oblique_twist_end_26309_flipped.jpg,709.2882,105.77549,-384.31113,716.9311,86.07989,-343.988,725.3298,83.526726,-343.94028,733.95825,80.77668,-343.86172,695.59204,92.289276,-355.15314,688.36505,94.35793,-354.7419,681.28986,96.67173,-354.8415,752.1227,90.414604,-92.59771,682.1373,111.48444,-162.04651,735.69073,120.75474,-292.3876,703.86456,129.963,-310.77402,831.9464,198.4421,184.54807,666.60254,207.46193,-241.69745,990.0689,212.75482,289.61725,497.67035,231.45012,-618.84875,1157.46,193.81,163.09027,643.6104,233.41472,-1007.2435,1207.8323,184.01384,153.50664,677.53357,232.02936,-1104.1011,1207.0465,182.11574,95.399185,693.67993,217.36993,-1083.29,1190.4792,192.96523,129.40987,679.41016,231.422,-1008.53156,849.1959,499.34122,199.90643,768.80975,506.837,-199.02567,858.69855,750.0346,250.33176,807.3259,742.5738,-330.1404,839.5955,970.90564,527.8835,790.97675,998.1648,-233.9467,818.75867,1013.4319,539.97437,763.79846,1039.9818,-237.89874,917.7858,1010.30835,354.16855,861.2063,1062.855,-487.0166
oblique_twist_end_26344.jpg,1092.1091,119.269325,105.3438,1081.4991,104.9314,47.88241,1075.4679,105.16652,48.03522,1069.7162,105.4496,47.997658,1099.9741,105.342064,33.22039,1105.6842,105.37084,33.51032,1111.2689,105.699814,33.540726,1060.1483,120.7585,-105.071365,1118.5955,120.97199,-185.62248,1087.9701,141.21599,58.564655,1103.5563,140.75485,36.056435,976.78015,227.26816,-44.193325,1194.0391,230.40526,-363.6995,893.0035,326.60983,202.29378,1359.3267,270.1654,-374.98468,949.72363,345.10437,545.80066,1514.4202,271.68497,-425.35757,953.54816,351.7694,615.45764,1558.4795,285.15347,-487.0705,974.413,342.6275,581.8702,1558.2168,265.38144,-473.9564,978.37146,340.33176,544.91614,1538.1644,262.941,-417.4939,1020.0298,545.48096,152.12852,1120.0795,559.9394,-150.8493,1054.0227,696.80334,554.29376,1066.5211,796.19934,74.13287,1047.1525,877.28033,924.94495,990.75574,1018.3813,142.34088,1037.1123,914.4665,958.2017,957.24207,1053.0385,146.55563,1082.1249,897.3904,991.59485,1046.015,1075.8032,91.99641
oblique_twist_end_26344_flipped.jpg,802.0952,131.283,233.8834,796.61383,117.635155,156.43896,790.7751,118.304054,156.60736,785.39307,118.74221,156.70132,817.58826,115.80969,179.17189,825.7685,114.6242,179.079,833.8813,113.8964,178.80731,788.509,128.77484,-118.9747,852.57227,121.538635,0.01509586,795.9897,147.70412,148.39401,815.8194,145.4674,182.35487,756.97,227.369,-355.01544,955.1577,226.0192,51.414528,589.3018,280.69113,-398.6634,1061.5511,330.33276,209.06621,407.17456,284.98288,-463.27023,995.4522,369.8704,571.3915,358.8101,295.73718,-541.0887,989.20966,374.53888,640.00476,358.31793,272.2448,-502.0907,965.12274,371.58957,599.1769,380.28375,270.20767,-449.03326,963.86066,371.97916,568.12305,804.64276,554.73926,-170.20724,896.2917,548.85486,169.93571,841.64966,802.6509,85.504234,892.57214,747.5163,454.0136,930.2382,1025.5344,298.67065,932.27844,956.78894,774.75287,970.86414,1060.4631,317.7394,948.28345,989.65155,808.05066,866.8768,1065.9131,269.20596,879.29626,1001.7433,817.7474
oblique_twist_end_27310.jpg,1163.4861,95.43776,370.10577,1164.6724,82.550026,287.06653,1157.5316,82.09797,287.0946,1150.7845,81.43727,287.11624,1188.4406,86.0299,305.0285,1197.3145,87.03599,305.13846,1205.952,88.437546,305.13968,1148.6631,95.84943,-3.3972542,1221.721,103.63998,88.18501,1148.8142,112.01085,278.48257,1172.0233,114.22142,305.14273,1066.5802,179.7163,-239.31914,1286.8177,219.87692,119.80737,887.1887,194.13202,-218.02667,1400.9316,283.0781,292.2392,725.0906,154.71875,-254.18939,1333.2188,244.66156,654.6566,682.4754,148.15817,-309.76132,1330.8983,233.28558,714.1376,690.59314,131.99649,-282.00177,1304.3993,221.4891,675.3121,709.67725,136.62558,-242.93092,1301.8511,226.58939,652.0353,1072.622,511.97256,-179.39447,1168.3556,526.3595,179.36424,1089.9645,760.6914,-55.73741,1100.6589,750.41785,418.58096,1101.6362,1007.11273,29.611967,1055.7471,960.5941,682.7614,1127.634,1052.3512,35.35919,1058.9978,1002.28687,712.2567,1025.2303,1035.3807,-4.3253164,973.2676,981.9415,720.3756
oblique_twist_end_27310_flipped.jpg,748.55286,108.36335,213.95844,736.23175,89.92682,150.78699,730.2246,89.63476,151.01746,724.4515,89.35226,150.9514,752.63837,90.984985,130.04752,757.34106,90.97562,130.27232,761.903,91.355995,130.02475,717.3143,100.418076,-18.263334,769.06165,101.773834,-130.84319,748.1947,127.654816,161.5101,762.931,128.37364,130.97299,637.1805,208.82812,35.649223,858.42096,195.48586,-307.0449,531.5603,281.31625,320.87604,1032.95,199.87744,-225.31427,593.01434,253.14067,745.56775,1189.0675,149.34874,-158.6657,595.42694,245.78217,826.55426,1233.8845,146.25839,-199.97388,617.6165,229.62106,785.7667,1227.9517,124.97751,-172.88428,621.12994,231.3972,744.4338,1209.9156,127.61004,-141.88437,747.12476,538.135,188.7013,850.9232,531.601,-188.23466,812.7578,710.8909,640.4969,847.98566,756.8163,79.17861,848.2343,910.3164,1059.4087,805.8277,999.96936,179.597,840.7362,954.0067,1099.6099,767.66547,1045.5615,183.0205,922.31964,912.5983,1122.026,912.5365,1028.0787,120.12667
oblique_twist_end_28941.jpg,1216.7734,155.8848,-415.8497,1231.4725,128.10115,-405.33536,1241.1752,126.50286,-405.30988,1251.1852,124.794495,-405.46616,1207.1373,131.44803,-386.5524,1198.3848,131.90092,-386.6125,1189.523,132.51102,-386.64377,1273.0339,130.57,-266.95926,1188.738,138.79295,-163.14482,1241.6072,174.83807,-358.51614,1208.4092,178.35349,-328.6999,1352.1744,246.90335,-189.69986,1151.4377,239.56554,36.691723,1477.0975,391.1371,-342.4168,1034.2572,335.8677,94.827415,1363.5256,386.58746,-640.2941,878.92865,336.46393,-74.21264,1329.4703,394.5647,-700.2952,829.73785,333.63242,-64.854904,1314.8318,360.43906,-690.4388,829.6433,323.53433,-131.63649,1322.5803,366.6921,-635.0837,854.8956,333.85043,-105.57612,1261.7441,568.3344,-93.45709,1155.6239,555.3944,94.689476,1191.8984,796.6655,-81.718094,1172.369,809.02405,79.23353,1218.5563,987.55023,191.82306,1210.7983,1046.418,218.54001,1236.0635,1008.3734,210.18625,1230.3978,1078.605,220.23914,1186.1793,1073.7739,46.381886,1172.9873,1135.1202,35.197414
oblique_twist_end_28941_flipped.jpg,711.8636,157.42157,-381.00717,717.7144,132.98753,-339.7613,725.68225,133.18738,-339.60513,733.9219,133.2138,-339.4795,695.34106,130.60294,-362.78885,685.5958,129.12329,-362.58557,675.9202,127.7776,-362.87585,732.5337,139.8761,-82.88641,654.37476,133.48952,-200.4404,722.3173,177.32796,-283.4951,688.171,174.75893,-316.423,778.2649,251.89499,135.21405,577.5873,240.67764,-178.3927,896.434,339.78867,244.3414,435.77536,371.6587,-409.68866,1050.5809,343.36237,75.97851,549.9758,403.60986,-821.1347,1095.6974,338.23996,61.720474,581.22174,418.8169,-921.9163,1098.206,325.5967,6.283368,604.26807,387.34988,-912.2005,1082.1947,334.7696,45.257755,597.2498,389.79388,-823.3965,757.218,570.40515,132.79741,656.9218,577.29913,-131.56964,734.94434,818.787,48.293274,713.4752,815.74036,-271.67526,702.92084,1036.9762,274.20688,722.74646,1044.7382,-72.5033,689.34625,1068.2819,287.17194,696.3141,1074.1576,-63.19104,737.3224,1115.4669,120.05792,807.2731,1128.6915,-266.0963
oblique_twist_end_29066.jpg,1145.1147,97.250824,295.27386,1146.8534,84.55756,218.68825,1140.2952,84.39109,218.75908,1134.1948,84.01136,218.70293,1169.8591,87.08182,236.42259,1178.5459,87.6502,236.4267,1186.9486,88.64885,236.28246,1132.0538,98.486244,-57.31174,1201.8024,103.342316,38.12709,1130.2855,113.2453,208.29512,1151.7139,114.386925,235.8643,1060.2786,178.7921,-289.40274,1261.9722,221.39249,106.6759,884.85626,170.5752,-271.57263,1367.5731,290.12778,346.01514,718.42346,140.72166,-247.60051,1310.545,268.37784,781.799,674.3657,136.86476,-298.5483,1310.8547,261.3167,862.1565,681.4113,121.828766,-265.0419,1284.6492,251.0648,820.3215,699.3151,125.97651,-233.39821,1281.6582,255.20425,780.58466,1067.4327,515.34644,-195.82785,1152.3859,533.21655,195.44661,1079.5466,767.0163,52.982788,1085.9686,744.4847,552.7895,1113.9656,995.0257,313.9117,1056.6768,938.54224,916.92065,1143.9988,1036.2802,337.84158,1063.6014,978.90894,959.58484,1040.1134,1026.2203,286.30658,965.82776,954.80853,969.02435
oblique_twist_end_29066_flipped.jpg,768.68115,109.16286,138.38107,754.7131,90.75414,87.05906,748.3817,90.10497,87.23191,742.29803,89.422134,87.17988,770.3087,92.72093,56.681656,774.2423,92.92586,56.925632,778.0704,93.4862,56.644432,730.1216,99.87444,-41.37168,779.04614,104.28139,-188.27603,764.8413,126.993416,102.166016,779.00977,128.97256,61.4448,654.3593,206.18188,39.334095,857.7185,197.4378,-357.1155,562.7642,265.9262,351.82794,1037.7913,196.65857,-313.8474,620.5739,244.53648,788.0277,1196.1768,139.96918,-252.44879,621.9617,238.55609,871.88586,1244.9401,135.23889,-295.6022,644.882,224.23819,832.7362,1235.1296,114.62517,-270.72018,649.4476,226.61284,787.20386,1216.0148,117.895546,-234.65448,772.54266,537.9573,176.9817,863.6962,537.0383,-176.74176,825.0889,718.5196,582.07086,840.3059,770.39075,98.343506,859.34827,903.07825,979.2397,789.50793,997.5704,248.97606,854.7362,942.2957,1015.5589,754.5005,1037.6271,260.8102,917.4594,909.2633,1019.27136,874.5893,1033.7855,205.76633
oblique_twist_end_31630.jpg,1083.9193,141.5985,-518.9424,1096.619,120.34719,-489.63245,1105.2906,120.301674,-489.46387,1114.1869,120.11635,-489.26257,1073.2684,120.03292,-495.79068,1064.6985,119.45369,-495.6102,1056.1545,119.08384,-495.8352,1126.6725,129.17032,-257.61008,1046.3928,127.2912,-295.98047,1101.0818,161.495,-428.42868,1068.608,160.71567,-437.64218,1187.2681,227.75734,-49.230854,983.3751,218.56075,-253.54147,1336.3514,256.01764,-8.626709,830.67834,290.69882,-564.52563,1503.7375,260.80698,-128.43819,930.1546,306.2048,-1015.1968,1556.0032,256.41983,-144.09709,955.4457,318.73117,-1120.6556,1555.1393,254.14174,-202.53375,983.1806,300.8,-1117.488,1535.8154,264.08786,-160.86699,978.17413,305.98575,-1025.928,1131.0323,533.139,95.83129,1025.928,528.68964,-95.14447,1093.5688,764.27216,-77.78371,1057.5773,745.3154,-332.80292,1007.9149,994.00696,158.95198,1009.0678,978.48505,-113.30899,986.4756,1022.5253,168.4792,982.56604,1007.32056,-103.46547,1016.80615,1075.989,-27.660215,1058.0696,1057.7262,-298.68097
oblique_twist_end_31630_flipped.jpg,835.3765,134.94528,-520.57837,845.8926,114.93834,-498.69122,853.052,114.26014,-498.65558,860.50183,113.39825,-498.65152,824.47565,117.15664,-494.034,817.16565,117.662704,-494.0721,809.82245,118.313484,-494.01987,872.0654,123.157364,-322.99646,802.3508,128.97945,-279.89142,851.2612,155.92673,-451.35052,824.3065,158.01413,-439.68533,941.03876,233.31494,-192.37936,745.73663,223.8478,-103.00087,1102.4111,326.71667,-419.21353,598.0392,254.00427,-50.564808,980.2987,315.29395,-848.84814,436.9247,253.37015,-217.5347,942.7241,321.9465,-930.158,382.00824,249.21948,-222.38614,924.2075,297.91956,-923.68646,393.32858,247.4009,-286.11273,936.1946,306.58038,-850.8884,415.33417,256.71558,-246.41315,887.21564,512.17554,-41.92945,781.37164,514.50726,42.4461,882.3811,748.5643,-130.59032,838.9385,760.2884,-23.319069,931.8052,962.7583,41.832645,911.1643,996.6698,88.88093,944.724,990.02045,41.072598,932.9841,1028.5573,81.27002,916.0216,1026.7294,-237.04196,902.9785,1064.196,-187.6986
oblique_twist_end_34030.jpg,1185.9741,95.13048,367.6695,1188.3218,82.44268,288.91473,1182.3629,82.01206,288.9349,1176.9218,81.36459,288.96802,1209.5167,85.72822,312.47205,1217.8097,86.60945,312.43024,1225.9421,87.92298,312.38953,1176.1179,94.99059,0.89498115,1240.3298,102.58577,123.46712,1171.4214,111.27346,278.3037,1191.5819,113.24028,313.2772,1098.8738,176.45863,-245.39629,1300.5253,221.2749,187.23746,921.62054,181.98407,-223.31497,1376.8788,307.14517,402.13403,746.3944,154.26299,-221.25365,1287.585,296.30975,824.71844,700.89636,156.07199,-275.66336,1277.293,292.74597,914.47235,707.04565,136.49275,-236.814,1251.6838,281.5622,870.3333,727.2222,138.15492,-204.19409,1252.0076,283.3119,823.4035,1088.4658,515.2181,-210.40573,1175.915,533.73553,210.23666,1083.9794,771.9288,-72.05318,1106.8783,747.4861,558.9718,1120.4448,1022.39514,12.231592,1080.1035,953.4962,896.67566,1150.6724,1071.4274,16.151964,1087.0,994.0323,937.3658,1044.4352,1046.6819,-54.348736,990.561,973.61163,953.84094
oblique_twist_end_34030_flipped.jpg,726.5675,106.50841,195.28484,712.04175,88.07249,144.62907,706.362,87.70299,144.85182,700.90344,87.31453,144.70076,726.12933,89.748474,117.68388,729.5647,90.19232,117.90742,732.9032,90.996056,117.6033,690.14154,99.136246,9.673432,734.2141,103.21093,-125.372856,725.6437,125.98456,155.47328,737.2422,127.84346,118.35436,621.1015,214.81047,66.93653,818.2079,202.47737,-310.48212,541.40674,301.9028,358.8961,998.1185,213.25235,-200.08568,623.4362,277.52835,798.2182,1151.3077,148.5003,-31.338747,630.78076,274.7289,883.11914,1195.7849,143.30138,-57.531048,645.7017,255.29758,840.82983,1190.4901,120.5826,-26.888737,647.3092,256.72217,797.2264,1172.8114,125.05128,-9.654848,743.693,549.75116,178.20718,834.4816,544.6948,-177.96736,800.6039,729.4468,587.09485,840.52045,766.14795,103.48663,834.1343,925.58923,970.3838,808.9643,997.27594,256.97867,829.06067,967.1858,1006.68823,772.17865,1042.2162,265.66495,901.7751,929.2179,1010.8952,917.20593,1019.83124,205.9082
oblique_twist_end_34207.jpg,1211.4419,151.96509,-558.304,1227.4305,125.15482,-545.31445,1237.0458,124.754616,-545.29126,1246.9427,124.22032,-545.4363,1202.9175,125.35435,-529.5701,1193.6309,124.68638,-529.5314,1184.1984,124.16982,-529.5525,1264.0117,132.73932,-393.58743,1178.2051,131.12703,-303.51468,1232.2214,173.93268,-495.92645,1197.503,173.26068,-470.1679,1331.7527,253.8527,-328.61545,1131.093,238.14679,-69.18233,1451.8866,401.6956,-531.9564,1010.2318,325.80774,2.1180184,1342.8605,407.72162,-924.9817,853.5245,327.3545,-155.40381,1309.8853,419.23364,-1005.1951,806.02075,323.2768,-149.52922,1293.9805,384.9986,-997.7884,803.46936,316.83047,-220.27257,1301.3099,389.045,-925.3419,827.4171,327.40503,-189.118,1256.818,578.268,-111.691505,1153.2838,566.6888,112.90007,1190.7153,823.02673,-99.100174,1166.0979,816.98206,156.80109,1204.4641,1026.6058,188.25203,1204.3137,1047.1066,358.52454,1223.7228,1051.012,205.27779,1226.1812,1080.5488,365.00443,1155.3757,1113.1528,20.360806,1150.5049,1129.5854,179.99467
oblique_twist_end_34207_flipped.jpg,714.288,156.70601,-481.17645,721.2355,131.61227,-441.3522,729.7514,131.3925,-441.1261,738.5005,130.99178,-440.9553,697.4204,130.6081,-461.50247,687.4378,129.66595,-461.3475,677.4991,128.8584,-461.58804,741.5755,137.62271,-177.57759,657.906,135.5236,-278.6444,727.862,176.03593,-378.1059,692.87317,175.0384,-406.37756,794.8914,247.68494,52.215504,582.44666,242.38736,-233.6316,920.01605,334.40152,124.850464,458.85367,391.42816,-457.78976,1090.9026,329.02762,-60.328102,565.7055,416.63388,-868.3544,1141.3597,322.06897,-79.209076,595.65424,434.81018,-971.4046,1146.0533,311.74887,-143.11317,621.202,404.10962,-967.8773,1125.6016,321.81757,-96.26545,616.34753,404.03708,-874.3624,765.3643,577.22015,115.23613,654.8094,583.67554,-114.16472,743.09875,835.0837,7.4026423,713.8848,825.43787,-275.27145,724.5277,1056.3582,301.95782,736.2328,1044.033,76.484314,714.2681,1085.9114,320.4423,717.7677,1070.7286,100.768265,753.69366,1139.156,128.25461,806.71356,1126.9619,-96.907135
oblique_twist_end_34347.jpg,1165.7994,123.05813,155.1907,1171.2916,106.003334,76.46978,1167.1637,106.42965,76.68422,1163.4391,106.66377,76.74485,1190.8376,106.66332,109.584366,1199.2046,106.74758,109.41871,1207.5989,107.303314,109.07999,1171.8157,122.69774,-189.06453,1230.7689,123.07844,-28.051477,1158.9589,146.82143,73.50296,1176.2742,146.4751,120.13038,1114.3384,241.34558,-374.37125,1324.2825,272.98386,21.758589,948.03357,313.72406,-377.65814,1430.8317,405.51962,187.45679,795.4772,312.8845,-358.73627,1345.166,426.16306,572.03906,748.60895,317.8184,-402.26724,1336.8813,425.26816,642.61334,760.881,296.76624,-373.88495,1304.7709,420.2571,611.61127,782.60156,299.0677,-344.2769,1304.2842,422.49872,572.2601,1135.7125,608.9382,-166.49092,1237.918,621.76465,166.71991,1113.4786,837.72345,155.94131,1183.6239,815.6737,675.65375,1166.646,1080.3136,353.1276,1170.5216,1013.10364,1079.8745,1193.887,1127.3997,370.2164,1176.0886,1050.6254,1123.981,1103.5913,1096.2999,352.9002,1112.0751,1032.2921,1185.5037
oblique_twist_end_34347_flipped.jpg,734.12225,129.69618,232.0881,719.50616,110.22585,177.85147,712.67285,110.42103,178.10258,705.9636,110.69533,177.81111,739.0645,110.25881,158.23926,744.0752,110.04908,158.63188,748.9788,110.05195,158.75597,691.0817,125.04761,1.9459451,750.8635,122.76691,-88.613045,727.7345,153.01492,178.14021,743.10565,152.46867,152.82932,598.9979,261.99545,-12.519394,817.3969,244.75908,-254.11766,530.177,417.3112,187.41577,978.52344,350.12683,-152.54604,614.62177,441.39923,559.7409,1127.0763,320.04056,-15.550722,621.51764,449.8714,631.4879,1174.1489,320.98483,-31.490915,645.1046,436.73325,615.61456,1164.4537,298.8901,-6.0535526,646.7708,431.93668,563.6577,1144.249,300.5969,-0.12598366,683.2236,627.60394,100.7345,785.9624,617.9208,-99.095215,735.77484,836.8103,423.73837,774.229,840.0716,240.52116,743.02734,1059.3423,763.0816,732.35596,1076.9579,514.6026,737.14417,1099.0873,792.3018,699.50653,1118.159,535.6173,766.6354,1079.6284,790.4546,815.40045,1112.582,526.8159
oblique_twist_end_35721.jpg,1165.2004,129.56476,202.41972,1166.5385,115.1444,117.90526,1161.1212,115.49272,118.077675,1156.1611,115.63489,118.09201,1187.5677,116.00201,144.09793,1195.7599,116.016754,143.99503,1203.8605,116.56074,143.88235,1157.9957,131.95702,-168.01103,1221.215,132.8446,-32.312134,1154.2384,150.82243,114.89439,1173.0118,150.47021,153.99579,1094.2349,243.72928,-395.43665,1304.9722,270.07507,20.599583,926.78625,292.9845,-369.4979,1406.2808,389.35168,244.95111,780.0816,293.5329,-279.59723,1324.3242,403.357,694.9384,738.6792,300.054,-318.9357,1315.8225,404.4657,778.17975,747.50476,280.16827,-285.0446,1286.1058,396.27,743.3559,765.6346,281.01114,-262.46616,1286.9167,397.20032,696.4164,1121.889,604.4535,-180.43661,1221.9531,610.8579,180.55632,1114.5983,837.31714,161.96307,1177.0057,794.5724,706.91534,1166.9515,1085.6185,418.7591,1166.3702,993.5232,1119.897,1196.9443,1131.942,444.4317,1172.4548,1032.8927,1168.3405,1099.7998,1107.5482,447.24637,1098.6748,1011.24036,1244.2041
oblique_twist_end_35721_flipped.jpg,740.4694,130.6378,160.40048,726.5901,111.38994,104.31955,720.10345,112.20178,104.56363,713.7853,113.057976,104.38721,745.61835,109.907524,89.607765,751.0009,109.23618,89.8914,756.22577,108.79887,89.7129,701.26135,128.88913,-63.415604,759.40894,122.14043,-132.51285,735.0989,154.96783,109.36987,750.0059,152.78648,90.690384,618.46576,258.8627,-67.50247,833.0731,249.00574,-266.38324,523.65735,385.19775,142.31279,999.33704,342.05136,-136.68564,589.82086,393.90588,535.59845,1134.9633,307.6666,64.43828,592.2902,397.84695,605.7289,1180.2483,304.24374,57.10245,613.3048,383.7273,588.5912,1165.0781,285.7042,82.10155,616.77563,382.38205,539.59937,1146.6262,289.0663,81.82573,695.0193,622.2123,90.08348,794.64404,622.9937,-88.954926,738.3623,834.332,431.77036,781.40594,839.5521,301.23477,742.34735,1053.7797,762.6017,731.3596,1062.1146,598.9928,736.1686,1093.2897,792.3111,699.1158,1100.0212,623.0088,763.64594,1070.9324,781.4775,807.2657,1091.2246,609.3396
oblique_twist_end_36136.jpg,1172.5393,119.07508,186.35893,1177.1012,104.05264,105.832245,1171.8264,104.51168,105.975464,1166.9908,104.73152,105.99571,1198.9049,105.307274,127.73101,1207.6732,105.67976,127.6611,1216.3696,106.51961,127.350624,1170.8608,122.29557,-165.52063,1236.5219,123.835144,-51.42912,1161.4575,141.992,104.68098,1181.1084,142.10794,137.45256,1098.8469,240.48427,-342.05975,1319.4235,269.9837,0.8001931,922.83954,312.35208,-285.16003,1428.298,396.62665,191.40405,770.9461,311.53397,-223.84741,1351.5426,409.09814,611.4877,726.31647,315.86166,-261.6318,1348.6105,406.56097,681.7103,738.5874,296.24872,-232.93936,1313.9146,401.20895,647.20483,759.19934,298.78186,-209.48094,1311.4844,404.59695,611.8987,1125.5007,608.24,-164.21237,1229.9493,621.4676,164.38264,1112.8757,846.2413,142.26749,1185.1642,807.2621,698.5351,1157.4601,1093.3032,335.16824,1170.6505,1001.2695,1145.7786,1184.7856,1144.5568,351.1423,1176.1376,1044.6772,1196.8303,1087.3147,1099.0264,317.14417,1096.819,1001.83185,1270.4075
oblique_twist_end_36136_flipped.jpg,738.3321,130.71365,189.91234,722.8614,110.93035,128.11388,715.8342,111.417046,128.35881,708.9757,111.99321,128.11336,742.7628,110.497154,109.2202,747.9743,110.26254,109.56559,753.0292,110.26985,109.52592,692.9551,127.91746,-51.16607,754.4169,124.28444,-139.10663,731.3289,155.04895,137.04195,747.1262,153.96883,112.66911,595.3694,264.1359,-56.60186,826.3906,249.87877,-283.82712,508.04214,410.86514,155.66747,990.6729,344.57727,-168.146,587.8936,431.39783,559.9814,1144.3131,313.21185,-34.683857,592.7277,438.03247,635.0451,1193.2354,313.4207,-58.3382,616.40686,424.27585,615.826,1183.4835,290.39954,-25.620865,619.83716,421.2036,563.9072,1162.3807,293.42114,-16.394846,681.24243,635.8019,94.87403,792.221,630.4133,-93.592155,731.00916,831.82385,516.9252,779.7807,850.0585,357.59863,741.8039,1058.2222,914.55865,723.1064,1077.4581,672.38434,739.1872,1101.1763,950.5381,687.8327,1119.242,698.6222,759.46564,1071.409,948.22577,804.90546,1104.438,687.112
oblique_twist_end_38023.jpg,1216.4188,113.67197,-450.16376,1232.4125,100.19412,-421.84235,1239.0531,103.26523,-421.7412,1246.0123,106.244156,-421.89142,1213.0045,92.323814,-416.76883,1205.315,89.21176,-416.8128,1197.465,86.35576,-416.55472,1244.4302,122.57768,-247.0574,1179.3416,95.1213,-196.64716,1218.2411,141.20766,-384.8151,1191.2205,129.73352,-371.42828,1257.9597,228.21767,-227.78761,1083.3689,193.1109,30.520996,1441.299,242.6967,-564.6198,932.0217,183.77866,180.05759,1287.5724,239.6948,-1015.66455,777.7375,155.16359,106.98856,1244.5162,249.51982,-1094.3912,735.90485,140.97304,108.585915,1225.2238,231.59065,-1087.5507,733.90295,144.04599,44.358143,1241.2932,239.11618,-1021.4527,751.2156,158.87202,75.87636,1156.7408,519.25824,-149.23915,1068.3335,500.28195,149.82977,1123.8914,765.39453,-240.88907,1062.9409,731.5495,319.3978,1128.4292,992.72644,-120.24206,1079.404,936.27026,561.9102,1145.8417,1026.6042,-121.40193,1101.418,971.3278,573.96106,1062.9077,1055.0891,-364.28497,1001.68567,995.59796,375.34836
oblique_twist_end_38023_flipped.jpg,701.41296,122.11481,-504.73492,712.0255,98.194275,-484.53976,721.02716,95.218445,-484.34338,730.2935,92.08795,-484.17578,690.1205,105.42578,-481.10898,683.19275,107.48804,-480.82056,676.3852,109.838844,-480.9162,754.94946,97.97554,-273.47095,682.8271,120.887024,-272.5868,731.24426,136.73003,-422.76498,700.74304,146.24583,-420.74347,842.2888,195.03084,25.825819,669.79376,214.81552,-298.25327,989.4143,202.05113,114.48941,506.81076,225.23163,-650.9984,1155.3767,180.96848,1.8587261,646.7821,221.73888,-1022.1341,1207.1204,171.18613,-1.3130715,679.1656,224.0951,-1112.2435,1208.1799,171.22102,-66.160095,698.27234,216.51334,-1084.8226,1188.433,181.51064,-28.963638,686.5278,226.78671,-1022.57043,849.349,508.02335,155.99881,762.6446,516.0371,-155.66727,844.30505,749.5199,213.71109,812.0425,728.45575,-252.24733,843.2199,942.74744,515.0032,791.00085,965.40906,-77.109436,827.22253,976.4156,531.2645,765.37854,1000.6636,-71.131325,909.4312,993.2589,330.90103,858.3542,1039.5676,-286.45538
oblique_twist_end_38078.jpg,1160.5117,116.82727,220.57698,1162.0309,103.44657,131.69829,1155.9489,103.78781,131.9383,1150.3468,103.87777,131.9215,1185.4508,104.5666,154.41084,1194.6101,104.662895,154.3365,1203.6338,105.26842,154.26013,1152.4546,120.605354,-165.12187,1222.9708,121.56725,-46.901043,1148.6843,137.90277,130.50464,1170.0692,137.82582,164.42035,1084.0996,231.96751,-374.96725,1311.218,260.7694,-6.746485,912.7546,289.34293,-326.14325,1435.4945,384.1531,172.73909,760.1105,293.11243,-263.63385,1356.6982,394.85764,626.2035,717.6549,301.4251,-301.9575,1351.0983,393.38965,705.9804,725.28076,280.74643,-274.0505,1317.0343,386.2457,681.8726,744.59875,280.17715,-249.81992,1316.4407,388.20486,631.86365,1117.5991,595.8481,-174.81216,1223.073,609.58777,174.92497,1087.5358,833.1368,136.31618,1177.3143,820.5719,666.5437,1155.2285,1076.5588,362.8796,1172.5306,1036.0447,1049.3953,1186.4275,1120.573,385.864,1178.8398,1074.8973,1095.416,1095.8822,1102.9432,399.88516,1107.0613,1064.6235,1171.2655
oblique_twist_end_38078_flipped.jpg,749.12177,129.6453,217.56906,734.2337,110.12559,155.2385,727.0921,110.79549,155.45549,720.1177,111.518684,155.27461,754.8866,109.10493,136.33531,760.4959,108.542046,136.6998,765.9982,108.224075,136.64592,704.1061,127.369156,-37.652176,768.02374,121.64871,-123.93016,741.25024,154.3236,159.20494,758.1373,152.32146,135.16039,606.6936,260.77527,-59.68251,840.44476,248.95366,-272.47067,494.77975,396.52698,140.57529,999.1603,342.09476,-187.00229,543.2496,411.94424,527.52747,1148.206,311.30896,-56.49952,540.0652,417.60495,597.2887,1197.2898,311.6166,-74.86101,564.2299,402.73117,588.49084,1185.1844,289.34772,-45.984146,570.7778,399.87598,534.5693,1164.4219,290.47742,-39.197254,688.1828,625.2486,92.20384,799.3027,624.69354,-90.89369,729.78796,827.61694,462.61615,786.375,843.8413,310.00378,743.7417,1048.1539,783.5433,735.44965,1067.8954,555.37573,742.0194,1089.005,812.246,705.68445,1106.962,575.86584,757.22205,1062.4246,828.71716,805.04974,1097.9624,586.1076
oblique_twist_end_39157.jpg,1070.2074,141.88463,-520.3301,1084.018,121.67459,-490.64478,1092.5709,122.470695,-490.4191,1101.4003,123.129295,-490.19925,1060.757,119.05039,-499.85333,1052.3458,117.669624,-499.6919,1043.9246,116.48564,-499.94043,1112.4962,131.97845,-255.32098,1033.2335,122.830666,-315.14645,1085.5698,163.163,-429.03043,1053.5402,159.55116,-444.19064,1168.8613,233.8661,-54.42172,968.20654,220.87643,-286.61923,1314.468,272.85483,-15.4684925,816.989,305.66086,-599.8492,1491.8424,278.19083,-132.45312,923.3924,328.0176,-1041.282,1543.6925,270.70105,-138.57988,953.69434,340.56735,-1140.9117,1548.4727,267.1032,-192.31923,976.78577,321.53552,-1131.6897,1530.5356,277.69122,-161.2717,969.1262,326.2434,-1046.4432,1126.6599,540.3938,116.617424,1025.6715,540.95685,-115.98601,1103.9573,749.2651,-28.999182,1014.04474,758.1321,-330.42236,1031.664,947.0992,285.0221,982.9758,989.705,-120.23316,1009.85834,973.83704,301.91595,958.137,1019.8536,-114.33679,1061.2805,1024.368,127.99905,1040.4983,1070.1333,-335.2631
oblique_twist_end_39157_flipped.jpg,853.5592,135.79993,-592.4642,864.0424,113.99512,-565.7524,871.6438,113.18804,-565.7387,879.50903,112.2096,-565.8547,841.65515,115.95785,-561.52344,833.5878,116.315575,-561.551,825.4612,116.85775,-561.43243,890.93945,121.845085,-377.30386,817.0837,126.96496,-332.049,870.2212,157.45319,-520.06726,841.46277,159.4162,-507.49524,960.8253,234.25395,-245.85742,757.4483,229.2025,-131.66133,1111.5962,328.92365,-476.33588,615.7086,279.32785,-68.661705,986.1616,317.0359,-932.46027,453.00476,264.41434,-265.67972,951.62396,324.53302,-1021.58154,402.08365,256.95505,-278.08884,933.1797,299.01486,-1019.6015,404.59274,253.41788,-345.2868,943.5983,305.46933,-937.3898,426.96594,263.61136,-298.3687,894.8823,515.4967,-67.644554,785.58014,513.3863,67.91701,877.5291,762.9104,-180.2912,806.7229,741.21155,-81.344,912.21484,991.2631,13.442691,896.1344,936.7843,261.26508,926.9167,1019.20966,17.539783,919.9137,958.8088,283.98227,883.2307,1064.7495,-256.64285,893.7274,1011.6706,81.960144
oblique_twist_end_39521.jpg,1179.7955,112.65185,-467.7495,1194.9368,98.00843,-437.0521,1202.0071,100.22965,-437.05,1209.395,102.324486,-437.2199,1173.891,92.49801,-433.48837,1165.8104,90.312416,-433.4964,1157.656,88.36317,-433.1571,1210.2921,117.644806,-248.8746,1140.7642,97.827675,-204.00616,1184.7628,139.31302,-397.6837,1156.6626,131.0784,-385.82104,1238.3905,225.07571,-196.93665,1049.7,200.90227,7.0057073,1416.9932,257.5286,-499.24426,902.4594,206.00293,81.94584,1283.9542,246.58937,-962.2402,749.4485,175.84169,-53.442722,1246.0135,252.98914,-1046.3553,706.48004,162.14442,-68.770935,1224.5275,238.67252,-1040.8894,708.25793,164.06197,-126.2662,1236.2946,247.11208,-969.7568,726.0353,176.80154,-84.808105,1150.5771,507.3914,-135.80792,1054.4923,497.32855,136.35458,1119.643,756.9825,-274.80215,1051.4125,730.55865,273.36603,1135.0743,991.8632,-197.03516,1074.2886,946.7266,511.30652,1151.5741,1027.0453,-205.54265,1098.5541,985.4932,521.1003,1073.0287,1050.6621,-472.7637,994.636,1000.80743,304.22858
oblique_twist_end_39521_flipped.jpg,743.60956,111.56677,-352.68228,751.5239,91.59514,-318.3863,759.7827,89.403564,-318.31424,768.31006,87.03979,-318.22852,730.6385,96.84061,-328.83627,723.41785,98.486465,-328.43106,716.3452,100.38386,-328.5141,785.71234,96.256195,-86.07604,716.8484,113.94584,-153.88774,768.8639,127.658806,-265.84122,738.00433,135.09195,-283.78528,859.8862,202.92458,171.68526,697.09033,207.72658,-201.21109,1019.33765,221.98445,270.6626,524.987,227.04752,-534.52625,1187.4968,196.61778,168.58371,666.543,224.76472,-901.5984,1239.3164,183.5012,159.40529,701.61163,223.77599,-988.4105,1238.9999,180.1626,109.591835,718.0828,209.74677,-970.1875,1220.6443,192.61201,138.89212,704.3729,222.81097,-902.9154,859.6265,504.684,192.85228,781.78375,506.80032,-192.02882,855.1964,751.276,265.10178,832.7645,728.26416,-316.27106,844.6718,962.80255,521.9881,804.5934,990.7166,-288.26968,824.3545,1005.41455,532.2629,772.4165,1032.5511,-297.09076,932.82263,998.9637,356.96378,885.08405,1057.5017,-524.3748
oblique_twist_end_40396.jpg,1077.305,129.76515,-539.53796,1092.7357,111.73421,-514.24744,1101.6367,112.76379,-514.0524,1110.7769,113.6373,-513.9279,1069.614,109.24329,-515.5222,1061.2976,107.99317,-515.3389,1053.0027,106.933914,-515.3918,1124.8584,125.94198,-296.87463,1045.2922,116.300156,-317.6393,1094.4249,151.8795,-454.47836,1062.0614,147.86932,-459.31268,1186.2279,219.304,-102.325806,980.8723,209.35802,-269.73386,1342.4707,251.19455,-65.41718,830.7087,284.54044,-523.9261,1510.3418,238.84726,-191.66748,934.3505,311.20337,-935.8343,1563.3407,234.12971,-205.25775,962.1975,329.22342,-1031.0128,1559.8213,231.71611,-261.64612,992.12085,306.10352,-1029.8972,1536.8184,241.4386,-221.6747,985.16614,309.01352,-945.53723,1132.2788,518.8055,87.455246,1025.0381,514.7403,-86.688736,1096.1136,761.8486,2.1372402,1037.419,751.9223,-258.08456,1029.2012,969.6012,284.99545,989.672,977.80927,-26.249174,1010.1566,993.8414,301.69623,964.4126,1002.7835,-15.547886,1040.1365,1062.1505,119.48403,1042.3022,1073.0227,-223.4275
oblique_twist_end_40396_flipped.jpg,835.9547,133.92903,-646.2707,848.5025,114.25245,-620.86847,855.492,114.18241,-620.8344,862.7767,113.92646,-620.96234,828.0115,114.66392,-618.60114,820.79266,114.47099,-618.5517,813.5717,114.49684,-618.32385,874.12506,124.426025,-426.36865,807.1522,123.72803,-386.12796,850.5405,155.86617,-570.3745,824.53503,155.6354,-559.4877,943.54614,230.12256,-288.58386,741.6396,222.23402,-177.97583,1086.1123,319.4944,-502.33286,592.6159,251.89964,-103.35569,984.6039,307.7742,-988.84436,431.3833,239.83342,-271.6772,955.90704,315.14423,-1087.499,380.89648,232.95718,-277.54138,939.362,291.44202,-1093.8221,384.48862,231.73978,-353.10876,947.34314,297.7507,-997.9382,406.01923,241.59505,-307.43088,891.3472,502.12616,-74.52553,782.06946,505.7299,74.72575,884.52936,748.51605,-228.56805,783.8181,743.7073,-12.932904,922.83154,977.19385,-44.44961,892.21246,906.38,446.35394,939.6762,1001.88226,-41.788437,917.7589,918.0085,483.46277,887.0769,1060.0841,-322.78638,903.67993,989.7814,324.78812
oblique_twist_end_40846.jpg,1069.8875,135.02086,-501.82938,1088.302,115.618576,-477.25287,1097.5988,116.38767,-477.0736,1107.1738,117.013954,-476.89563,1065.4729,113.83145,-473.1353,1057.8601,112.832344,-473.0024,1050.2043,112.02968,-473.2079,1126.2637,129.33746,-262.93747,1048.7559,121.60478,-258.87747,1089.7775,157.47919,-419.14767,1057.9432,154.49759,-416.0948,1184.7594,231.29617,-29.520905,984.07587,221.91954,-248.7581,1326.5599,270.37064,15.323428,825.7137,301.04077,-562.5816,1505.8132,270.10138,-132.94409,939.50305,318.83472,-1033.5516,1561.3257,262.98343,-145.0827,973.4514,333.25827,-1142.6625,1563.1648,263.41046,-214.27129,997.6881,310.03696,-1137.0944,1541.4321,274.66486,-168.69243,989.1321,314.3976,-1044.3069,1125.3176,546.4233,119.05209,1021.83746,547.6787,-118.411064,1094.4666,787.24255,59.8148,1046.121,780.3453,-267.1857,1028.4994,979.9717,351.81955,994.5456,1009.31854,-34.42121,1006.21924,1001.36414,365.8588,967.9464,1032.7755,-25.397661,1051.6024,1065.6257,175.8547,1040.3527,1100.8278,-232.27043
oblique_twist_end_40846_flipped.jpg,844.03766,132.96957,-589.73035,857.6337,113.71751,-564.3549,865.06,114.098175,-564.3528,872.7339,114.28528,-564.40405,836.5759,113.22402,-558.27594,828.9901,112.82404,-558.2417,821.31915,112.62182,-558.122,882.95734,126.95675,-390.51837,813.09467,123.432526,-337.7962,857.9756,157.00662,-522.60535,830.0744,155.49109,-508.43747,943.2706,234.78719,-290.0314,750.2925,228.72238,-150.41963,1108.3322,318.28015,-565.2998,602.3559,265.4965,-106.30098,976.7309,309.29355,-994.88684,439.34607,259.64755,-263.82416,937.7606,316.02386,-1071.0878,387.68268,253.1651,-283.46466,919.3369,289.8415,-1065.7407,395.99097,253.06056,-341.3765,932.8754,297.37848,-997.09863,419.23657,262.69806,-293.88272,887.3203,517.2723,-90.04576,786.6528,519.3646,90.55993,875.2366,760.49554,-177.61232,827.0403,749.73254,121.86771,919.0163,985.3258,-42.03677,894.9586,966.50446,319.865,940.5171,1014.4267,-43.428608,923.7553,998.02625,324.21503,875.1457,1058.5332,-293.92728,852.69775,1038.1483,112.553505
oblique_twist_end_41825.jpg,1101.473,136.57376,75.43069,1088.8318,120.99014,17.805592,1082.5719,121.62374,18.009752,1076.5574,122.30297,17.989052,1107.5514,120.236595,-0.37666002,1112.9672,119.898834,-0.13260454,1118.2175,119.87511,-0.27782688,1064.9103,137.14536,-132.22635,1122.581,133.35434,-226.9708,1096.5199,158.73958,30.913757,1111.9922,157.30856,4.877433,985.0123,247.355,-95.25827,1192.8441,244.08194,-386.17706,893.6421,334.9125,149.6228,1367.9025,286.89877,-408.62064,953.83875,332.2311,585.8625,1524.667,300.0792,-453.7847,957.22156,330.72183,666.75433,1569.6439,313.23038,-511.34427,977.911,319.84442,642.86633,1567.5575,293.84717,-496.55707,981.89014,321.18872,590.7022,1548.9373,290.88846,-444.37692,1043.2799,576.21173,123.186035,1135.9229,586.8694,-122.18645,1070.4066,693.97766,586.80023,1071.6017,804.8236,219.43831,1052.8896,852.73755,1023.21075,982.4767,1014.9117,429.39282,1043.6154,889.95026,1064.7102,948.56946,1050.7496,449.21494,1072.984,851.8811,1122.604,1033.2673,1059.3336,440.23486
oblique_twist_end_41825_flipped.jpg,806.5559,126.93467,223.3236,801.9915,115.04871,151.8521,795.6279,116.11724,151.89821,789.82245,116.954315,151.7591,823.3767,113.97903,161.50316,831.55994,113.64184,161.69592,839.64825,113.79408,161.85616,789.44196,133.55624,-110.71497,856.09985,128.07533,-48.500034,797.29016,147.00299,140.74597,818.0515,145.30406,157.9794,739.2495,248.89096,-310.69382,942.6739,245.03418,-24.95567,568.88995,283.7837,-305.74283,1040.9434,339.45718,193.80878,397.632,296.08096,-353.86282,992.58716,345.58102,662.1193,349.95874,309.52496,-416.64975,994.47,341.63568,734.6684,351.2067,288.04163,-388.7588,964.8753,337.1206,699.8489,371.70883,285.83923,-343.29468,959.15106,342.02994,663.97327,787.572,574.67975,-136.39085,874.3123,558.9255,136.49368,822.447,819.1541,55.759617,842.4669,621.4042,646.6231,923.3536,1025.6556,193.62091,852.0637,758.89124,1095.0288,959.38214,1057.75,209.20195,852.6455,788.3838,1144.7046,889.2823,1064.2025,168.00487,827.5356,763.03644,1210.9758
oblique_twist_end_42687.jpg,1102.4652,140.91614,44.553898,1086.6764,124.60894,-13.229431,1079.8549,124.39661,-13.113361,1073.3011,124.22972,-13.200041,1105.2609,126.028336,-36.0567,1109.9886,126.372116,-35.70745,1114.6117,127.021545,-35.87204,1057.5935,137.8318,-161.65967,1114.9916,140.91028,-270.30875,1096.106,159.86234,2.466749,1111.3307,160.9365,-28.239609,971.94635,238.49034,-92.640045,1184.1718,243.41165,-441.07532,871.5912,335.27493,191.66574,1355.2239,286.28424,-470.1917,925.65967,337.20264,663.20746,1525.9498,309.81152,-517.46216,923.61304,341.5813,759.65796,1574.2789,329.37283,-583.44977,949.22723,328.50946,722.2005,1573.9097,309.47864,-556.8054,954.46875,328.33124,665.87445,1554.5476,303.30145,-502.1493,1045.2782,575.0745,146.90765,1145.3154,586.6203,-146.10529,1064.5981,753.4133,589.9533,1083.6823,801.2001,231.44127,1053.6826,941.4945,998.0864,981.27606,1014.37537,467.92325,1039.5364,979.2524,1037.6166,938.5518,1048.5536,489.2854,1098.3165,955.9302,1066.2489,1055.0232,1060.1061,465.50092
oblique_twist_end_42687_flipped.jpg,808.0949,122.40716,90.01036,802.29004,109.91094,13.696865,796.76904,110.516914,13.825098,791.77924,110.86926,13.788366,822.6513,110.192635,29.542793,830.40375,110.43761,29.532515,838.0688,111.138626,29.61199,797.1015,126.9442,-246.55835,859.2826,125.89157,-157.17409,804.9409,141.60332,10.364634,823.71423,142.41522,35.784916,760.68427,243.35312,-415.5745,967.562,232.36888,-134.8241,588.29364,283.90866,-443.0039,1085.3212,315.76282,6.8507,402.4656,296.2799,-576.1215,1004.67566,345.73398,343.11243,354.13422,311.6142,-666.6068,999.34937,345.9153,386.79303,351.758,289.62598,-638.4995,966.8605,344.66086,337.928,372.3061,285.0481,-567.2959,963.62683,349.54233,337.912,795.81537,565.70514,-153.37062,884.72626,546.9554,153.58199,813.5265,821.45984,67.37785,854.702,635.79663,701.8511,921.4505,1038.8169,235.46817,873.607,778.96594,1231.3812,962.73413,1070.9462,253.45161,880.0254,806.94305,1290.777,870.76794,1082.5532,188.59042,835.91174,790.34894,1351.6373
oblique_twist_end_43111.jpg,1208.315,157.5238,-595.70404,1222.6776,130.65936,-581.75696,1232.0353,130.18541,-581.7547,1241.6799,129.57184,-581.9219,1198.0417,130.8938,-572.3213,1188.6296,130.15639,-572.2543,1179.1024,129.56847,-572.20654,1256.4614,136.51122,-420.63724,1170.2224,135.50423,-357.34955,1227.753,178.29874,-528.8373,1193.7131,177.83238,-510.8666,1325.2678,255.2908,-325.46637,1117.7382,234.48203,-136.99463,1446.8304,401.19348,-499.48123,991.0008,310.22714,-67.71866,1349.9244,397.01788,-906.6948,830.78125,313.40158,-221.52281,1316.2898,406.50897,-987.2405,782.2302,308.29398,-206.74072,1304.2821,370.83972,-984.0713,777.93585,303.00238,-283.3576,1310.3594,375.6098,-908.3842,802.5031,314.41827,-255.56593,1250.7529,572.9201,-81.630775,1144.7977,562.1214,82.75356,1198.0154,821.35175,-82.84882,1171.1489,812.38635,100.391525,1198.8917,1029.7559,175.9869,1211.6973,1038.4945,307.70215,1212.1174,1051.2157,189.40173,1230.8837,1065.6012,313.94843,1157.8146,1123.1292,-15.54844,1177.1244,1131.8064,110.78625
oblique_twist_end_43111_flipped.jpg,721.98987,160.75507,-528.9089,730.5558,136.2814,-491.3447,739.07635,136.55818,-491.1331,747.8427,136.64415,-490.97876,707.1907,133.77437,-509.18002,697.50964,132.32762,-509.02386,687.82135,131.02391,-509.28595,751.7452,142.75949,-231.48561,669.45123,135.69913,-325.2791,734.9786,180.1711,-427.64307,700.5978,177.37502,-453.14093,806.4036,246.18823,-16.817215,593.1176,240.55939,-262.47046,941.504,315.23285,66.67188,464.44736,385.16995,-484.48672,1117.9441,320.23773,-74.77902,569.05457,414.5448,-909.98505,1167.7719,313.89716,-82.37783,601.5113,430.66144,-1019.81586,1172.9519,306.39868,-149.64948,622.8662,399.79898,-1018.9252,1155.8807,317.2203,-109.565056,616.7871,401.41068,-919.2179,777.9907,579.62115,113.40536,671.70825,586.5514,-112.345375,750.57416,834.7989,100.12592,710.7095,824.5349,-197.63077,727.9949,1038.8176,400.88998,738.61896,1042.6918,108.9669,718.3955,1066.0637,417.90604,721.496,1070.0726,125.860374,754.27985,1121.6617,221.38498,807.90607,1124.2412,-99.73046
oblique_twist_end_4352.jpg,1169.9492,151.21373,-459.63412,1186.7832,126.96023,-451.55118,1196.0933,126.3343,-451.56125,1205.6962,125.5803,-451.73077,1164.1859,128.38754,-426.23965,1156.151,128.38145,-426.26196,1147.9861,128.5367,-426.3529,1227.8175,134.80942,-330.3153,1148.8022,136.84204,-203.46973,1193.0765,172.55055,-409.83453,1161.3755,173.66298,-373.24442,1302.6125,254.74283,-273.6569,1110.2651,238.33237,-2.2024553,1420.9884,394.20767,-438.7478,978.8767,293.94354,77.92221,1299.4442,405.2448,-737.38635,822.0622,289.09305,-66.422,1262.003,419.0121,-802.78735,772.56354,283.12134,-66.7169,1244.6864,385.09406,-796.77045,776.7887,277.76434,-129.40396,1253.6528,388.1687,-733.05615,799.9856,289.5141,-97.66641,1229.6721,572.40826,-98.74461,1129.2544,561.4978,100.045044,1185.0759,808.77625,-59.40705,1155.8413,805.80524,95.741714,1213.1787,997.8285,241.54166,1201.6959,1032.0659,261.5166,1231.1565,1019.2768,261.54446,1223.4308,1062.6189,265.12622,1175.015,1081.2112,79.3467,1162.468,1114.7344,71.433784
oblique_twist_end_4352_flipped.jpg,755.1025,160.32358,-381.08942,760.12445,134.08417,-344.18695,768.06757,133.89658,-343.98975,776.3317,133.55647,-343.7949,737.6214,132.90804,-369.83215,727.6781,131.78638,-369.66174,717.7622,130.80855,-369.95764,774.1138,137.81088,-105.6092,695.02783,134.42595,-232.1428,765.7948,178.0436,-289.39532,731.4409,176.85808,-323.94644,813.66974,240.93172,109.022316,620.4717,242.68022,-241.82693,943.3082,296.88443,237.98814,477.9643,380.43823,-513.3551,1107.1232,302.05035,153.79843,614.7905,414.00327,-920.00073,1151.5021,293.00027,156.43631,657.0971,429.9727,-1011.00244,1154.0836,283.9247,108.77391,676.55194,398.007,-999.0555,1141.5538,294.89752,127.95888,664.11206,400.73083,-920.1258,776.3156,566.7119,142.0401,686.96564,576.44794,-141.26826,745.8401,818.4578,86.37484,728.3648,805.05817,-327.29672,707.4323,1020.86414,335.1449,718.3131,1038.1577,-112.481865,694.3336,1049.9008,347.14316,684.4409,1069.1562,-102.90898,738.7597,1092.4402,203.6634,804.3737,1113.8208,-278.60776
oblique_twist_end_45095.jpg,1068.5874,137.12238,-499.42023,1082.194,117.48909,-471.73193,1090.582,117.84665,-471.47568,1099.2336,118.05679,-471.30786,1060.0688,116.38506,-476.6274,1052.2256,115.52748,-476.4676,1044.367,114.8732,-476.6524,1112.7112,126.83,-252.28664,1037.2278,122.06598,-288.0662,1085.513,156.9906,-414.32468,1055.1077,154.99384,-422.9071,1174.0952,223.90344,-54.27826,972.4529,209.3638,-257.2602,1320.5776,263.70798,-16.308647,808.3259,261.37808,-569.2355,1491.6154,275.93814,-153.73299,899.2637,301.65884,-1031.8564,1542.5057,276.93555,-166.65887,922.5412,322.094,-1133.2004,1544.1237,272.4644,-229.24689,950.58734,307.01318,-1133.8163,1523.8907,280.71973,-185.08539,945.50757,309.17554,-1044.4218,1122.2534,526.4176,109.473625,1019.11676,526.38605,-108.90994,1103.3958,745.55035,-45.57141,1034.7935,755.2833,-273.73227,1027.2535,955.23065,215.30696,1003.41223,989.48926,-102.24814,1003.01855,980.2508,227.46391,981.18036,1017.8928,-100.524315,1049.6454,1040.5723,35.31295,1055.3717,1073.5948,-317.99667
oblique_twist_end_45095_flipped.jpg,849.3901,139.39822,-651.73846,861.61145,118.276535,-629.3328,869.0947,118.14525,-629.245,876.8228,117.81733,-629.1861,840.2291,118.621185,-623.5516,832.63165,118.32362,-623.5754,824.9263,118.21744,-623.581,888.30457,127.56205,-454.819,817.3579,127.25017,-405.14188,864.9534,161.13306,-582.90485,836.8741,160.79903,-569.2592,954.3554,228.21436,-322.8996,757.0966,225.91089,-222.18613,1131.2148,281.20618,-558.24316,602.0456,264.81387,-191.61143,1003.7621,309.88235,-946.2632,444.82227,264.32092,-390.46198,969.8155,326.6971,-1025.7578,393.2053,260.11792,-430.80795,947.54034,304.34042,-1026.5243,406.09912,259.56528,-486.92178,961.7349,308.36,-952.07587,430.5434,267.91617,-421.40402,892.4662,514.7441,-75.833435,789.43823,513.81744,76.1738,876.2059,760.12506,-141.9424,831.1124,746.195,63.974377,917.1238,981.43744,37.171375,899.6578,964.53015,266.9937,937.2224,1007.6172,39.304646,927.17474,994.9945,270.39453,874.5277,1057.9686,-231.06458,863.85266,1036.9615,33.216705
oblique_twist_end_4692.jpg,1098.9854,131.56049,92.7358,1088.8284,116.969986,45.35788,1083.6626,117.10369,45.43969,1078.7618,117.285706,45.38966,1104.636,117.606766,28.041166,1109.6074,117.78665,28.24293,1114.4424,118.277336,28.15106,1070.4917,131.7872,-82.48739,1120.2797,132.98941,-174.0041,1096.9141,153.33298,53.378487,1109.7855,153.42616,28.297373,994.97626,237.99829,-24.231405,1194.7576,240.4932,-367.2677,917.7008,327.2457,197.53204,1366.5415,268.25284,-403.146,969.5223,341.86133,495.58902,1513.9888,263.86307,-433.09744,971.1828,347.78867,546.2501,1555.9355,275.43747,-493.20636,990.2694,335.0146,513.30365,1555.4691,255.88649,-484.37183,993.8419,333.43723,493.2455,1536.5966,254.80322,-426.68356,1031.2184,550.5851,157.30176,1120.6908,569.83685,-155.88878,1067.6643,673.2998,597.2464,1069.7988,803.51044,62.14438,1054.134,831.8764,1037.4983,997.6694,1025.0708,174.30634,1041.7655,867.8893,1077.1912,960.9425,1058.1497,182.04967,1094.6691,840.68225,1119.3955,1069.3384,1083.9165,121.72481
oblique_twist_end_4692_flipped.jpg,802.67267,135.93086,278.00598,800.70557,121.231285,207.47496,795.0601,121.64389,207.60509,789.84216,121.841995,207.69652,820.8275,120.10557,227.74875,828.5977,119.03044,227.61124,836.3395,118.41642,227.36552,791.1367,130.40791,-40.807163,854.01276,125.07175,68.49462,794.75555,152.28206,201.57547,813.5364,149.9897,233.10391,739.0255,224.36304,-250.44267,946.0065,233.4648,106.3392,576.318,277.27652,-255.52202,1057.6638,331.10403,266.91754,410.14594,274.64896,-290.15607,983.7314,348.27423,641.5883,364.01285,281.08502,-345.214,977.18494,350.23303,710.7824,366.4488,261.48297,-316.40747,952.17004,343.36368,683.13586,389.27646,262.62256,-277.47638,951.8122,344.84982,642.3846,779.32587,561.4817,-147.52158,878.92236,559.892,147.0926,814.356,791.4215,32.5893,881.8093,775.34155,406.24863,909.4199,1017.0684,177.20279,923.61163,974.891,701.5887,951.24615,1054.5697,188.70529,939.9782,1008.6121,732.65515,844.82367,1051.4606,153.35248,867.646,1011.86017,742.0971
oblique_twist_end_5541.jpg,1204.3606,113.89939,-625.8068,1220.6355,102.63988,-592.32336,1227.3009,106.07289,-592.3231,1234.2496,109.35814,-592.422,1200.2665,94.08802,-593.29114,1192.6227,90.99805,-593.2851,1184.8562,88.13786,-593.00586,1234.4496,126.95325,-384.1831,1167.536,98.153496,-360.7268,1206.8715,143.07417,-546.8124,1179.9242,131.14383,-541.332,1255.5371,241.17435,-304.2996,1071.192,194.8487,-148.395,1428.9298,282.35934,-629.99255,920.67377,204.46286,-94.3653,1279.8198,261.32712,-1103.6375,767.2943,189.16458,-237.68898,1236.692,264.90543,-1191.7211,722.03076,177.44148,-253.83853,1217.6741,250.93309,-1182.9922,723.69745,184.71709,-318.5606,1232.1365,261.91843,-1110.7294,742.3733,198.46384,-269.75256,1154.2822,520.49805,-112.38235,1059.493,499.4012,112.74745,1126.3999,762.9782,-249.83676,1056.8828,741.2568,261.33197,1121.3304,1001.2946,-136.94653,1075.0045,957.7631,545.0249,1134.324,1034.6898,-141.37354,1096.0491,995.64526,560.5706,1058.7572,1064.45,-408.73004,1001.9142,1010.8546,342.52567
oblique_twist_end_5541_flipped.jpg,719.5121,109.781166,-445.39978,726.23517,88.79984,-408.21692,734.22076,86.33323,-408.08408,742.4511,83.64572,-408.0316,705.457,95.08088,-420.79886,698.19366,96.99855,-420.5387,691.06714,99.133865,-420.76404,758.9225,92.17566,-160.13802,690.49536,112.70412,-235.3243,744.2551,125.29226,-352.49478,714.2817,133.8307,-372.52295,843.7538,195.35875,112.359055,670.6634,213.48558,-290.765,997.2405,225.80696,212.80806,513.9739,252.3383,-708.7198,1165.9751,208.83607,75.978775,659.70557,252.32251,-1164.5105,1218.0499,200.78604,64.65833,693.6898,256.5662,-1273.0889,1219.5308,197.47781,-0.03653794,714.6062,241.07396,-1253.7776,1199.6486,208.78188,41.111927,702.85046,252.10492,-1169.5692,857.16016,500.59363,183.7706,773.6281,512.0608,-183.26474,852.38885,754.98,214.404,833.5666,731.48926,-325.62512,830.3125,958.67706,486.59488,820.9731,980.53015,-202.22318,812.28284,996.01776,498.4172,795.8947,1018.61554,-201.5869,893.4207,1012.51025,293.25177,888.9966,1055.7153,-436.59143
oblique_twist_end_6474.jpg,1079.7803,135.63788,-632.5801,1095.4402,113.693016,-604.288,1105.3282,114.2614,-604.06665,1115.4392,114.66128,-603.85486,1069.526,112.068146,-608.81915,1059.9734,111.02524,-608.72595,1050.4153,110.161674,-608.91364,1128.8335,125.46262,-372.7823,1039.4342,118.40792,-405.15805,1097.6713,157.56429,-542.11615,1061.6848,154.8586,-549.58966,1181.0082,221.76736,-157.86473,975.61316,218.52196,-346.0982,1320.0524,266.39832,-123.96888,825.63995,310.67178,-596.16394,1494.0043,279.14264,-245.83737,929.34125,341.40808,-1014.95215,1547.2085,276.58426,-251.10907,959.54535,356.94388,-1112.6534,1549.7566,275.04672,-312.99347,985.9301,334.07092,-1109.2605,1528.1873,285.6852,-277.5857,978.1281,337.93915,-1023.0636,1119.26,525.7001,80.672585,1018.5744,523.3513,-80.07586,1070.9121,761.6184,-5.2439485,1029.116,743.3332,-307.88748,996.9182,969.04175,276.31784,999.39764,969.9699,-47.83436,979.9215,995.238,288.7899,977.2648,999.60645,-38.108128,1002.19336,1052.7603,93.92947,1046.2709,1051.629,-249.1164
oblique_twist_end_6474_flipped.jpg,841.59045,128.89212,-615.6918,853.0865,107.901054,-590.901,860.4524,107.514206,-590.96344,868.09656,106.934746,-591.01416,831.8029,109.00273,-585.42694,824.17615,109.1301,-585.3708,816.48193,109.44652,-585.1578,879.0667,117.618095,-413.89053,809.2116,119.879906,-360.72357,857.047,151.72697,-547.14325,829.5384,152.54712,-532.7633,951.212,228.26369,-302.41946,748.5559,228.46805,-168.70271,1092.3063,324.2077,-544.9003,607.52814,283.381,-131.4148,974.9617,332.44556,-987.58966,442.7586,272.8966,-309.86066,942.06714,343.82092,-1073.3389,392.8262,266.94843,-332.48682,924.4022,320.6803,-1075.9106,397.29193,264.83594,-394.41977,934.38983,324.88333,-994.7794,420.98096,273.22125,-341.67627,901.1776,524.14813,-89.419075,794.53143,524.7534,89.90046,883.2439,774.87396,-207.7207,829.8657,753.87976,162.51324,919.9682,1003.6594,-77.284775,900.91565,950.38385,438.10596,938.65497,1033.6887,-79.7391,926.196,978.2274,452.1457,880.0973,1076.0428,-349.89984,873.6892,1020.40564,240.11418
oblique_twist_end_7762.jpg,1096.9849,125.01646,136.23175,1085.6469,106.87633,86.760475,1079.837,107.16604,86.96276,1074.2312,107.529076,86.78818,1102.88,106.84875,65.76192,1107.5204,106.53934,65.99243,1112.0006,106.50529,65.96916,1061.5411,120.910934,-45.504475,1115.2938,118.82622,-150.82823,1092.1411,146.95149,97.9085,1106.1454,146.1572,68.79126,973.85376,229.68962,-1.6511925,1181.4369,233.13583,-334.93506,874.9206,327.68137,233.88524,1351.3845,296.14252,-348.5437,919.92834,334.21756,652.9414,1510.167,281.54898,-361.73483,919.17523,338.26346,730.3302,1559.6216,289.60315,-414.41962,939.54724,326.10437,712.7137,1552.8921,266.34802,-403.78986,944.80994,325.55698,659.0423,1531.7715,266.58966,-354.09555,1026.2272,565.2522,146.09322,1118.542,579.03503,-144.82239,1058.6447,695.60944,547.55994,1063.5157,807.45074,135.67313,1049.7649,854.5961,957.61816,988.08905,1020.30066,322.55606,1040.0814,887.83276,996.0357,952.7255,1049.003,338.34476,1085.1664,869.97986,1023.9157,1060.0211,1088.9263,293.7849
oblique_twist_end_7762_flipped.jpg,810.71185,137.058,216.17345,805.89795,124.65664,135.69423,799.4276,125.19203,135.99557,793.38,125.52567,136.08495,828.57385,123.495735,153.65015,837.3954,122.63459,153.48163,846.0448,122.23119,153.39319,796.5967,137.0219,-141.61247,864.9586,131.41995,-47.497997,803.39954,153.82051,132.28394,825.0811,152.31621,159.35802,753.20795,240.714,-349.1559,963.33984,234.60423,-12.542818,581.43243,286.72095,-358.1026,1066.8734,336.5251,182.0365,408.30215,280.14874,-359.89117,993.9853,356.76083,644.3995,361.51785,288.5417,-418.25293,988.3405,354.83597,725.33954,365.55017,264.4686,-385.58954,959.52893,350.33707,696.5844,386.80692,262.20685,-347.385,957.28625,353.13654,648.08527,797.53436,577.56616,-151.3572,899.9056,568.1091,150.90057,824.4342,814.8928,164.8976,915.64087,787.68555,455.7101,919.2619,1026.1825,417.7309,958.2106,992.6919,768.4615,955.6175,1059.3927,443.34863,971.9665,1024.1913,805.4975,869.46277,1056.4364,448.30237,911.183,1031.6707,846.3917
oblique_twist_end_9257.jpg,1162.7048,123.451515,204.62599,1168.7391,105.319435,125.073235,1165.8091,105.38332,125.173676,1163.2906,105.22603,125.12748,1185.431,106.65218,164.80191,1192.7128,106.857376,164.77354,1200.005,107.53342,164.54897,1173.1298,119.47999,-141.13554,1221.827,122.0167,54.023663,1157.5228,145.7809,122.773735,1171.6112,146.35507,179.41531,1120.6439,234.62027,-348.88736,1314.2018,264.523,125.219765,960.5319,318.11084,-321.58368,1415.5588,392.05032,349.93045,799.45703,320.72763,-251.2676,1323.9082,396.54736,777.1404,754.3684,325.24655,-289.36813,1314.5597,392.71112,856.67773,760.5679,305.0535,-255.71019,1284.6663,385.60672,818.33044,780.89954,308.54056,-233.17065,1285.2607,390.13312,773.66156,1132.9916,597.7662,-188.72127,1227.9812,606.2792,188.8753,1114.3618,837.4517,54.858795,1173.2423,787.5698,652.501,1161.9072,1090.3365,219.41791,1163.1686,993.1129,1021.93726,1193.1824,1139.4653,234.04039,1171.9249,1036.1945,1062.9424,1082.3491,1110.7134,199.74118,1091.2495,1006.9405,1117.3616
oblique_twist_end_9257_flipped.jpg,742.10944,126.50234,190.91658,727.5081,106.96732,135.24269,720.97675,106.99558,135.49408,714.5841,107.14464,135.22884,745.5511,107.84885,117.35163,750.06647,108.03852,117.65969,754.3976,108.42141,117.699394,698.7954,121.78995,-29.371183,753.8803,122.29032,-113.440094,735.8959,149.93126,141.1959,749.49365,150.35657,117.89053,600.5858,253.43347,-40.19554,812.1153,247.55374,-263.5402,517.9291,395.7987,133.82903,974.2241,348.40393,-153.97017,609.058,417.72357,498.2368,1134.2231,328.9071,-50.37705,618.76636,425.2379,570.1277,1182.3755,334.54263,-79.13756,641.83,413.41232,549.3879,1177.4763,311.69873,-49.784958,643.06726,410.247,501.1504,1156.3948,312.60944,-34.63861,677.9859,625.40173,98.91205,773.18085,623.1491,-97.446266,744.1781,826.08527,471.86975,774.66516,846.07166,283.9913,757.40625,1050.9022,874.6306,739.47595,1082.81,619.147,752.7362,1089.0122,910.28156,707.7756,1124.3257,643.92163,782.4557,1075.432,884.1572,825.3162,1115.3209,598.5106
oblique_twist_end_9849.jpg,1211.4835,130.97688,-513.3854,1226.6156,104.77407,-491.55396,1236.592,103.75713,-491.52356,1246.8601,102.6038,-491.66125,1200.709,107.21445,-479.52725,1191.0819,107.576584,-479.47433,1181.3489,108.10463,-479.4628,1266.1624,113.30884,-326.27917,1175.9226,119.248985,-251.17453,1235.3823,153.66943,-448.80524,1199.1306,155.99481,-427.26068,1345.3516,242.43393,-248.05716,1133.3833,229.61633,-38.72248,1475.2505,394.207,-393.05902,1008.7049,303.8545,46.857536,1361.9323,381.6976,-729.5558,850.97485,304.52554,-105.14766,1321.2701,390.27692,-795.94257,803.285,300.6594,-91.40864,1309.0823,350.9248,-788.9485,800.49286,292.5282,-161.50916,1317.9285,356.00073,-725.5669,824.72534,303.06055,-137.28534,1278.4075,562.4958,-81.71443,1167.0216,554.1993,82.918686,1215.8259,810.3678,-58.969845,1187.9799,813.9504,96.336,1213.098,1017.60516,233.68367,1217.1678,1048.6798,301.7997,1225.6533,1037.957,250.72717,1233.0061,1075.3251,306.76633,1171.425,1112.4923,48.64372,1195.4272,1146.7603,92.35133
oblique_twist_end_9849_flipped.jpg,709.8657,141.65704,-481.91248,718.7238,117.50676,-441.13907,727.5696,117.670944,-440.9346,736.6416,117.651695,-440.75876,693.9464,116.014694,-457.25253,683.7742,114.94205,-457.14532,673.64685,114.00896,-457.4261,741.41736,126.57138,-179.95474,654.2594,122.07187,-262.4136,723.8468,162.79936,-381.7653,687.7789,160.96994,-404.47382,795.2548,234.99663,32.28344,575.27856,236.01343,-205.62462,922.93915,308.82693,93.95592,449.01138,383.20413,-424.3817,1082.6642,314.03766,-98.69163,556.65125,394.16037,-849.765,1131.0751,308.92416,-114.978966,590.631,409.74893,-954.5421,1133.6078,301.76312,-180.17714,613.55396,374.97934,-953.0307,1113.635,311.4307,-134.02188,607.9826,376.71875,-857.14307,755.8128,574.4927,92.22513,639.40216,583.15,-91.23395,723.23987,829.46204,-5.969335,682.762,827.67694,-220.87134,692.0183,1050.6735,304.9674,712.3388,1046.2329,130.20929,681.66595,1078.4595,324.96808,700.3506,1073.8964,153.24101,705.874,1137.7178,123.35299,767.0283,1127.5336,-57.42925
