oblique_twist_start_10670.jpg,1154.9105,139.81526,-203.19019,1138.0453,116.41705,-183.65408,1134.9258,115.10729,-183.54839,1132.019,113.728165,-183.67584,1137.427,119.02918,-252.17033,1132.9103,119.06636,-252.0249,1128.468,119.296844,-252.21552,1097.3485,119.67397,-64.00384,1092.5796,127.44627,-363.10938,1139.7836,161.44775,-149.89445,1136.8558,163.87407,-235.19052,1075.2913,233.35884,152.38055,1071.4459,239.19429,-504.02475,1234.5099,257.06174,263.70386,1258.4111,284.92712,-574.1556,1378.1548,266.6362,171.372,1432.7075,282.73874,-529.00275,1407.4763,254.95164,159.72186,1474.4557,277.43155,-594.5826,1414.689,252.99953,103.81051,1473.2722,262.7916,-576.8553,1404.8472,262.74872,144.02385,1459.3855,270.1045,-520.4687,1085.6858,565.54425,200.57857,1075.3481,575.89746,-200.15494,1057.1316,772.71027,481.96356,1058.3552,786.1158,-5.7864714,1027.23,939.4537,790.16437,991.2609,986.11646,272.21466,1006.40295,972.3902,814.41534,960.2791,1021.03925,292.38818,1081.096,979.838,755.5143,1043.1404,1037.5492,186.66765
oblique_twist_start_10670_flipped.jpg,767.6256,139.83255,-207.34567,784.6086,121.229385,-248.15108,789.2452,121.93211,-248.14345,794.1708,122.470245,-248.11743,783.6509,117.939445,-183.74641,786.3168,116.12213,-183.82765,788.80566,114.56221,-184.03653,828.2716,130.90588,-336.1573,820.4158,117.53541,-37.038704,784.6537,162.23451,-233.27562,780.93616,158.53136,-146.80898,868.39813,235.62857,-476.3016,832.85547,229.81705,167.66873,691.4629,260.8519,-620.78394,673.2704,269.9471,279.39075,498.20193,280.31158,-614.81683,517.1482,286.10852,189.08498,453.70413,286.23715,-701.03735,481.54907,274.67825,185.53734,448.756,273.97986,-672.56366,482.05753,269.1428,121.93096,467.07828,275.2944,-607.33405,493.74356,278.60895,154.96675,861.3604,565.5628,-198.24635,828.67444,557.1702,198.25261,879.38446,799.6415,-129.61606,853.0282,774.381,330.20807,948.1535,1031.1593,34.089893,913.53125,977.0265,586.41766,979.7477,1066.2382,39.78409,938.3466,1007.70795,606.46497,879.6442,1092.8802,-129.93901,858.88306,1033.5745,511.6665
oblique_twist_start_11077.jpg,1149.2766,130.61337,-167.07188,1133.2634,108.49493,-141.47427,1131.9883,107.29282,-141.44131,1130.975,106.00736,-141.6346,1129.4569,111.458015,-207.91446,1124.2339,112.130875,-207.68797,1119.1052,112.99953,-207.76717,1104.1461,115.047134,3.2139225,1089.7112,125.56977,-287.30362,1142.5049,152.82805,-106.18415,1134.7008,156.4227,-189.39143,1086.9688,242.24702,243.69765,1074.6814,237.0272,-466.13403,1212.9133,300.74786,344.6794,1234.0499,316.0746,-592.24884,1351.3435,276.63937,196.30424,1382.0352,276.3623,-562.1628,1387.5508,260.51227,195.98997,1415.7522,266.13983,-620.56165,1395.2755,256.9421,129.30754,1413.176,249.63454,-607.1786,1381.7715,267.12045,160.19466,1399.952,257.88193,-555.2085,1069.1903,554.12366,220.55464,1056.3687,564.9407,-220.0567,1046.2865,762.9318,361.88696,1038.6632,792.8268,-174.84785,1026.4158,943.2122,571.98883,984.9923,1008.6241,-54.12258,1007.3716,976.3872,587.63184,950.4252,1040.3239,-50.087944,1092.909,993.5675,539.52625,1066.4835,1078.1326,-176.85579
oblique_twist_start_11077_flipped.jpg,781.14526,128.63184,-306.54047,802.05164,109.229965,-319.50412,809.7903,109.80511,-319.4655,817.7156,110.28417,-319.3631,789.5139,106.71939,-268.8773,786.8908,105.265785,-268.83835,784.17065,103.990425,-269.0139,846.13544,122.43001,-290.36023,805.19037,110.32734,-59.147636,801.12463,152.39378,-290.91925,782.11115,148.47285,-223.96213,848.0648,227.65826,-427.21655,834.0433,232.29721,199.36525,695.6028,309.48022,-557.4605,714.03326,321.85336,251.65083,549.3699,276.70227,-577.30853,578.01013,286.17584,92.086105,513.6425,270.9244,-659.62946,548.46497,266.8796,81.82197,512.1465,250.6757,-636.0531,538.17706,252.8612,26.511766,529.2708,257.57843,-572.14,548.9133,263.18765,57.106525,858.8292,552.1537,-191.71564,847.35815,547.8846,192.1796,879.9716,781.6003,-131.16937,872.27576,775.3939,258.36288,938.6025,1006.6959,-6.1838884,915.7631,971.87085,411.63278,971.4212,1041.3334,-2.127397,941.0849,997.92554,420.05643,873.07306,1068.9276,-159.40874,858.0573,1036.5463,303.37164
oblique_twist_start_11692.jpg,1133.7716,104.19825,127.12043,1151.1063,86.94345,76.58985,1154.7461,87.2349,76.56572,1158.728,87.398796,76.41809,1152.2324,87.05038,150.12222,1155.4929,87.09579,150.05801,1158.6719,87.37823,149.89116,1186.2546,98.99366,-83.87971,1185.3121,96.36782,250.91368,1142.6614,125.688896,78.61887,1141.9751,125.089455,175.41777,1196.498,187.3456,-282.44202,1190.9393,210.83122,440.57822,996.6306,203.59692,-356.38077,1018.87366,235.6579,541.07184,830.28357,179.20876,-233.90355,872.9527,192.52112,372.96576,792.1414,173.4358,-283.24658,848.2728,170.05464,385.6453,797.05194,158.52213,-241.46288,839.7056,157.58376,322.67126,812.7548,164.05048,-214.67365,844.1677,169.27538,339.27258,1140.5662,508.2698,-229.37689,1135.641,511.8502,229.6075,1129.3529,755.5891,-149.25908,1098.2437,755.3929,280.47,1128.1931,1012.1335,-22.15362,1078.9569,981.8582,447.8263,1151.0333,1055.9219,-19.276127,1093.8553,1022.17487,457.97842,1049.8635,1053.4314,-177.73073,996.3501,1020.05084,350.8132
oblique_twist_start_11692_flipped.jpg,794.38904,104.84762,-14.240347,776.73,83.65099,8.277662,774.3692,82.891716,8.382693,772.23376,81.963905,8.140734,773.9965,84.822105,-60.545155,769.00543,84.67598,-60.374695,764.1797,84.66696,-60.510807,743.4882,88.769165,130.28198,733.8949,93.05328,-180.27126,786.819,126.42368,40.526897,782.20874,127.54663,-48.179646,741.8548,212.49861,349.6338,731.5403,189.71986,-351.74463,911.3639,246.72322,470.83362,923.4286,222.34769,-463.47192,1057.9421,201.90958,346.18808,1083.1654,183.7645,-429.0517,1087.023,177.57767,357.06195,1120.4647,169.5743,-480.49268,1096.4706,166.93102,296.57397,1114.8375,155.41768,-454.8789,1086.5122,178.4271,317.5547,1103.8577,163.80653,-415.58224,800.6196,525.06537,233.37616,789.3659,526.346,-232.88023,829.9958,750.0505,391.29593,798.6087,764.92883,-167.62611,850.0548,952.5794,591.626,795.0453,1014.01636,-80.740814,834.72296,996.1885,602.54694,766.27826,1062.0851,-82.78609,933.47345,977.1037,514.9837,902.5494,1051.4143,-226.69225
oblique_twist_start_11694.jpg,1139.0515,141.71217,-176.77289,1156.295,122.00096,-221.97621,1160.8579,121.33126,-221.95877,1165.6776,120.543755,-221.98468,1155.1357,123.57005,-157.4085,1157.7169,123.85893,-157.4134,1160.0835,124.37649,-157.54611,1201.594,130.9775,-315.08676,1192.3499,133.01834,-16.917566,1156.7573,164.3075,-202.92645,1153.1232,166.01556,-116.26789,1249.61,241.72354,-470.61285,1210.7885,261.12384,196.88898,1080.8503,311.65,-606.4136,1071.4211,326.873,281.54578,886.2957,323.64435,-601.6341,926.557,327.52206,154.1369,841.1545,325.66956,-677.206,898.6117,315.04114,149.0099,841.7569,306.8822,-653.2203,893.90424,303.6118,89.61037,859.3867,311.3683,-593.4616,902.8333,312.0823,121.05191,1230.7906,587.0787,-210.06122,1205.9756,575.1064,210.52353,1207.6764,826.43286,-78.7671,1203.9231,789.55585,359.573,1218.4813,1056.6842,120.770706,1227.4141,994.162,589.1929,1246.1935,1094.3632,132.99709,1251.3027,1027.972,608.4154,1122.2119,1107.4294,-25.455862,1146.0212,1046.382,510.60214
oblique_twist_start_11694_flipped.jpg,778.38403,151.62468,-43.012135,766.85736,127.72894,-20.235422,766.3921,126.63357,-20.087475,766.17505,125.412895,-20.301285,761.1291,128.83696,-80.246826,755.1303,128.32076,-80.27658,749.2549,127.96854,-80.46702,740.7251,129.6912,101.99384,718.872,134.72316,-163.21175,770.2723,173.48483,10.660019,760.7506,174.26483,-66.375916,736.9587,258.6431,312.4923,689.76447,231.3293,-344.73547,876.8365,341.36536,422.91635,865.0969,307.41916,-416.18634,1002.3553,312.99777,329.58426,1036.6306,316.96817,-358.79892,1031.657,296.9869,336.63516,1073.2219,321.6456,-401.69455,1043.7993,289.89117,289.61154,1079.8328,304.4849,-385.58197,1031.4625,299.17648,302.57388,1067.5205,308.06628,-350.64166,749.56586,571.73987,199.34071,713.8971,567.98285,-198.27713,723.79895,818.91223,265.66232,737.87744,814.10767,-171.65288,726.38477,1029.8546,417.00668,707.01715,1055.7067,-47.534836,712.9455,1071.0428,424.25046,673.1247,1095.6625,-42.505207,786.9454,1073.9056,332.66736,798.2313,1119.8346,-171.28783
oblique_twist_start_12421.jpg,1153.215,134.25874,-248.70587,1140.2909,109.12211,-232.26947,1138.0259,106.98515,-232.19878,1135.9707,104.87208,-232.42497,1139.043,113.56243,-291.66296,1135.1163,113.92582,-291.4272,1131.246,114.53073,-291.46985,1108.986,108.79806,-117.04598,1102.7456,122.11758,-373.91214,1142.9373,152.599,-198.10043,1138.5947,157.29562,-270.5801,1092.1556,216.76802,77.72817,1088.1401,232.4057,-536.30145,1241.9309,225.08018,155.02133,1272.9567,268.2403,-729.0459,1373.7684,238.5282,30.953325,1428.3967,251.18466,-759.13293,1402.1904,231.9129,4.109231,1469.6349,247.61667,-831.01025,1407.5198,232.62158,-52.49364,1464.3376,235.98941,-820.328,1396.9978,241.11203,3.1092944,1448.3525,244.0738,-755.5278,1079.2628,563.8045,181.2444,1071.9596,580.2634,-180.73753,1049.0636,758.0195,556.42804,1046.2913,785.91626,113.51369,1013.50574,914.7813,936.6182,993.8429,983.25494,425.4747,988.0212,940.12134,969.0836,963.6305,1011.4727,447.5219,1070.5817,969.9766,895.95905,1064.8574,1047.2192,307.1695
oblique_twist_start_12421_flipped.jpg,759.8589,128.86371,-210.42241,775.29865,110.84734,-250.87778,779.265,111.824524,-250.82803,783.49756,112.6915,-250.81178,775.6411,106.90208,-189.01102,778.3589,104.91975,-189.09787,780.9177,103.2782,-189.4015,814.6525,124.27446,-344.5075,809.9719,109.32987,-56.658474,774.80743,153.44905,-237.95717,771.9191,149.00682,-154.58226,849.9054,232.1493,-483.54834,824.684,225.16853,131.55301,661.3466,236.30214,-665.17096,660.5384,257.7144,241.68333,469.22937,245.6443,-689.70435,511.44556,258.6187,142.78537,423.21445,250.16777,-781.75464,478.86816,243.41765,127.03284,421.4603,239.38432,-754.00586,476.40097,237.70638,65.15439,439.73288,242.11325,-684.3142,487.90735,249.70432,108.08248,868.2821,575.9033,-190.13496,844.23773,563.50836,190.39105,890.76465,793.4474,17.628208,865.742,784.1738,417.78662,932.73456,1005.16327,329.5488,902.64355,957.4735,767.8392,958.77594,1034.331,351.52087,924.3212,980.92645,798.4793,864.7639,1070.984,192.85855,844.1432,1018.69006,685.5635
oblique_twist_start_13348.jpg,1150.9283,131.3124,-143.97502,1168.2535,112.60189,-188.39508,1172.8339,112.460815,-188.43646,1177.7239,112.17796,-188.50452,1167.1376,112.69894,-119.76156,1169.7395,112.505104,-119.77309,1172.163,112.56101,-119.9173,1211.8892,124.89253,-289.48154,1203.2618,122.92497,25.198713,1166.6024,156.39122,-174.0379,1162.7513,156.20247,-82.87441,1249.9429,241.09538,-466.6884,1216.1732,257.47064,248.90363,1076.0332,304.4147,-584.7391,1060.311,322.25244,335.53104,888.25366,321.99652,-550.8392,908.59247,334.1533,201.59952,848.54724,321.23962,-623.1902,880.4378,323.28412,196.8269,847.1083,305.2378,-595.0922,877.28705,312.9274,131.0773,863.81323,310.90222,-540.25665,884.86475,320.84393,164.84283,1217.603,580.39044,-220.70367,1198.5497,568.2007,221.3532,1199.9851,826.7576,-84.0949,1200.3455,785.4978,362.05807,1214.1655,1064.6709,110.80973,1225.9045,1000.46106,582.8379,1243.1827,1098.8068,125.44384,1248.5347,1030.0709,600.7453,1126.5476,1129.8885,-35.042263,1162.5345,1069.3702,490.75253
oblique_twist_start_13348_flipped.jpg,773.90845,135.57872,-62.701206,758.8651,111.98658,-37.68325,757.87054,111.08681,-37.52988,757.16797,110.028,-37.719696,753.2568,112.83051,-104.43483,746.9974,112.4202,-104.41274,740.8266,112.18044,-104.58505,727.17377,114.62047,100.01057,705.44037,119.32446,-197.23335,763.70325,158.24925,-3.8886645,754.89185,158.84302,-89.927605,728.7645,242.74904,309.4992,664.3803,221.18562,-374.93158,874.7293,324.53253,444.87323,842.651,289.29855,-459.9088,1021.5057,310.13202,358.25687,1023.25696,306.3625,-399.27118,1057.0107,295.49814,363.21942,1061.3555,315.10788,-447.57217,1069.7998,286.68164,308.0217,1071.2715,294.90338,-434.25208,1055.1572,297.65967,327.93832,1057.923,297.26453,-392.18228,747.80664,556.2144,208.98335,702.982,557.176,-207.85033,729.672,805.7014,300.90158,725.16907,799.1032,-170.88287,739.97974,1014.6414,491.7196,709.1634,1049.4697,-30.636353,726.1514,1055.4475,502.03833,675.99115,1092.0094,-25.506365,808.29205,1060.6926,399.61478,815.68616,1113.3899,-174.5347
oblique_twist_start_13726.jpg,1127.7137,102.62131,-79.14601,1146.3613,85.45312,-126.61972,1150.4672,85.94213,-126.661896,1154.8534,86.33329,-126.80415,1146.5026,84.93208,-57.025898,1149.7706,84.74032,-56.896946,1152.7451,84.76346,-56.820232,1185.9175,99.30304,-239.30017,1181.4144,93.68369,80.076645,1139.036,126.26281,-112.45596,1137.5928,125.15669,-20.13665,1212.2598,199.51518,-433.0693,1166.4878,202.82843,302.27533,1024.5892,213.50633,-599.7542,1012.6147,220.65744,468.87494,848.00903,162.11517,-645.067,867.8342,177.24205,362.1011,809.15314,157.44533,-727.0897,838.33875,160.41814,364.4899,809.3892,139.32346,-711.5761,835.43286,145.48595,296.8727,823.08746,143.73805,-641.3976,842.85425,154.69409,325.5993,1144.1313,518.428,-228.96124,1108.9325,510.22766,229.22914,1133.2725,759.31635,-179.78336,1081.4415,748.3824,331.35233,1127.3026,1002.47095,-22.933212,1076.295,960.80304,541.1073,1142.5962,1047.7928,-18.386917,1094.3105,1004.1633,557.8742,1036.4106,1039.9564,-210.7584,973.1124,988.13007,429.83063
oblique_twist_start_13726_flipped.jpg,792.6915,107.72461,-92.65841,776.17255,88.470604,-69.825874,774.3545,88.125854,-69.73226,772.79626,87.59194,-70.00871,772.7949,89.11179,-139.12483,767.9785,89.013626,-138.91429,763.2879,89.118515,-139.05348,745.6245,96.51276,81.37202,733.9996,99.786095,-234.758,786.2685,129.74992,-27.083595,780.7382,130.23903,-117.12975,760.7892,214.2717,312.0198,718.00183,200.77638,-395.13043,921.35956,235.38927,440.8121,909.6807,222.17668,-517.4309,1059.435,188.19879,305.99445,1071.8617,168.47751,-536.25287,1088.9589,169.74376,312.43588,1113.0201,158.7819,-606.5755,1096.2229,157.97737,241.62592,1106.5583,141.51404,-590.9109,1086.0411,168.2655,272.74176,1093.3948,147.94426,-527.8937,823.8181,533.8567,242.51309,799.3578,542.31744,-241.80356,831.8177,756.6819,445.52567,816.9405,781.79974,-169.30223,845.5094,949.8671,685.87146,819.00397,1019.87305,-67.95637,830.7871,994.4645,700.55255,790.3222,1064.213,-69.40532,934.59796,975.2185,602.4707,928.3352,1064.7975,-242.37305
oblique_twist_start_16815.jpg,1115.8616,105.25017,50.490463,1134.5765,87.732956,5.5772314,1138.7091,88.23059,5.5600953,1143.1549,88.60296,5.4381466,1134.2947,87.02154,75.497765,1136.7732,86.69027,75.41245,1139.1538,86.5978,75.23109,1169.5454,101.745926,-125.127426,1164.1387,96.71305,192.51689,1124.9086,128.3744,12.843959,1121.4243,126.48142,104.586006,1170.1382,191.40141,-318.86203,1171.6967,217.01031,395.571,964.2904,214.44409,-394.68048,992.3583,250.13701,469.77997,797.61176,189.51178,-277.38733,839.6622,208.56332,283.7764,759.8679,183.88264,-332.88742,811.5331,186.46652,291.43143,762.26154,167.73132,-290.67166,803.2582,173.5838,227.51591,778.18225,173.61476,-259.2538,809.5973,185.65439,248.85347,1121.9586,521.5005,-228.75746,1120.9153,523.28406,228.98149,1130.815,762.8466,-128.18556,1092.2018,754.3961,306.89493,1145.1536,1010.10583,35.50298,1081.6296,966.04443,516.571,1170.6772,1051.8512,42.069077,1099.0883,1003.595,531.3489,1063.4032,1056.5448,-126.62688,991.9386,1008.4893,418.53226
oblique_twist_start_16815_flipped.jpg,812.23505,104.017845,-70.43775,794.2053,83.884796,-46.930996,791.5607,82.78273,-46.794357,789.15894,81.51076,-47.034637,792.13245,86.33712,-115.830734,787.3281,86.69784,-115.62976,782.6571,87.21127,-115.7663,760.13055,88.34437,82.42794,752.1021,96.43603,-227.23174,804.14484,124.789055,-14.254083,800.27203,127.382195,-102.61431,762.78705,209.4389,312.00314,747.22046,197.1806,-396.89548,935.3327,227.45088,412.58517,947.4778,218.06949,-502.7785,1079.5612,198.94635,283.74054,1116.6698,180.17734,-469.75113,1108.0618,178.00417,291.17075,1155.3806,165.20633,-526.6802,1114.3091,170.7784,231.84727,1152.8456,151.06934,-499.07037,1105.0024,181.4574,255.00784,1141.3486,160.39107,-456.24283,819.5184,529.2699,237.35254,804.1731,532.09204,-237.0239,832.91925,761.103,401.95355,817.3833,767.6541,-163.67766,845.59515,963.04517,590.381,813.811,1015.87085,-66.14408,830.16327,1005.957,600.0445,784.2524,1062.7019,-67.19694,928.26996,991.5762,513.6284,922.5706,1058.4272,-210.33226
oblique_twist_start_18302.jpg,1131.6469,132.65216,-124.373314,1150.7482,115.55925,-166.79323,1155.4816,115.389725,-166.84145,1160.5209,115.051254,-166.96663,1148.9868,116.75434,-95.20912,1151.2703,117.17592,-95.12859,1153.2993,117.83072,-95.09824,1193.237,129.43124,-261.3391,1182.5015,129.89763,65.43567,1146.1707,157.83961,-152.1454,1141.6459,158.56715,-57.908337,1227.8556,244.59995,-461.8638,1182.0331,261.07684,296.93518,1048.0935,315.73373,-601.982,1042.1034,317.87073,434.40054,864.9446,323.048,-577.7702,904.80493,328.54276,340.9597,824.04535,326.56213,-638.5528,877.5119,325.24783,339.77158,826.212,308.1463,-622.9288,873.73206,311.4121,281.64822,842.8551,310.49487,-569.4963,879.06396,314.88834,306.89215,1191.0217,579.52045,-227.05339,1161.5415,574.5424,227.63553,1170.14,827.09375,-163.88243,1161.0753,806.9799,339.52185,1176.6086,1071.744,-10.788287,1189.7954,1020.8676,555.2091,1199.9485,1112.5033,-4.7573314,1212.271,1054.5193,569.0949,1080.5385,1126.2108,-200.53918,1112.2568,1077.4966,434.29752
oblique_twist_start_18302_flipped.jpg,786.6887,141.36887,-132.20302,770.39124,118.559746,-111.020676,767.3781,117.369774,-110.901566,764.6162,116.04778,-111.02198,769.8509,121.221504,-180.66487,765.3947,121.532524,-180.49902,761.0376,122.03734,-180.57167,734.0478,122.00631,12.471614,729.0022,131.2037,-292.80988,774.38544,163.49704,-76.41586,771.573,165.74426,-164.29596,724.1604,243.7708,243.90756,700.6199,243.29927,-470.94397,873.83826,306.39438,400.76227,876.29395,306.9566,-559.58325,1021.5632,303.48505,291.91287,1050.0052,318.13254,-466.53397,1053.4353,291.6785,289.06897,1086.409,323.56915,-515.48944,1068.2533,287.15762,224.77797,1090.1892,307.47586,-507.4976,1056.1412,296.67178,258.883,1076.7924,309.25104,-460.22406,766.3747,571.04834,207.7646,742.7006,582.5178,-206.68456,766.0873,810.9876,352.65646,768.4065,814.2584,-139.22614,764.175,1016.1329,608.7561,742.42914,1056.3701,63.3714,748.7463,1055.1533,626.3129,711.7607,1098.3374,74.73891,824.6382,1061.3529,549.2077,825.84125,1112.6492,-51.246204
oblique_twist_start_20223.jpg,1133.978,102.89721,0.33272204,1152.7238,85.158226,-46.5807,1156.6781,85.58917,-46.597385,1160.9583,85.90724,-46.76053,1153.1862,84.6687,22.90058,1156.1606,84.36081,22.892202,1158.9977,84.29579,22.827682,1188.999,99.61267,-169.36096,1186.1099,94.79815,147.49811,1143.3573,126.64458,-35.03022,1141.3871,125.14626,56.481213,1198.7917,195.06392,-359.93277,1185.7512,215.8792,366.5855,999.74176,202.52231,-479.1305,1019.9096,233.67775,468.15033,830.3886,174.40671,-397.55566,877.4566,184.88835,293.74765,793.49084,170.74898,-457.3629,850.5675,164.24869,294.2482,794.1609,156.45003,-426.40277,845.50854,151.82768,232.38925,809.01764,161.61815,-383.98193,851.465,163.1098,258.7516,1145.872,523.1805,-223.9248,1130.7931,522.71356,224.22754,1132.5464,758.01434,-155.49533,1089.9437,751.6634,288.57248,1134.6678,1002.5899,-6.836884,1071.7202,964.47656,467.88385,1156.0977,1046.6289,-2.045645,1087.4987,1004.8481,479.51175,1050.4321,1042.5458,-182.98257,980.4754,998.9469,351.03705
oblique_twist_start_20223_flipped.jpg,795.5816,106.48514,-9.978394,776.4492,84.166336,8.719258,773.756,83.08394,8.849914,771.30475,81.84083,8.553969,774.6073,86.0787,-58.60522,769.70123,86.08829,-58.449886,764.94226,86.2498,-58.588905,740.7036,87.65738,113.024185,733.0009,94.13974,-189.03108,786.9266,126.98044,37.403225,782.8003,129.01167,-48.95946,739.8785,210.42734,317.8164,728.54974,191.36003,-354.736,904.98486,239.63805,429.98926,919.352,217.46405,-444.1979,1053.8804,196.1777,329.32257,1083.5438,175.4691,-419.24203,1083.3065,172.70795,338.2166,1121.5249,161.61699,-471.3134,1093.2067,161.94075,282.607,1120.2552,145.48978,-450.91617,1083.1809,173.73318,302.7412,1109.6841,154.2653,-408.67676,798.4885,526.65594,228.09319,790.141,528.19855,-227.60793,819.941,757.87994,363.87674,816.26404,759.1069,-159.87854,837.2585,960.1761,546.5682,821.0078,1008.4422,-67.794235,819.92993,1001.63245,557.16345,790.266,1054.689,-68.09619,926.95667,989.23175,476.56702,939.1914,1051.0387,-200.83678
oblique_twist_start_22231.jpg,1161.3345,136.73917,-212.09396,1144.3319,114.44547,-191.2253,1141.4205,113.3072,-191.15248,1138.74,112.141815,-191.36526,1144.6451,116.8226,-257.55527,1140.9514,117.005455,-257.2987,1137.3807,117.40515,-257.38834,1109.5432,120.28845,-69.248314,1107.7489,128.05154,-360.13327,1150.538,159.46915,-159.71538,1147.9673,161.98537,-243.05583,1099.7054,245.38997,166.28195,1092.4156,243.784,-519.6815,1265.1086,275.32837,263.291,1266.806,301.63785,-597.7286,1414.305,259.88217,121.98779,1430.5206,276.0866,-573.97577,1447.5342,244.61087,108.93357,1471.9327,265.08005,-642.3853,1451.8751,240.50177,51.01478,1468.7632,249.88518,-626.20154,1439.4495,251.25159,91.25272,1453.8846,258.77814,-567.3759,1085.8654,567.5532,214.92734,1074.4679,575.5036,-214.30063,1054.1819,773.3202,475.97668,1052.054,803.4192,-74.07763,1024.1138,945.9616,753.15027,986.0955,1010.9471,127.48483,1003.4862,979.5632,775.03876,952.3469,1042.1333,140.16888,1087.3325,991.87524,742.867,1056.4004,1075.7816,31.464575
oblique_twist_start_22231_flipped.jpg,755.6788,133.83276,-218.13293,771.6223,114.87471,-253.50305,775.8282,115.23729,-253.39024,780.2543,115.47029,-253.28433,770.5416,113.63988,-195.51047,772.7014,112.94471,-195.61513,774.681,112.5193,-195.809,810.0621,127.984245,-328.05978,802.4293,121.531105,-58.7934,770.70245,158.49995,-239.20293,766.62775,157.28445,-161.05714,839.9757,241.39363,-456.6886,810.60785,243.2882,130.15092,669.14496,276.97592,-639.90643,659.354,288.67035,206.26224,492.00668,267.44147,-700.5738,501.61182,266.4719,101.70449,452.0219,264.02267,-796.2079,464.29688,245.96762,98.05262,451.6599,250.44218,-770.7545,460.43497,235.24394,36.45375,468.24222,253.9704,-699.4618,472.96576,247.54538,66.104034,849.7539,577.4121,-191.57126,822.201,568.8902,191.67134,875.29156,797.28937,-119.15793,854.32245,785.1637,314.82852,943.18365,1022.3958,35.62546,917.0314,976.29376,548.52734,972.7803,1061.1252,36.217808,940.2913,1007.2006,567.2042,866.0432,1064.0951,-133.3311,849.0296,1017.3808,481.69458
oblique_twist_start_23731.jpg,1153.0714,136.715,-123.044556,1170.1426,120.35343,-163.08844,1174.6194,120.33531,-163.12428,1179.4017,120.17277,-163.20862,1168.9802,121.37358,-98.679634,1171.2384,121.78474,-98.66701,1173.2523,122.4173,-98.69384,1209.8145,134.70868,-255.86374,1200.8259,135.09044,45.268177,1166.2126,160.85349,-149.44344,1162.0529,161.74792,-62.337784,1239.9166,246.84059,-435.35272,1198.7418,263.67642,263.22427,1058.808,302.38834,-557.16437,1055.7003,314.72363,385.40887,876.29266,307.51453,-526.1892,914.01495,320.13474,269.79877,835.9509,307.98154,-592.77997,887.3455,313.33798,267.5664,840.21173,290.31894,-574.9627,882.5622,298.09546,206.65775,855.39734,293.23102,-519.58905,887.86176,303.165,235.51471,1195.7654,578.84406,-216.64465,1169.0444,576.3992,216.93904,1179.3943,817.9199,-118.91306,1166.9424,803.09814,390.3875,1184.9534,1055.0146,60.57948,1191.1849,1002.1953,645.11444,1207.524,1096.0347,70.10797,1213.9333,1038.3605,667.3678,1092.6589,1104.1924,-106.10465,1105.1405,1045.4713,556.2331
oblique_twist_start_23731_flipped.jpg,778.0795,144.20125,-78.4798,759.34503,119.09533,-59.786324,756.2998,117.991165,-59.686085,753.4838,116.7553,-59.881508,758.0415,121.13666,-134.27155,752.7233,121.15382,-134.11864,747.52527,121.35813,-134.21127,718.5581,122.185455,57.577477,710.8893,129.57253,-271.6517,764.6039,167.32642,-23.219032,760.92755,168.95233,-118.05904,706.5789,246.08034,287.78378,689.4463,241.91689,-445.7914,862.12115,310.28534,473.13586,866.28064,303.35815,-532.29724,1013.5776,302.47476,381.83466,1039.8729,319.06696,-431.95593,1044.2196,290.56067,377.4592,1074.6907,324.42712,-475.76822,1056.7993,281.38834,319.76984,1081.7861,307.44656,-465.31915,1045.6666,290.83432,352.35507,1070.0271,309.0521,-423.64862,770.9839,588.1753,220.3259,753.1045,592.4645,-219.18024,762.7236,830.41437,362.18997,769.92285,821.82196,-164.89378,754.5195,1034.9602,600.38464,729.95245,1068.3348,4.333538,737.20447,1077.0614,616.0318,695.83795,1114.2802,12.241369,820.81824,1072.3516,539.475,817.7191,1120.858,-106.70431
oblique_twist_start_26435.jpg,1139.9344,138.55739,-167.64479,1155.6163,119.839836,-214.14204,1159.9131,119.42997,-214.17776,1164.5059,118.86745,-214.21565,1155.1726,120.94135,-148.5648,1157.825,121.215675,-148.60278,1160.2649,121.73935,-148.71092,1197.8807,130.45227,-316.90933,1190.3932,131.80463,-13.320677,1155.4014,162.25331,-196.5853,1152.3755,163.7076,-108.36524,1239.132,243.78107,-480.8385,1204.3376,263.80927,212.75685,1060.3004,302.03217,-597.5031,1049.4495,325.55875,299.12012,867.2767,322.45966,-578.82227,891.0171,333.91827,163.05232,827.436,321.85413,-662.30493,862.9991,320.91373,158.54268,827.6296,305.16998,-631.47656,856.98364,307.9762,86.243065,843.0265,309.77652,-569.218,864.47754,316.52792,124.112045,1211.7687,583.8694,-223.2334,1191.3464,573.1461,223.50757,1189.679,825.28265,-84.95238,1188.7043,785.96124,406.62726,1206.0925,1063.4979,91.388565,1207.2803,990.1887,657.47,1234.3099,1103.0754,99.95054,1229.4163,1025.4615,679.7328,1108.1996,1110.5875,-78.506935,1122.2026,1035.4827,576.8671
oblique_twist_start_26435_flipped.jpg,786.82166,143.7511,-68.151634,771.3018,120.891785,-43.013794,769.46313,120.14429,-42.86864,767.8922,119.242195,-43.065144,767.75195,121.533104,-112.10195,762.0409,121.01313,-112.05335,756.4037,120.65631,-112.19553,736.14996,124.129364,90.30426,721.2366,127.667076,-214.67726,774.7612,166.70996,-9.791215,768.35645,166.87204,-97.88258,727.87885,248.8748,311.47162,684.1008,232.68413,-391.11578,883.0846,324.10193,465.34674,860.01294,305.08008,-464.60483,1032.1941,309.2449,377.57336,1036.237,322.258,-384.24387,1066.3906,293.989,376.55847,1072.8213,326.4006,-428.00497,1077.3851,285.17755,323.3883,1082.7198,307.5163,-413.11316,1063.3657,296.31625,347.86127,1071.2449,311.09915,-376.3772,750.1162,563.7357,214.44801,716.4218,565.54376,-213.4661,729.241,809.1433,306.9789,733.6192,808.2977,-153.96548,721.2477,1019.6376,499.231,717.626,1054.6218,6.0850496,704.6377,1060.5743,510.05258,685.753,1098.8837,13.85252,782.78015,1062.9991,420.1791,817.2924,1108.83,-119.76428
oblique_twist_start_27153.jpg,1127.4469,97.31137,26.902107,1144.1924,79.09973,-26.923471,1147.5486,79.50573,-26.99373,1151.2247,79.82775,-27.258131,1146.7592,78.53154,45.59899,1150.6377,78.26999,45.572838,1154.4161,78.24968,45.53181,1178.3479,92.22928,-175.95358,1182.6927,87.57791,155.33305,1135.8071,120.09581,-15.293647,1136.7014,118.867836,79.93284,1191.0038,187.01366,-372.996,1193.0244,207.86623,386.73477,1001.1454,211.40494,-472.22055,1040.0322,246.09862,537.73444,836.1915,176.50847,-373.63345,917.4311,211.27112,394.19302,800.8403,171.484,-438.9457,897.24274,194.79987,404.17877,800.4848,155.6854,-404.01843,889.48413,179.72682,340.59546,814.9064,161.38643,-357.9629,892.71344,188.98798,360.6744,1139.095,509.10666,-234.6284,1135.5404,509.5298,234.7491,1130.2721,746.57007,-125.53925,1096.8868,743.3421,345.9579,1125.1145,990.41565,57.156696,1077.4348,948.1091,577.92365,1145.2112,1033.3167,65.513824,1093.5023,988.6256,597.34534,1037.8981,1029.1138,-113.03117,981.8361,975.17096,481.62323
oblique_twist_start_27153_flipped.jpg,782.5765,106.633804,40.485035,765.805,86.50243,60.34258,761.94867,85.68847,60.489037,758.30804,84.74959,60.256897,767.7901,88.051796,-3.761888,764.9193,87.87901,-3.5145776,762.199,87.8683,-3.5697074,732.7357,91.56634,142.27386,738.4821,95.7294,-143.46326,775.136,126.5813,78.92169,775.3144,127.79241,-2.8587952,717.8755,210.74226,332.9095,757.18475,194.6445,-330.18948,880.6777,226.38326,456.93085,933.18695,221.4106,-422.28903,1032.3622,195.57234,347.42032,1085.7489,178.53052,-377.36136,1058.4791,175.33896,359.86896,1119.8501,160.7578,-430.83685,1068.1996,164.83061,298.88345,1116.8224,146.4862,-402.6806,1061.7588,174.45332,320.923,1106.2434,156.21854,-362.5809,782.4258,532.5398,219.61717,800.9467,532.6584,-219.10687,805.3837,756.54144,374.73724,819.79816,757.2371,-134.81673,828.90094,955.2607,604.0378,817.50037,993.2548,-6.2273,815.8787,994.18884,618.7327,788.47217,1036.1755,-4.0243397,906.1321,977.4261,534.8076,923.24945,1027.1028,-135.46701
oblique_twist_start_29394.jpg,1155.1716,140.37103,-199.4864,1144.0906,114.04404,-181.7984,1142.2738,111.78487,-181.63313,1140.6713,109.484406,-181.7883,1141.4526,118.74768,-246.22945,1136.8252,119.23843,-246.11009,1132.2142,119.961784,-246.32916,1114.1724,111.421486,-55.618736,1103.2117,125.45876,-333.34943,1145.2582,157.63629,-143.27122,1140.092,162.71812,-222.21819,1086.806,214.44342,177.90393,1083.4747,232.43422,-507.89914,1204.573,257.54144,313.46613,1268.7427,286.22934,-671.13855,1318.1864,286.56717,240.6562,1427.189,271.03607,-621.1312,1344.771,285.50195,236.55276,1465.6877,268.2067,-680.4515,1352.2797,286.34857,172.86964,1462.4677,253.23804,-664.4484,1342.5885,293.56512,212.16124,1446.6017,260.22638,-612.16547,1082.0676,559.1001,199.42308,1073.6221,576.4228,-198.93864,1055.511,763.99225,480.998,1046.4348,793.1586,4.1803436,1030.7402,943.3331,812.0346,990.25385,1009.60803,263.1886,1007.8958,975.2562,839.08923,954.6975,1041.9125,278.8598,1098.4503,993.7042,767.9891,1078.2565,1076.2422,139.20085
oblique_twist_start_29394_flipped.jpg,760.11066,135.40305,-224.86948,775.0085,118.32533,-268.71344,778.72485,119.37474,-268.6074,782.6977,120.256424,-268.5651,776.58405,114.393616,-203.90524,779.64386,112.53423,-203.97177,782.54395,110.99054,-204.23788,813.4912,130.4094,-372.61984,812.5242,115.75868,-71.28322,774.2875,158.9857,-255.5112,773.05597,154.90279,-168.07224,847.142,235.2791,-511.3932,828.4254,224.43922,121.441986,659.08563,249.12924,-671.1199,665.8354,261.92978,208.81271,471.57297,256.35028,-681.49084,510.45587,261.317,101.06961,428.59924,257.66907,-778.54034,477.29797,242.83304,89.920944,427.0517,245.13329,-747.75006,472.4599,236.94194,21.376884,444.01785,248.21675,-676.012,482.849,250.24521,63.14782,862.1736,565.6788,-203.36171,836.5594,552.16437,203.46103,889.73773,788.7594,-67.907524,839.0288,752.4473,421.18027,946.19147,1014.47144,144.87878,879.9938,947.2752,732.45306,974.6249,1048.1117,154.0463,901.99835,977.7727,758.42737,872.7383,1075.081,-10.859823,815.5027,999.99,678.85364
oblique_twist_start_31222.jpg,1145.783,133.70294,-199.5298,1129.2266,111.35409,-181.00012,1126.1635,109.79552,-180.86655,1123.3503,108.2103,-181.12029,1129.4463,114.83454,-245.99036,1125.5667,115.24862,-245.77592,1121.7556,115.89341,-245.8205,1093.2678,114.65053,-64.953545,1091.5308,125.29133,-349.2729,1134.273,154.21767,-148.75197,1131.8505,157.90855,-229.67328,1077.215,231.07303,158.58319,1079.3562,234.1706,-515.14294,1234.286,248.62024,250.31702,1270.9083,270.14807,-610.5328,1376.2322,252.77417,134.15317,1442.2295,271.04367,-567.187,1407.2349,241.7967,126.00203,1483.8258,268.34808,-630.3639,1414.9762,242.90791,64.364105,1483.5201,257.14246,-615.0246,1404.3081,252.8022,103.856346,1467.8733,263.9175,-560.1962,1078.019,565.10156,207.72868,1071.9788,576.87427,-207.27786,1063.3596,757.1092,506.7846,1052.4652,789.1641,-3.3247182,1032.0013,922.4509,825.0146,1005.3242,996.0652,246.98534,1008.38654,951.8579,851.89996,973.464,1026.8679,263.10684,1096.8391,976.03644,802.3254,1085.4066,1063.0165,134.20753
oblique_twist_start_31222_flipped.jpg,774.6343,131.58952,-193.07771,790.4482,114.660736,-230.66661,794.43445,115.76009,-230.61179,798.6889,116.690094,-230.63913,791.08704,111.00106,-168.14557,793.82416,109.28848,-168.24689,796.3968,107.82001,-168.44328,828.59674,129.21744,-316.8996,824.9993,115.01118,-24.514004,788.09393,155.81557,-218.3588,785.0911,151.70895,-133.9285,855.22394,234.83885,-462.93637,843.18964,231.5816,185.36876,672.3398,263.0385,-611.82495,693.0231,273.0169,301.36057,484.43332,266.72995,-624.6385,549.4168,275.95007,205.38757,441.3892,270.63367,-713.09357,518.5674,263.21515,203.84029,437.68912,255.1899,-684.5906,513.7715,254.41377,141.15405,455.2754,257.65015,-618.63336,521.10394,264.81177,171.30626,860.9217,569.0031,-205.15376,844.2146,562.2095,205.35622,879.8023,794.9562,-118.72301,860.3069,779.4956,363.69638,945.6058,1026.0585,72.432945,916.43506,977.63416,634.86414,978.08386,1057.7708,83.73493,941.86694,1005.1647,657.35693,880.0008,1098.4656,-65.53293,858.1106,1043.0197,568.8044
oblique_twist_start_32567.jpg,1138.6685,130.09317,-186.06377,1122.0308,106.31548,-165.92273,1119.5822,104.673225,-165.75763,1117.4418,102.96184,-166.00502,1120.5869,110.07409,-230.8278,1115.8617,110.66735,-230.70625,1111.224,111.493675,-230.81769,1087.4998,109.14957,-45.2591,1079.7896,121.71698,-327.36978,1128.0082,151.33739,-132.86853,1123.3403,155.41461,-213.46883,1078.4122,230.29228,174.29767,1058.3354,235.35106,-496.87598,1224.2319,265.8472,294.41357,1247.3594,284.07654,-613.87915,1351.4962,270.5775,213.76285,1424.1965,277.11496,-577.2691,1380.6931,262.46466,219.45428,1465.4636,277.59116,-639.75287,1386.69,262.0471,157.84001,1467.2369,263.11215,-621.1269,1376.017,270.66275,184.0692,1452.2675,268.48648,-568.259,1081.7305,560.1121,200.83783,1061.9205,573.0358,-200.5502,1050.9031,769.5698,448.00327,1039.9218,792.88873,-21.91862,1037.639,941.5101,741.8686,993.90186,1002.4804,231.86168,1018.51917,972.72546,765.4951,961.6231,1033.1106,248.7287,1102.6449,991.757,690.2133,1078.3757,1071.9631,113.71451
oblique_twist_start_32567_flipped.jpg,785.64355,133.87312,-186.20482,800.54974,115.21576,-230.9423,804.1627,116.047455,-230.91046,808.0657,116.70522,-230.94049,802.3051,111.99122,-164.34837,805.3024,110.44865,-164.42351,808.1898,109.218834,-164.61285,836.73816,127.07861,-339.91748,837.11743,114.76804,-30.543083,798.1875,156.96855,-217.13521,796.69495,153.56073,-127.758865,856.3183,231.6407,-478.56458,858.7914,224.23407,191.07677,663.47565,245.91687,-598.9257,695.95844,257.04163,288.03015,485.90057,259.5026,-556.16846,555.35,250.20421,146.94624,445.0174,259.6762,-640.44543,529.0851,230.21297,140.51636,444.70114,248.15782,-602.4229,522.5037,225.85359,72.97607,461.19226,252.40541,-544.3774,531.643,239.83217,111.59777,866.0807,566.6668,-214.45387,854.62305,554.7181,214.42935,884.7031,798.9143,-89.0752,855.002,760.8431,394.62677,940.3343,1027.1049,91.50853,886.80225,961.84033,662.8638,971.2173,1063.1539,95.972824,905.88654,995.9179,684.03815,863.69055,1076.1317,-74.74998,819.19867,1003.428,602.7763
oblique_twist_start_35351.jpg,1135.788,130.10307,-186.35938,1119.0656,107.44709,-169.29733,1115.3184,105.661674,-169.1088,1111.7665,103.84774,-169.24257,1120.9103,111.432495,-237.40233,1117.5504,111.99144,-237.26765,1114.2201,112.753075,-237.50357,1079.6326,109.11577,-65.55771,1083.76,121.241714,-359.22855,1122.5935,149.14207,-138.6714,1122.1483,153.45497,-222.58679,1036.8641,218.54308,151.64742,1082.3868,225.7087,-539.01843,1157.8984,262.8965,272.2115,1264.5494,268.15543,-641.9358,1285.1161,270.6382,208.79375,1431.6985,272.43356,-581.36725,1311.3134,262.27536,214.14131,1471.6967,271.88962,-646.15533,1324.6849,262.91034,149.35464,1469.4224,261.49316,-627.67633,1317.6343,271.42868,180.23866,1452.4747,266.85648,-571.51324,1051.9167,563.8672,202.74379,1071.4519,580.04626,-202.16156,1043.5508,757.534,522.6439,1041.2,793.2554,39.861774,1022.85333,931.58704,870.5082,995.8224,1001.39734,310.92178,1001.3151,963.8344,899.7818,962.6142,1036.0298,328.91702,1088.0577,974.95026,847.55597,1077.9712,1054.9108,200.33516
oblique_twist_start_35351_flipped.jpg,783.9378,127.001945,-160.35269,799.438,107.94093,-203.57573,803.6486,108.62904,-203.68309,808.1255,109.207184,-203.79445,799.3639,104.61262,-136.01555,802.05396,102.8619,-136.03096,804.6678,101.418465,-136.10309,836.7494,120.08709,-305.92892,832.68994,107.08828,8.6568775,796.9664,151.26024,-189.46837,793.83777,147.38492,-98.934875,849.1004,224.15591,-483.94803,876.9448,231.0126,243.4348,674.9925,266.9518,-691.30756,812.9758,321.8602,423.27182,488.22168,267.7752,-722.87665,739.3304,360.86002,432.6318,439.8436,271.9734,-809.528,729.724,364.94675,457.456,443.58105,255.42769,-769.88275,721.6881,357.2426,389.19824,462.98352,259.60544,-708.4596,723.6717,358.6565,403.46893,867.06195,569.10785,-219.70721,869.985,562.0973,219.936,888.5001,793.49115,-89.823166,874.1683,778.7071,366.65366,947.73,1019.96045,94.89137,899.2841,970.3754,614.31537,978.76965,1058.047,102.253624,917.40515,1002.03455,633.37384,879.29205,1066.4219,-51.523296,832.2193,1013.2165,541.69305
oblique_twist_start_36348.jpg,1159.7885,137.65227,-104.19381,1176.7292,119.614914,-148.86162,1180.7483,119.46406,-148.9289,1185.0869,119.17802,-148.97122,1176.7272,120.17638,-82.030014,1179.3341,120.13103,-82.11976,1181.7922,120.31992,-82.31654,1216.3196,131.95435,-259.3262,1210.3376,131.00298,51.212738,1173.1019,161.53523,-136.04071,1170.1475,161.69713,-46.105022,1253.0319,242.32147,-444.22263,1219.8873,264.66528,269.94055,1073.2505,307.95737,-549.4319,1069.0249,335.55756,336.55212,888.96814,316.8362,-476.75983,918.1843,332.65277,158.13765,846.2122,317.70163,-545.0301,888.0223,322.4213,149.45114,848.6677,298.46463,-513.79034,882.4363,305.83362,80.66179,866.148,302.691,-464.6169,890.5197,313.05032,118.53359,1220.3403,584.10297,-226.16708,1204.5145,577.8957,226.57236,1194.8928,828.2489,-60.637287,1208.9927,813.4275,400.774,1209.8025,1064.1425,158.6888,1232.7695,1014.3949,660.5171,1241.2925,1102.7054,173.51389,1258.0935,1046.6527,683.59454,1111.0231,1118.5917,-0.4690817,1149.0725,1070.6091,568.83685
oblique_twist_start_36348_flipped.jpg,774.49097,143.12697,-30.654026,760.296,120.598404,-2.037365,759.7698,119.606155,-1.9548737,759.5012,118.44967,-2.183729,753.5427,121.76594,-68.07222,746.9977,121.590614,-68.05071,740.53436,121.58009,-68.235306,730.36743,124.459305,135.7291,705.08545,130.58034,-157.95601,765.0465,166.37115,26.448372,754.7544,167.52446,-58.55417,728.7069,252.74974,331.17654,665.7784,233.5221,-343.0105,869.05597,334.61914,459.7572,844.3419,302.00143,-424.67908,1014.30817,315.234,355.91873,1019.30615,310.30832,-374.89053,1050.4462,300.1901,357.26556,1056.9387,317.71655,-423.99084,1062.3829,291.23553,301.3817,1064.4542,296.36136,-412.31427,1047.064,302.599,324.604,1050.9087,298.99985,-368.5915,751.02216,569.5796,207.70415,708.59796,569.12366,-206.56839,726.42725,821.3437,293.7243,727.9715,811.3365,-166.65294,727.82837,1033.8997,460.30243,712.1864,1058.3005,-63.65973,713.21344,1076.6299,468.26404,678.2844,1104.926,-62.236233,797.23663,1074.0353,374.2478,817.56287,1109.3024,-206.22067
oblique_twist_start_38644.jpg,1165.8926,144.68762,-159.98882,1150.1233,121.93041,-145.90906,1146.3221,120.20808,-145.73671,1142.6626,118.49843,-145.83203,1152.1368,125.705696,-209.83342,1148.9792,126.30379,-209.62964,1145.8419,127.080414,-209.9044,1109.9459,123.89488,-43.598755,1116.6692,135.59947,-323.56262,1152.3156,164.10818,-110.79595,1152.8224,168.0008,-190.58003,1044.4435,229.79413,185.60947,1130.2435,235.98874,-491.74255,1158.6118,288.59106,347.8663,1304.9838,274.9684,-562.33777,1295.0283,288.48575,345.17102,1469.4314,264.25125,-495.80817,1321.0082,274.9688,368.22845,1508.934,258.36697,-557.9479,1339.407,276.4747,300.6733,1505.196,246.4744,-535.2179,1334.1661,286.12277,317.6831,1488.0573,253.01431,-483.42014,1074.347,568.4702,195.22583,1114.9738,584.0875,-194.79158,1058.9469,763.0789,476.52527,1070.7809,798.99255,-32.77818,1017.57385,934.1672,824.7665,981.137,1005.5127,187.2549,995.4075,966.40106,855.2639,945.48694,1040.7067,203.19772,1071.1564,972.90576,824.52,1033.5148,1056.7738,96.53631
oblique_twist_start_38644_flipped.jpg,748.7372,138.01479,-176.73637,763.8206,120.04634,-220.9051,767.73676,120.97289,-220.87527,771.8859,121.76295,-220.98894,764.9471,115.81887,-157.0394,768.1776,113.66633,-157.0215,771.2233,111.774605,-157.2087,802.8595,131.1109,-321.3536,801.3756,115.063416,-25.777294,763.04395,160.74962,-206.68445,761.2018,155.91495,-121.29736,832.64264,233.13257,-493.2301,826.2133,225.38593,194.40022,648.48254,264.91434,-656.5707,704.309,275.9431,390.57938,463.06967,261.64575,-677.3357,587.4754,275.45932,392.6739,422.8337,263.3727,-765.208,564.97705,263.89227,400.88263,417.6522,250.62662,-738.76465,561.12085,257.7541,339.44684,434.29416,253.41301,-671.088,567.7316,266.16696,361.829,841.0167,561.517,-213.92912,825.39026,549.6091,214.09479,860.6605,788.04016,-128.33798,835.6106,756.0428,361.4429,935.6579,1014.0356,19.351519,885.25977,957.6537,596.84033,971.7356,1046.0692,26.377163,910.60846,987.08624,615.2525,866.3539,1082.2068,-129.68013,822.949,1019.8088,523.8451
oblique_twist_start_38878.jpg,1119.8356,105.21396,14.409861,1136.8015,86.61129,-30.500032,1140.7596,86.64811,-30.538923,1145.0272,86.58402,-30.60773,1136.5485,86.819725,37.378902,1139.0133,86.63784,37.367313,1141.3716,86.70614,37.208176,1172.6119,97.39946,-152.47505,1167.6014,94.921585,159.62189,1130.611,126.85009,-20.30459,1128.1648,126.25216,69.858826,1186.673,189.47821,-342.02197,1173.6705,210.23277,366.96747,988.95044,204.86194,-432.01767,1003.9903,243.52321,443.14023,821.2795,167.25063,-332.36722,854.16376,189.8808,270.66455,783.1146,157.35579,-390.42618,825.51416,166.09706,273.37994,785.19855,141.82895,-352.73785,820.8159,151.20387,209.54575,801.2542,148.96756,-317.36694,829.8842,163.71732,235.40291,1131.0188,528.48785,-230.33075,1122.2186,522.5242,230.51573,1124.9436,774.2072,-123.71171,1087.7532,756.19403,322.24118,1132.4547,1022.6453,19.865665,1071.1929,963.8944,509.54584,1159.0837,1067.5576,25.82849,1091.3815,1003.7851,524.07446,1043.1315,1065.0582,-137.40701,969.91644,1003.654,420.61197
oblique_twist_start_38878_flipped.jpg,811.7361,110.70582,-49.7741,793.9558,89.18518,-27.434898,791.37885,88.49416,-27.367958,789.0248,87.64367,-27.679085,792.04,90.347015,-97.09277,787.26184,90.26951,-96.90943,782.6107,90.331245,-97.049126,759.9215,94.16591,97.1945,751.75696,98.173325,-216.85733,803.3267,131.66748,5.4909706,799.4941,132.80823,-84.39087,755.8566,214.81909,320.48108,750.8224,198.40775,-382.82373,924.93933,237.06377,420.1986,946.14136,227.00256,-492.3667,1071.7878,187.99042,270.8667,1097.7979,170.65321,-473.23257,1099.552,161.18756,275.27716,1133.4624,148.37169,-534.9212,1105.483,150.75407,213.47916,1124.2905,133.71283,-507.7531,1096.0306,163.87459,240.72195,1114.7505,145.27734,-460.09296,819.9961,533.2348,235.39583,815.32513,536.0564,-234.86049,832.4311,761.3772,397.23544,824.84534,772.147,-164.90671,841.3958,958.13965,590.0011,808.8393,1010.4384,-71.81082,825.85693,998.79767,600.1814,776.43713,1053.231,-72.34477,920.3858,985.0651,519.3141,914.2488,1053.1176,-209.40878
oblique_twist_start_38906.jpg,1121.8479,102.22789,-18.95023,1140.5708,84.547424,-67.92245,1144.6635,84.74392,-67.992355,1149.0575,84.838005,-68.11124,1140.546,84.839226,2.9017346,1143.1704,84.95535,2.8256176,1145.6923,85.31188,2.639118,1177.2227,97.802376,-194.43945,1172.2408,95.81138,129.95518,1131.7263,124.67589,-54.674297,1129.1844,124.24015,39.03579,1187.9489,192.3637,-376.1867,1177.6635,215.80847,343.74722,994.5843,217.5125,-471.91382,1007.31866,251.85727,429.1816,827.26215,185.57193,-380.06067,862.32965,203.52135,256.5938,790.99225,177.18161,-447.71658,835.57947,178.61964,259.46268,790.69604,160.96727,-409.86252,829.3645,164.5841,195.24072,805.46045,168.16333,-365.18777,836.5626,177.48079,220.77423,1135.7988,526.9867,-228.64226,1127.5906,524.3548,228.86165,1126.9869,759.12866,-103.17959,1087.5587,751.3613,351.1549,1124.9218,997.4973,89.83639,1068.2317,950.68695,591.3042,1148.2747,1040.5774,99.93331,1087.6029,989.9209,610.8102,1036.0286,1036.9539,-71.806015,970.02893,984.8531,496.89716
oblique_twist_start_38906_flipped.jpg,814.656,102.7925,-90.61415,795.3112,81.034134,-65.41186,792.3349,80.39462,-65.28025,789.59436,79.57506,-65.54497,794.0176,82.323044,-140.04701,789.2201,82.36347,-139.83519,784.56757,82.55421,-139.95673,758.4652,87.0451,71.06067,752.26276,91.676155,-261.46823,805.04095,124.48116,-30.59394,801.70215,125.83389,-125.86883,756.5105,211.90915,308.2528,747.5878,197.82484,-432.48102,920.69135,233.45824,420.19293,940.3481,224.45564,-547.81396,1065.3506,195.00148,269.7881,1094.3733,176.32857,-498.13504,1092.6345,170.92175,274.37076,1130.9883,156.06392,-556.5861,1100.8989,161.90004,211.67809,1122.5674,143.24776,-528.96094,1091.244,173.84303,238.19307,1112.5397,153.71147,-483.59503,819.53735,528.82166,235.9512,811.5068,535.28186,-235.55098,837.22845,763.1888,392.73236,825.46185,773.1777,-135.37164,851.76556,959.2127,594.5995,804.4877,1004.43304,22.51371,836.4013,998.4631,605.7321,772.9957,1044.2731,28.558561,930.75183,992.4672,515.53394,904.9475,1053.3445,-110.09843
oblique_twist_start_38951.jpg,1156.8644,135.03934,-155.49039,1175.6322,117.351204,-200.68318,1179.9915,117.290306,-200.74086,1184.6273,117.1081,-200.76125,1175.6349,118.257866,-132.0446,1178.445,118.582016,-132.08008,1181.0334,119.16006,-132.20432,1217.8556,132.49384,-306.40723,1211.8197,132.3667,11.737494,1170.9456,161.30487,-186.37202,1167.9188,161.98845,-94.00742,1254.8059,253.94833,-473.74554,1210.1669,268.339,237.83044,1081.7529,325.4992,-620.9906,1067.3218,329.80737,340.0789,889.05444,320.2862,-597.89056,922.2667,319.40744,193.36488,842.0999,320.69254,-672.80743,891.6407,307.9965,187.33347,845.78546,300.8122,-648.78564,886.65735,292.18948,124.24504,864.0705,305.1694,-589.3982,895.04504,300.0756,156.87564,1217.1328,591.63074,-218.5725,1188.1731,585.4996,219.00209,1198.3677,822.8319,-68.76712,1181.3445,821.2475,382.57217,1203.5237,1062.7899,169.58603,1195.345,1027.5251,636.8557,1226.1948,1103.9413,183.29047,1214.9885,1061.6139,658.4248,1111.0607,1112.3411,18.612904,1118.667,1078.2985,546.55
oblique_twist_start_38951_flipped.jpg,766.03094,148.76984,-94.673965,750.9677,126.9957,-67.701584,749.6829,126.26919,-67.58858,748.6786,125.390976,-67.73045,746.2005,127.75446,-135.83223,740.34705,127.42841,-135.77039,734.6098,127.27157,-135.92606,718.07764,131.74913,75.12843,699.8044,136.40018,-227.58383,754.7591,172.10143,-33.671944,746.74194,172.63182,-121.231186,717.2281,257.6394,294.60205,657.3256,244.60258,-405.28113,865.5671,331.74924,442.98892,832.6286,318.3174,-483.03653,1015.56384,309.62866,349.0268,1013.3448,323.57605,-405.0836,1051.7322,294.7139,345.96878,1053.8683,330.4248,-453.9975,1065.2137,285.11725,292.42642,1060.583,309.76083,-447.20377,1051.1179,295.8334,317.41284,1045.9266,311.78812,-400.47034,750.9267,571.4644,210.32175,708.7639,578.45325,-209.35048,747.65594,816.80115,293.22357,739.976,813.8276,-169.22896,757.4861,1026.4408,495.05872,723.88477,1060.2598,9.111523,742.79034,1066.4858,506.06488,691.4042,1102.2665,18.74887,824.8523,1073.7972,398.79962,825.16656,1121.9774,-123.79372
oblique_twist_start_39383.jpg,1146.8965,128.87648,-181.37659,1129.9188,105.692314,-163.2181,1127.5402,104.94717,-163.12332,1125.4198,104.12416,-163.34532,1128.86,107.33907,-227.81342,1124.4106,107.36009,-227.64876,1120.0615,107.597244,-227.69356,1096.8684,113.4792,-46.88674,1089.9344,118.878296,-328.49518,1137.401,152.9435,-130.05365,1132.857,154.57715,-210.85048,1092.6885,243.44223,184.99605,1073.3982,238.0968,-479.39926,1248.7723,279.06332,295.019,1237.5017,306.47522,-566.7414,1396.07,268.3565,163.56705,1393.3033,283.87006,-551.2765,1428.1531,254.20894,156.41432,1428.4685,271.86127,-618.4099,1435.9215,250.03983,92.287155,1424.3511,257.1903,-601.936,1423.7764,260.9349,130.0393,1414.0623,265.88412,-546.0092,1082.9194,560.96735,213.54752,1066.3542,567.07275,-212.8741,1051.2719,777.6853,406.14905,1049.0492,794.7455,-101.70368,1032.5713,959.2884,647.79553,996.6988,1009.8967,85.09375,1013.9112,990.88934,666.14856,962.50775,1039.2766,96.481224,1092.0387,1013.63086,613.3783,1076.3572,1082.6254,-20.801079
oblique_twist_start_39383_flipped.jpg,769.3123,130.46248,-237.91243,785.8369,111.85986,-276.3612,789.8908,112.36207,-276.28384,794.1973,112.734146,-276.1766,785.88745,110.06579,-215.61093,788.6276,109.0823,-215.64914,791.12885,108.39006,-215.90541,826.5094,124.30008,-362.75806,821.103,115.77741,-79.03506,785.06085,155.10724,-264.40515,782.6417,153.12172,-182.22052,866.76855,236.27983,-503.7144,819.0179,235.9603,93.05254,691.77014,288.7027,-692.65155,665.3985,290.85043,162.47517,503.11078,273.87994,-756.9009,508.4571,273.84863,55.418617,458.6005,270.1587,-855.65137,471.89618,253.61687,43.666695,459.10672,252.77997,-831.4187,468.41345,242.59464,-22.131641,475.39636,257.4654,-755.5769,482.40222,254.62643,17.87464,865.7075,570.6016,-189.62048,826.3275,564.14703,189.77617,890.531,791.4867,-61.80099,851.75916,776.2603,376.36816,941.47534,1013.6514,136.14613,899.0254,956.388,664.5938,967.18726,1051.1017,143.10954,921.1471,987.6149,689.94965,866.0825,1062.482,-23.088528,828.62866,997.23846,601.8325
oblique_twist_start_39806.jpg,1155.4053,132.09091,-193.61913,1139.795,110.90933,-171.28117,1137.2882,109.79304,-171.225,1135.0376,108.6304,-171.4602,1138.7722,113.33353,-236.31355,1134.524,113.55329,-236.04793,1130.3793,114.021996,-236.03972,1106.5859,116.54162,-49.50884,1100.0427,124.60665,-332.45135,1144.6278,154.0062,-141.82806,1140.259,156.58418,-222.53766,1095.5901,236.99644,169.47423,1080.25,234.2826,-506.12457,1256.4608,251.52858,268.23636,1261.7223,269.55118,-644.2768,1399.8177,250.40463,140.24225,1427.5463,261.42032,-629.4507,1433.8601,237.69727,139.39946,1463.2533,258.34793,-690.62463,1439.604,238.98373,74.98993,1466.3895,247.53308,-674.2417,1426.6387,248.89717,107.379845,1452.2944,254.08911,-621.2892,1083.7916,559.15247,204.16736,1070.1116,565.21356,-203.79965,1049.4167,768.97943,436.88687,1046.191,782.8468,-43.319317,1020.618,943.6463,688.2529,990.1151,993.0307,164.77711,997.54565,976.22723,707.6779,957.67676,1026.9486,176.67834,1088.7297,990.8028,649.9097,1059.303,1053.5919,52.84685
oblique_twist_start_39806_flipped.jpg,759.78564,132.037,-139.0254,774.36066,111.03026,-183.78156,778.6699,111.125885,-183.84848,783.2175,111.12466,-183.86583,773.5929,108.98712,-119.180336,776.11163,107.589584,-119.16416,778.5116,106.47822,-119.232895,814.87,119.42601,-284.58905,807.91956,110.6997,15.042327,776.2919,153.98286,-168.21767,772.5112,151.60086,-81.6075,847.072,223.32431,-450.38452,844.68256,230.76361,239.06409,669.8844,259.19,-610.8176,736.863,291.56793,411.2624,476.3004,257.18024,-581.4701,619.6722,280.04813,375.24927,431.35562,252.80522,-651.37726,599.91095,262.80273,385.42255,433.19934,241.49017,-615.6519,593.73804,254.75273,326.71445,450.93335,246.74171,-568.8381,601.2673,263.62927,345.48468,864.96045,560.9061,-210.53976,856.24854,551.95435,210.56834,880.31354,798.91064,-114.85505,877.6924,770.80585,330.6611,938.9019,1024.7365,16.389584,922.7609,961.1588,525.5067,970.24384,1061.0128,20.654964,946.49365,992.1294,541.6968,866.6204,1073.4843,-137.67056,851.3363,1007.06476,444.37787
oblique_twist_start_402.jpg,1166.8087,124.26007,-232.37723,1151.4945,102.77841,-209.8725,1149.4573,101.729614,-209.7795,1147.6865,100.65256,-210.07433,1149.2203,105.335175,-273.7899,1144.5255,105.662094,-273.5689,1139.9152,106.20563,-273.6927,1117.9149,108.550476,-76.22389,1108.0051,116.73576,-355.36932,1156.0677,145.83298,-175.44313,1150.2415,148.53967,-255.07759,1096.9089,225.83444,143.21028,1091.4321,226.02592,-517.22003,1249.7097,248.3877,227.2417,1278.1531,265.74344,-634.0546,1386.0599,247.56425,111.29052,1447.7284,259.21747,-606.9877,1417.8445,237.51323,111.12096,1487.9219,257.067,-674.7137,1422.6249,239.05998,49.03175,1488.1238,246.33899,-656.42236,1410.8855,248.22429,81.38521,1472.326,253.4246,-598.5397,1080.0026,552.75604,195.24207,1069.8243,564.1232,-194.86192,1057.4827,754.5689,466.3583,1047.8438,781.7212,8.504382,1025.1614,929.41284,756.17285,990.7125,986.583,247.66786,1001.5202,959.49066,779.73883,955.92535,1016.55255,262.43536,1089.2329,978.8975,714.0348,1071.0399,1048.5519,131.3314
oblique_twist_start_402_flipped.jpg,749.8418,131.48038,-191.05905,765.6383,112.84792,-234.60199,769.7454,113.45699,-234.55319,774.109,113.93535,-234.50215,766.0161,110.10087,-168.42183,769.0635,108.68016,-168.58325,771.9679,107.556366,-168.88768,807.1541,123.853134,-338.75314,803.12115,112.9778,-32.986046,765.56537,155.04684,-220.6923,763.43396,152.22589,-132.08041,846.10834,227.88042,-484.24054,827.5844,225.69151,171.96075,662.9692,250.52118,-669.7711,657.3811,261.38864,259.34344,466.45462,261.2946,-689.39703,497.82028,258.2067,136.0403,420.77338,264.0477,-787.1916,462.91727,238.86618,130.81839,419.01508,251.78218,-748.10974,458.23935,232.71051,62.49032,437.5489,255.09157,-680.4654,469.89972,246.26387,98.6285,865.90424,572.8868,-209.63809,846.76825,562.00336,209.68439,890.35767,790.59424,-52.02819,873.48676,776.7874,407.76297,937.49524,1017.84735,195.43654,926.84174,960.6922,727.11707,966.5704,1055.3789,206.80779,952.2394,990.9474,755.0067,856.0228,1064.4863,38.949856,850.45435,1002.92206,666.1748
oblique_twist_start_41956.jpg,1166.2915,134.39966,-183.0775,1149.7568,111.16087,-165.73167,1145.6813,109.61073,-165.72778,1141.7899,108.05474,-165.91147,1151.9459,114.11015,-236.17062,1148.3784,114.2492,-235.94736,1144.8495,114.56353,-236.11469,1107.7573,114.376884,-62.472904,1112.2421,122.87991,-369.93454,1150.6921,156.50699,-135.5375,1150.9429,159.23724,-223.37439,1063.1942,234.2299,164.1728,1105.537,235.2713,-528.9436,1209.888,278.82468,281.26715,1286.0564,286.36923,-595.1902,1356.2472,273.91116,154.94423,1454.2444,271.18408,-542.8023,1383.889,256.19577,148.59938,1492.4697,258.49002,-616.9363,1395.1335,251.41556,80.81373,1488.6089,244.41196,-592.75543,1387.8804,263.19235,123.27837,1474.2164,254.62926,-531.7827,1085.3578,580.2357,209.34494,1101.1871,588.26495,-208.8762,1054.3925,773.35986,527.6985,1061.2885,796.9812,10.025469,1018.3428,937.4933,877.9019,982.21185,1001.4021,285.3023,998.12463,970.9635,906.9784,949.54376,1039.0485,304.39383,1071.9417,974.27026,862.3405,1034.7723,1049.2083,190.09273
oblique_twist_start_41956_flipped.jpg,750.9112,128.06773,-179.56409,765.078,110.40446,-218.7784,768.9529,110.877884,-218.83813,773.16406,111.22489,-218.99341,765.6929,108.08683,-152.6916,768.4995,106.79261,-152.67429,771.2321,105.81064,-152.68355,802.3778,122.40458,-316.3189,799.9286,113.127625,-4.603894,765.0687,151.48477,-209.72348,762.7217,148.8918,-120.10287,835.2683,234.03946,-486.26266,826.0201,239.51042,213.30258,654.4616,274.23352,-618.1466,683.63776,296.82684,331.55673,471.132,273.6688,-559.0143,542.7085,305.17383,205.85736,428.59503,267.0215,-632.0576,516.5278,290.10126,200.81474,429.4322,252.64915,-597.47797,512.5079,282.7351,131.04959,445.49768,259.3344,-546.0271,520.38617,292.89297,167.96292,849.34204,565.9781,-216.8158,835.0085,556.7629,217.01047,870.063,801.1755,-102.59734,828.78424,712.32404,507.8837,939.357,1019.9533,79.49833,870.22034,882.66504,843.04535,973.87744,1049.8129,92.38198,893.3215,910.309,872.05676,876.4192,1089.3959,-52.32026,813.0862,931.82306,799.3987
oblique_twist_start_42248.jpg,1151.5831,135.01816,-193.75284,1171.6903,118.260315,-235.26175,1176.731,118.27898,-235.34053,1182.0458,118.16556,-235.35136,1169.6241,119.311714,-167.03056,1171.711,119.82693,-166.98183,1173.5096,120.572464,-167.1382,1216.1116,133.70653,-320.14096,1203.3109,133.84055,-4.155707,1166.8351,160.47691,-216.73753,1161.3162,161.39803,-125.036644,1254.3762,248.42519,-483.62347,1198.4346,262.2523,225.0482,1078.4231,317.73093,-628.82916,1058.1755,317.161,360.96176,882.5784,306.32608,-630.32434,916.1642,311.012,255.92651,833.08295,309.15442,-706.89575,888.1172,304.39728,253.74857,836.7545,286.81116,-687.2695,883.22363,290.0187,188.63582,854.2124,290.61978,-622.28143,892.6419,296.187,221.0773,1222.0741,590.25433,-222.24478,1185.416,586.5107,222.63197,1203.9193,821.0587,-78.36038,1187.257,816.8819,408.85446,1208.163,1052.6738,170.65256,1210.9364,1011.6622,703.2001,1230.8394,1094.4568,184.31538,1232.9423,1047.3694,729.0381,1111.4446,1098.3342,-0.06357255,1124.2758,1052.941,608.44696
oblique_twist_start_42248_flipped.jpg,769.0215,152.4716,-102.78217,754.71735,129.71365,-77.45326,754.09106,128.86725,-77.31329,753.75867,127.86802,-77.48216,749.18933,130.2831,-139.64746,743.3398,129.86899,-139.62094,737.56854,129.62273,-139.8234,727.313,133.11252,67.72249,705.65515,137.80766,-210.17773,760.6928,174.63765,-42.480946,751.69586,175.32642,-122.884384,738.3955,260.01526,281.01404,664.5479,235.08762,-388.5032,883.5524,331.3743,379.77444,848.77405,297.76184,-481.45764,1016.68945,304.3823,260.48566,1027.8534,304.6825,-446.7334,1051.1163,288.44644,258.44354,1067.248,311.47763,-504.1613,1060.515,280.65173,202.8605,1073.0137,292.98996,-493.83224,1046.07,291.07355,228.03429,1058.7391,296.44308,-442.34814,753.66473,564.60455,205.44005,703.6285,564.94714,-204.49689,727.58167,817.02747,273.95898,726.5171,808.3423,-183.1647,734.9781,1027.1125,435.56845,709.39325,1058.327,-44.151913,721.69604,1068.7607,442.7793,677.1662,1101.8616,-39.981224,799.2106,1072.9014,322.13638,808.3941,1119.9725,-204.8487
oblique_twist_start_42318.jpg,1135.8486,141.14276,-76.27098,1153.8901,122.31246,-123.54492,1158.3021,122.04786,-123.537384,1163.0219,121.59982,-123.593605,1153.9972,123.57942,-52.772285,1156.8447,123.91767,-52.770206,1159.4761,124.473114,-52.74987,1196.2046,134.97998,-243.13376,1189.8599,136.34598,85.19308,1149.3422,165.69138,-112.45481,1146.6152,166.72299,-17.671875,1226.5009,246.77129,-431.2592,1190.2433,268.42075,303.3161,1050.8602,311.38028,-558.2081,1044.2445,330.68555,404.59818,867.1243,321.69745,-519.6929,898.55396,336.79382,282.95554,828.7944,323.0346,-583.21155,870.43805,328.88922,284.58167,831.5199,304.73334,-560.6783,865.4774,313.33835,225.59247,846.31244,308.06125,-510.44534,870.6432,318.469,248.51747,1182.0132,573.7359,-227.4437,1159.9985,569.2414,227.89055,1167.9285,818.97614,-200.35846,1161.6395,799.3786,366.22067,1188.1029,1064.0062,-81.93594,1191.0406,1011.20703,585.4005,1212.0237,1103.9434,-78.23374,1212.7379,1045.089,602.59595,1098.6647,1120.2452,-268.327,1113.852,1067.7944,485.09537
oblique_twist_start_42318_flipped.jpg,785.0473,141.87285,-114.267006,767.53876,119.11187,-88.77715,765.16614,118.20125,-88.6632,763.0578,117.13269,-88.869316,765.04675,120.98577,-161.43309,759.64526,121.22234,-161.35333,754.3459,121.63803,-161.497,731.84784,124.54231,45.335648,720.509,131.75644,-273.51178,774.23193,166.31516,-54.580475,769.3202,167.97353,-146.58426,727.5732,253.0072,295.6049,698.0235,249.88771,-456.82352,883.11707,321.22852,490.17896,873.905,315.87305,-538.4523,1029.2612,310.21234,403.22574,1047.6748,328.46097,-440.21024,1060.6523,296.5404,401.93015,1083.8975,333.4045,-488.49713,1072.2458,288.71646,341.80923,1090.4423,315.46146,-476.15808,1060.5967,299.43445,371.41034,1077.9175,317.56445,-432.09906,780.12494,581.8373,221.40634,753.9233,587.99365,-220.44687,769.33765,826.4413,360.30713,764.65344,824.55115,-134.65213,764.21436,1027.5421,612.99506,731.4887,1063.5872,77.59248,749.6782,1067.8931,629.31256,699.8128,1107.4413,91.13826,824.42145,1064.7954,541.526,818.6622,1115.0052,-38.74319
oblique_twist_start_44152.jpg,1148.9265,133.67041,-138.43753,1165.497,116.47563,-181.56288,1169.9214,116.288956,-181.6307,1174.643,115.975716,-181.7315,1164.4974,117.79345,-115.00415,1166.6368,118.35648,-115.05112,1168.5731,119.15755,-115.14436,1205.1942,130.5566,-282.47974,1196.11,132.39131,27.680355,1162.5239,158.18127,-166.14369,1157.9802,159.62146,-76.232086,1237.6826,247.7934,-446.75714,1202.3281,265.0505,254.78201,1057.9266,312.48175,-549.53394,1062.5903,326.13715,358.1945,878.8191,322.1816,-499.57986,922.1372,325.7238,194.95135,839.5344,324.43692,-569.58966,895.984,316.745,186.3092,841.42865,305.7489,-544.88416,889.8009,301.63068,119.79595,856.53546,308.64343,-490.44366,895.98303,308.66672,157.16481,1197.5094,586.0279,-224.13947,1177.115,580.2212,224.4074,1178.2743,825.9332,-78.55313,1176.8435,810.2127,414.40005,1181.3348,1066.168,140.84741,1200.7518,1009.33215,690.19763,1206.2023,1107.0566,153.10892,1223.7205,1044.1073,715.1151,1084.4937,1115.5713,-21.098742,1115.5677,1054.4443,606.4202
oblique_twist_start_44152_flipped.jpg,776.0366,135.974,-149.78421,759.4817,112.69186,-125.94529,757.15094,111.94702,-125.81241,755.0842,111.06132,-125.93452,757.10956,114.24022,-197.31215,751.8709,114.30591,-197.2007,746.75415,114.58088,-197.30762,724.86383,119.28085,9.22946,713.791,125.36343,-303.6624,765.2512,160.89415,-89.88889,759.7815,162.17448,-180.14261,721.21375,251.09825,251.34424,687.28455,247.63768,-478.1634,870.21857,324.45667,423.53278,863.7928,314.33322,-579.63043,1017.713,321.23346,319.5526,1034.4486,322.33734,-494.33716,1050.3015,309.53015,319.4324,1069.9722,327.53394,-547.43066,1062.5045,303.24802,254.25917,1073.0703,310.39343,-536.08466,1049.9819,312.92862,286.47202,1060.047,312.2088,-486.92596,764.8357,583.7699,212.19902,736.9723,596.4243,-211.1738,758.69965,816.9266,390.85092,759.83014,827.0256,-108.76671,760.3971,1016.0526,663.77045,730.7213,1060.3123,107.20542,745.65424,1053.923,682.8088,699.4994,1098.6204,120.269066,820.91345,1062.7948,603.50946,819.5814,1122.1438,-8.070394
oblique_twist_start_44624.jpg,1136.9948,130.77429,-225.27216,1123.5662,109.45357,-196.85487,1123.4231,108.277054,-196.63736,1123.5764,107.03201,-196.87741,1117.5471,113.00439,-257.0335,1111.7258,113.98202,-256.9383,1105.99,115.18872,-257.07513,1101.143,116.46881,-34.541473,1079.2227,128.14926,-298.02704,1133.8895,152.18846,-158.07402,1123.474,156.41316,-233.358,1096.2587,232.85992,218.5104,1071.7678,236.42561,-480.42422,1242.1335,251.55347,303.30472,1262.0042,279.35367,-607.2873,1376.5005,254.2179,196.18712,1430.8065,280.37534,-585.402,1410.4381,246.68451,198.6483,1471.4741,283.78015,-650.92303,1415.1133,248.76231,132.99307,1473.4412,269.74655,-634.9868,1402.7529,258.3506,163.57106,1456.4911,275.25494,-577.1248,1085.5553,564.0166,212.54678,1065.8593,575.85065,-212.06825,1058.2761,763.2148,414.74335,1042.164,787.949,-78.83267,1035.4697,931.86615,699.0966,1005.6822,998.33997,143.82564,1017.1756,961.1977,721.4483,972.50464,1029.4896,156.88391,1095.8206,985.03357,637.4709,1094.9266,1067.7637,6.032925
oblique_twist_start_44624_flipped.jpg,782.2566,129.98409,-312.34796,803.9638,112.64222,-331.14883,811.19214,113.53762,-331.04987,818.6266,114.27034,-330.92236,794.2186,110.23486,-271.5808,792.7501,109.14078,-271.6262,791.1087,108.31967,-271.81702,848.88043,127.79244,-335.34546,815.13464,117.304855,-57.346348,800.25635,154.97346,-307.53128,784.75146,151.9975,-226.7781,851.82135,237.2294,-449.68518,827.83636,235.40929,176.30101,656.92883,257.089,-603.4041,665.083,275.22342,277.5685,482.61612,271.72287,-611.82983,508.23257,265.19803,176.73715,444.33963,274.88095,-700.00256,476.39304,247.81288,173.16058,443.09827,261.75687,-670.3275,469.47354,239.46324,112.962395,459.32538,263.9503,-604.77936,478.57574,251.9884,143.02866,849.4988,573.3849,-202.7954,830.2659,566.3613,202.91882,883.20685,795.1095,-124.64441,863.48083,786.05115,364.72244,936.48413,1023.9424,68.14516,916.3924,973.74023,647.5296,964.1557,1061.2438,75.93824,938.0936,1000.5817,669.50287,869.832,1077.9465,-100.959145,862.9777,1028.3478,558.9674
oblique_twist_start_45522.jpg,1112.689,113.01797,11.562179,1130.0474,94.15333,-31.627136,1134.3557,94.264114,-31.6655,1138.9653,94.272766,-31.819038,1128.9462,93.60313,36.150364,1131.1516,93.05776,36.063076,1133.2719,92.75997,35.88609,1165.8115,103.978485,-146.28613,1159.0656,99.69031,163.87546,1123.7053,134.07454,-19.617323,1119.6987,132.48032,69.91115,1174.4806,189.47313,-329.87924,1174.742,214.57445,374.9086,975.32434,211.80931,-410.11566,1002.74585,247.67493,461.0391,808.5148,191.1669,-292.59833,856.1061,211.6633,267.82227,771.296,187.63634,-350.57245,827.4885,192.19034,269.33295,770.8958,172.14519,-315.65863,822.3765,178.94633,207.42699,786.2549,177.6692,-277.06247,830.0542,190.222,233.8644,1123.473,520.1888,-225.78532,1122.8569,520.4429,225.7706,1125.4935,756.40686,-108.85366,1093.9908,749.13525,338.3704,1128.0679,1000.5389,61.197998,1079.0321,953.9391,569.3276,1152.6686,1042.7274,68.79991,1098.3589,994.54724,587.12354,1038.4878,1042.9648,-107.07946,976.27203,984.8662,470.55328
oblique_twist_start_45522_flipped.jpg,806.7595,108.574135,-75.043846,791.3037,88.86318,-54.211433,788.4583,87.81358,-54.109707,785.8284,86.60063,-54.325855,790.6923,90.85849,-119.90826,786.94104,90.8806,-119.66313,783.3061,91.04971,-119.81689,759.5291,93.19327,58.456825,756.904,99.56378,-235.48805,798.79144,129.11488,-25.745277,796.5255,130.87682,-109.5202,753.3485,210.72336,280.13324,760.35034,197.41669,-413.2022,926.0503,229.30739,371.96323,955.1016,219.16367,-519.96173,1082.02,201.47743,226.19482,1117.3085,184.24359,-476.23645,1112.4594,179.00912,229.7589,1155.1792,167.39508,-534.0156,1121.6573,172.19363,166.2145,1150.3553,155.4344,-505.78693,1111.5676,183.3508,196.06607,1138.5469,165.18973,-462.21002,809.8328,529.1688,231.84886,807.36475,535.68164,-231.55302,836.07605,758.5923,389.1016,819.4502,770.8867,-131.48123,853.8847,958.63007,573.65173,800.02216,1008.2925,-22.08237,839.3462,1000.176,582.55023,767.17444,1052.9504,-22.322624,931.62177,989.8255,490.16583,909.17957,1047.5734,-163.16281
oblique_twist_start_4869.jpg,1135.2372,135.2086,-271.00232,1122.1532,112.90547,-249.54549,1120.4001,111.85912,-249.38083,1118.8679,110.781136,-249.5309,1119.37,115.41435,-312.91425,1114.6278,115.742294,-312.67178,1109.9808,116.2886,-312.86008,1090.3213,118.25925,-105.85758,1079.7892,126.059326,-381.35574,1125.5464,156.07219,-207.67181,1119.5269,158.73471,-286.29388,1057.7893,227.55582,155.26059,1077.3546,232.5939,-548.757,1190.2983,256.18927,287.35675,1269.9717,263.87335,-659.87006,1321.9534,251.20189,220.14915,1445.1802,256.3852,-603.399,1349.9945,241.60835,226.74527,1488.1562,255.8865,-670.00183,1363.4734,242.71771,164.29973,1486.3776,244.10982,-654.40045,1354.3673,251.78694,192.0615,1468.9087,250.17302,-593.99365,1074.413,561.1591,199.89594,1080.3562,574.9243,-199.41722,1041.102,765.7026,502.80063,1050.6666,788.0462,31.423027,1003.6339,943.8968,829.7411,988.06836,998.1569,316.67325,980.9185,977.57764,856.8704,952.8941,1033.331,336.3091,1065.3202,988.2288,794.5326,1062.7783,1055.398,209.16377
oblique_twist_start_4869_flipped.jpg,777.66003,125.84194,-229.609,796.6206,109.205826,-264.17566,801.6069,110.7502,-264.17474,806.8165,112.16612,-264.2283,794.0017,104.58037,-205.14417,795.54474,102.57216,-205.2558,796.90857,100.84116,-205.46425,836.4886,126.53562,-328.4922,823.6549,108.75889,-53.551395,791.5846,151.89641,-246.12497,784.787,146.26892,-166.87503,849.6715,238.35094,-448.66943,842.8713,227.33012,151.64752,676.92053,248.3906,-619.8249,713.24316,274.5883,299.88086,484.57227,254.51682,-631.1425,595.6863,279.33792,260.78375,438.26968,256.63828,-712.5337,573.30316,266.168,259.67834,437.02628,246.1957,-677.627,567.6378,262.38174,205.11514,456.4755,250.51854,-622.0596,576.0927,273.778,233.36716,854.5258,580.54193,-189.84454,840.6708,564.8017,190.00615,883.0893,803.788,-27.449532,856.7982,766.1868,402.64877,939.3644,1022.3457,190.33093,896.89166,952.1006,709.6632,970.14703,1054.3345,204.15036,918.8437,979.9584,736.22833,871.08704,1083.1241,52.062145,833.8903,1006.5523,655.30273
oblique_twist_start_49372.jpg,1160.2977,139.19534,-176.38121,1178.8577,120.43738,-222.54958,1183.2252,120.266495,-222.55203,1187.849,119.98432,-222.49387,1179.0468,120.96916,-155.4061,1181.9806,120.97914,-155.5014,1184.6925,121.26296,-155.66588,1223.0406,133.908,-327.20108,1216.9761,132.75856,-17.413195,1176.0316,164.777,-206.62221,1172.988,165.19513,-116.18226,1264.0199,254.78966,-470.23682,1222.84,265.75394,197.95062,1084.8137,317.5571,-606.90906,1080.1304,329.11136,304.22754,892.96924,321.47284,-585.5789,935.8547,315.55008,168.92036,846.87573,323.94858,-662.5227,904.6386,302.65878,159.15952,847.8158,305.90945,-639.7226,900.01074,287.659,98.64984,866.4324,309.3627,-579.5103,909.4098,297.34546,133.79301,1231.5292,600.13806,-203.23393,1204.0685,589.6257,203.60815,1212.0729,832.02264,-4.233763,1201.5089,829.14655,379.1416,1218.9077,1067.1057,287.47028,1219.734,1032.5642,654.48425,1242.1649,1104.2148,307.38876,1240.6481,1062.7667,679.20074,1127.3702,1126.0255,155.31998,1148.1093,1093.0935,569.14105
oblique_twist_start_49372_flipped.jpg,759.38367,144.51369,-86.289474,743.65594,118.49875,-67.66881,741.81226,116.77992,-67.528984,740.1875,114.92396,-67.75621,740.5966,121.99173,-133.91458,735.0482,122.41453,-133.85733,729.56604,122.98008,-133.98688,709.6404,120.11014,46.1155,696.00433,132.01115,-245.37029,748.61633,165.86409,-35.108177,741.9968,169.30583,-119.28526,697.1806,247.36078,252.94899,667.1974,238.92801,-419.58276,837.6481,332.48074,354.40042,848.03314,313.63986,-484.1523,983.56305,315.25446,230.7461,1014.8861,314.9176,-419.27985,1016.58636,301.11026,226.08142,1052.5376,316.92325,-472.73413,1032.003,292.90488,169.32758,1056.5881,298.53503,-463.09766,1018.046,303.5444,199.9513,1043.2246,303.28986,-414.0177,723.96155,566.79596,202.56126,698.8103,574.9791,-201.42865,721.9804,816.0991,282.13168,740.98364,817.9287,-164.33092,729.2592,1031.7067,428.84332,718.89197,1064.2468,-51.669624,714.4767,1072.2157,435.9369,683.3414,1106.0,-49.7472,798.6825,1079.5322,342.6449,823.2079,1123.3403,-183.83997
oblique_twist_start_49835.jpg,1157.4956,133.91364,-166.80046,1176.5029,115.29278,-204.9885,1181.5825,114.85379,-205.036,1186.938,114.28428,-205.02705,1173.4092,116.720894,-140.35849,1175.148,116.996254,-140.33289,1176.6598,117.52488,-140.44815,1221.5547,127.42809,-286.08142,1206.3748,128.47952,13.07191,1174.7823,158.58415,-189.93877,1168.3625,159.60405,-103.00837,1265.7808,241.2488,-450.23163,1204.6284,262.7859,230.5931,1085.842,307.4255,-579.7544,1066.1782,334.3716,359.3179,897.753,312.55133,-555.94244,924.9728,329.92517,269.50168,851.85394,318.5792,-624.36084,892.1126,323.55173,271.00168,852.46277,300.06458,-607.4983,888.57513,307.73032,211.45068,871.1995,302.95255,-549.9713,898.50323,313.63235,236.35406,1231.1028,595.20593,-203.51434,1190.1376,590.53,204.06235,1220.5872,834.63574,-56.488625,1199.3558,835.0096,318.29965,1232.4729,1071.9382,186.99168,1224.4459,1043.0184,543.9675,1257.5457,1110.3419,203.11256,1247.2051,1075.1487,561.21747,1144.5891,1135.8114,44.399937,1152.2227,1107.4878,437.47165
oblique_twist_start_49835_flipped.jpg,765.1304,142.09657,-111.422646,749.47217,118.623024,-88.62894,748.39575,117.682175,-88.47475,747.6004,116.60274,-88.662254,744.9745,120.17087,-152.61568,739.18646,120.202385,-152.57,733.4517,120.3956,-152.70825,719.26935,123.90708,47.074825,700.4915,130.98347,-237.60281,756.1959,165.10403,-53.877674,747.70575,166.74852,-136.29575,720.82776,254.1024,251.3717,662.73584,238.25008,-413.49075,861.8403,338.086,344.20508,844.67236,315.7678,-501.23645,1006.18494,313.6409,213.74246,1016.61035,320.90314,-464.22192,1043.4751,297.79935,214.39532,1054.7715,326.95828,-523.6065,1054.5922,291.73535,153.56093,1060.8411,307.60934,-513.42194,1038.4958,303.04303,179.86534,1046.3792,311.346,-459.83563,732.8008,572.10986,200.41228,692.5182,577.5264,-199.26448,712.4042,818.93896,285.18848,726.27124,816.6611,-163.50185,718.75226,1026.9637,450.83286,712.672,1056.677,-28.929607,704.8313,1068.0931,459.03857,680.39636,1098.6675,-25.447098,785.49054,1071.7025,346.3512,812.458,1115.3724,-181.07013
oblique_twist_start_6643.jpg,1127.0852,110.827034,8.086883,1142.668,92.656685,-36.665432,1146.5835,92.73599,-36.721622,1150.8298,92.71127,-36.916527,1142.4279,92.55639,33.684193,1145.0735,92.23186,33.71097,1147.5963,92.13645,33.59585,1177.5319,102.75665,-159.92487,1173.1191,99.47781,165.2196,1137.4741,132.1301,-27.800278,1134.9719,131.15468,65.99573,1196.6945,190.88675,-372.44806,1181.6533,215.59299,398.93393,1006.07117,221.96388,-471.928,1028.8124,255.7603,521.1034,842.4871,184.08585,-387.6811,899.58813,210.08562,342.2015,804.46,180.13539,-448.33096,875.9073,192.81885,349.22263,805.8614,161.9935,-417.9885,867.51373,175.12328,286.57324,821.20435,167.1467,-373.46942,871.8457,183.16019,307.0359,1134.1945,515.7089,-238.17894,1121.0565,517.2444,238.35313,1131.9613,757.6892,-150.48624,1085.5479,746.5423,328.9488,1133.6969,1004.6615,19.454567,1073.603,955.3109,537.3271,1156.9766,1048.2842,28.150906,1094.6885,995.6582,553.3858,1048.97,1051.5096,-151.12297,974.1425,994.69635,432.36746
oblique_twist_start_6643_flipped.jpg,805.92896,115.10964,-1.1447989,789.97675,92.692764,21.23265,787.30145,91.691025,21.310486,784.8481,90.5194,21.019606,788.3721,94.221146,-48.11652,783.7522,94.11795,-47.937466,779.2694,94.1474,-48.103603,757.0229,94.932175,134.93234,749.66595,100.30481,-177.48602,797.17706,134.69931,50.10024,793.66675,136.00708,-39.445824,745.05664,214.60048,347.71664,747.31195,194.14792,-363.32843,899.07764,246.4508,463.9222,935.4503,217.88982,-486.42798,1033.7673,203.81166,332.2095,1089.9233,174.97989,-439.59476,1057.1049,177.40672,351.28455,1123.3663,157.72136,-492.73962,1067.4478,166.76445,289.97168,1118.9991,144.06888,-459.78122,1059.7195,178.50487,303.50092,1109.5798,153.37936,-422.2613,809.2222,530.0677,233.86095,810.57434,529.8851,-233.41678,822.1063,764.2789,379.1145,823.542,762.4049,-156.96014,837.2122,962.138,567.2877,815.70404,1002.59985,-48.11898,821.73865,1002.93665,577.70435,784.6345,1047.6941,-47.523552,917.82117,984.8361,485.984,924.4858,1038.9595,-185.49014
oblique_twist_start_9507.jpg,1144.1549,122.87962,-196.84392,1129.8896,98.84277,-179.2314,1127.498,97.479,-179.02307,1125.3872,96.05307,-179.24867,1128.3634,102.103615,-242.09964,1123.9852,102.46192,-242.00792,1119.6866,103.05872,-242.16634,1097.4893,102.66878,-58.410816,1090.29,112.444756,-334.4085,1133.8325,144.58434,-143.21976,1129.861,147.72707,-221.8432,1088.0013,223.18417,166.05421,1070.2506,225.23842,-494.3212,1236.2156,247.27333,275.0618,1257.9795,268.68878,-589.6585,1358.4844,250.12727,196.71933,1428.2893,261.263,-538.2391,1384.414,240.70303,192.00444,1471.2556,258.42184,-602.9694,1391.773,241.74501,137.87685,1467.562,245.23196,-588.5646,1383.0398,249.7694,169.39877,1452.4752,251.71794,-532.17426,1074.991,563.9226,204.55814,1056.1112,573.77496,-204.03508,1044.5847,770.9931,459.2543,1041.0137,787.06635,-32.590855,1024.3318,945.36395,752.8065,992.85986,998.36224,225.98831,1003.16345,978.67175,775.88776,958.4169,1030.9703,242.38446,1089.0316,990.44476,697.9001,1078.6804,1059.7596,108.15152
oblique_twist_start_9573.jpg,1116.8241,112.20989,-46.768715,1134.6158,94.001144,-89.73755,1138.9603,94.07598,-89.82215,1143.6206,94.06983,-90.004616,1133.8765,93.64185,-19.066284,1136.5142,93.242836,-19.054352,1139.0023,93.11084,-19.123049,1172.4575,105.44374,-197.0066,1166.2181,101.53507,128.25885,1128.4828,134.3201,-77.514305,1125.0397,133.08516,16.285166,1191.6398,193.43355,-401.31717,1171.1284,221.15688,360.07452,1003.6989,215.71034,-552.31537,1018.28625,261.06244,470.9245,825.6443,182.30516,-509.2193,876.4928,226.79544,291.89026,783.1859,177.84622,-579.37787,849.9682,210.56671,303.59296,784.5197,162.17308,-547.0836,840.3047,194.66426,235.74336,799.89984,167.76259,-495.01178,846.1773,202.84926,255.71437,1143.1584,525.87854,-232.41602,1122.7119,527.09155,232.72443,1140.0134,763.3908,-138.08035,1097.0529,759.99164,330.74603,1136.1968,1003.81793,60.295486,1088.8926,966.28235,540.80493,1156.794,1047.4005,70.13958,1106.269,1006.8704,556.314,1053.9498,1046.7114,-104.767624,997.7451,1001.56494,429.84784
oblique_twist_start_9573_flipped.jpg,816.29706,101.2135,-67.6926,797.5761,80.73715,-47.24374,794.78723,80.18087,-47.10174,792.2714,79.49276,-47.35328,796.1993,81.85963,-116.61192,791.52167,81.80649,-116.45743,786.99347,81.91608,-116.53641,763.5209,87.131935,71.84881,757.15894,90.735054,-238.44841,808.4022,122.95668,-13.87564,805.10803,124.089,-102.615425,768.9126,209.41277,301.6538,755.0983,194.36551,-396.19592,933.30286,231.48462,435.75467,939.83344,231.20235,-489.60822,1066.2657,193.70062,332.8191,1095.2594,190.47296,-449.83057,1092.4312,174.17456,336.2938,1131.7329,175.46263,-505.5652,1096.3706,163.9021,282.19946,1127.5939,160.1817,-481.2897,1087.5874,173.36574,305.5659,1117.6044,168.92094,-437.58633,816.3835,526.9754,227.79768,800.8833,526.00525,-227.43576,833.19995,747.45056,413.0757,800.1502,748.10785,-116.32341,850.4768,936.5448,661.8948,786.04254,986.03906,67.0325,835.5417,976.0454,678.8145,757.4537,1030.527,76.47825,928.6007,963.6361,598.586,883.8774,1029.1476,-51.521103
