reach_up_end_16213.jpg,1011.11584,248.72723,-464.54825,1019.88513,233.85252,-418.2288,1027.2998,233.93306,-418.1016,1034.9379,234.07448,-417.91663,997.331,234.95381,-423.24875,989.0175,235.237,-423.12463,980.7749,235.81053,-423.0685,1045.0834,245.61653,-187.54935,969.76227,249.11588,-193.80728,1026.571,270.08755,-381.35675,997.2596,270.98328,-383.84836,1105.1111,344.21402,-142.09686,904.2298,370.47662,-109.33118,1184.0052,227.69554,-231.4186,871.9261,519.71356,17.304728,1262.0913,82.4516,-376.0633,854.3203,684.03455,-54.943768,1282.2609,34.328842,-449.41183,847.0084,720.7651,-51.007328,1283.4475,25.093632,-453.25867,848.2228,722.64087,-148.81548,1277.6809,41.565464,-393.30728,866.30927,707.6144,-91.632805,1067.8397,666.0478,-10.357186,942.85535,666.3176,11.4610815,1082.2917,849.1927,-149.59941,942.0155,871.8722,85.543915,1069.1749,1027.9043,182.82375,939.20483,1038.0759,481.44534,1060.7546,1050.2229,201.90945,936.73425,1059.1251,504.49734,1070.882,1110.1027,-12.115167,958.7137,1120.3381,275.51083
reach_up_end_16213_flipped.jpg,916.38043,239.17163,-612.21124,927.67505,218.50229,-570.4122,935.8004,218.0728,-570.256,944.371,217.54845,-570.2924,905.00464,221.04468,-571.98816,896.0206,221.8155,-571.77875,887.0512,222.89891,-572.14685,957.34906,233.42357,-352.3297,878.06323,239.1969,-343.69452,934.516,262.93414,-535.7755,902.65344,265.3615,-532.67316,1014.6199,382.088,-197.82,834.3507,339.16864,-252.70474,1055.5992,528.5047,-89.87029,739.54364,221.27403,-373.47153,1084.2988,679.86646,-300.4273,651.6817,70.642624,-517.9416,1097.5446,724.8815,-332.20703,622.68176,25.898294,-563.6943,1086.1313,724.8064,-417.28003,631.38806,16.753656,-587.1923,1069.8495,708.1552,-337.71048,643.4116,34.292023,-542.04156,980.8935,685.7776,17.143753,867.3778,692.527,-15.8520355,996.08276,883.79706,67.37869,857.8646,891.52856,15.659578,999.33014,1042.5172,411.31296,859.12274,1064.6825,417.2073,992.5257,1066.721,431.85226,866.29834,1083.6354,438.3158,1026.2146,1105.2046,205.83548,868.2765,1143.0692,182.80864
reach_up_end_17482.jpg,801.8563,197.72913,-388.68463,814.98834,180.67361,-359.5829,822.6664,180.98422,-359.51126,830.7492,181.17522,-359.63297,793.6935,181.52863,-352.0241,785.94476,181.8183,-351.79614,778.2036,182.33107,-351.9475,845.60956,194.86633,-197.80943,772.03015,195.25302,-157.0208,818.89026,220.22653,-330.1774,789.80865,220.28561,-318.17606,904.1727,329.15652,-119.64857,720.7807,289.55182,-82.84261,946.09076,483.3065,-82.7725,596.81396,187.0402,-159.09225,982.45447,636.2626,-270.56393,480.83484,87.03361,-287.7365,1000.25354,682.8215,-306.41086,440.60846,57.875656,-332.6677,987.4742,682.7387,-378.1939,450.75418,47.41781,-368.0898,970.2087,664.34686,-304.12677,463.81876,62.00229,-318.18494,879.6678,629.5237,0.86923987,767.3696,645.1428,0.7851554,923.1788,824.8605,-43.933037,782.0984,836.35986,-61.155018,934.62274,1021.52435,203.00844,782.8979,1030.0486,240.42375,925.53845,1049.4827,216.12805,788.31647,1053.3037,252.28183,964.665,1092.7723,23.968834,786.8052,1104.8882,34.350758
reach_up_end_17482_flipped.jpg,1132.4011,200.63077,-421.92014,1142.034,183.92424,-379.36014,1150.0194,184.62729,-379.348,1158.2896,185.38344,-379.09976,1117.9978,183.2049,-396.66345,1108.6151,182.89806,-396.50244,1099.3333,182.86697,-396.6373,1164.1764,200.47679,-152.87221,1083.242,197.96953,-226.99512,1146.2166,225.08656,-335.78888,1113.355,223.7899,-356.9392,1217.4346,302.59427,-30.444689,1016.9434,327.6713,-194.52957,1339.1112,204.39488,39.977615,977.7404,487.88425,-153.96736,1449.5695,92.6273,-6.486046,954.7849,646.48615,-236.08934,1477.8016,61.007015,-43.86821,942.8345,693.50256,-255.48643,1478.5256,48.53455,-65.43984,951.73114,692.06116,-336.48016,1470.9497,62.058098,-28.07861,967.4548,674.722,-267.0833,1165.6589,645.68414,58.345913,1046.7007,636.6416,-57.03652,1163.3066,842.14355,104.52596,1017.9313,826.4739,24.075836,1146.6945,1010.8245,467.43005,999.8534,1007.648,368.98795,1130.3848,1038.6724,491.7806,989.55493,1034.7372,389.03802,1184.8319,1068.758,322.0595,1023.77527,1077.1592,179.4444
reach_up_end_17662.jpg,846.79065,211.86859,-532.3396,861.4378,195.0381,-501.63174,869.34357,195.51218,-501.4767,877.65796,195.86153,-501.4822,840.3364,195.53542,-490.74893,832.77234,195.70793,-490.57864,825.208,196.13779,-490.8069,894.19543,211.02138,-325.71384,821.2559,210.24095,-268.82724,864.8477,234.91191,-470.5421,835.1344,234.52603,-453.7853,952.19684,349.14706,-219.09947,775.2521,302.58862,-154.8451,993.9449,499.16415,-164.82968,652.4181,177.33218,-184.85628,1023.3466,650.3919,-356.49097,528.6889,72.847466,-305.7003,1037.8969,695.26404,-397.05743,489.86017,41.35651,-353.20227,1023.68555,695.2335,-470.82462,499.8642,31.596401,-395.73196,1008.13165,677.58636,-390.7638,513.01117,46.57806,-338.6848,928.28876,635.12286,-6.945454,819.51807,650.04767,8.554441,960.8155,834.01306,-54.467285,827.5647,854.9462,-47.56341,965.7875,1021.1404,243.32643,825.1191,1043.9537,285.92004,959.57104,1047.6145,259.44995,833.35754,1067.8745,298.46307,983.42755,1093.3132,33.506905,817.50085,1116.8927,40.51634
reach_up_end_17662_flipped.jpg,1085.9536,205.10936,-462.6893,1090.6825,189.42004,-416.427,1097.2883,189.27269,-416.5609,1104.2106,189.16461,-416.40616,1068.7363,191.17096,-433.832,1060.0698,191.83301,-433.75336,1051.5012,192.792,-433.84152,1107.8387,202.23314,-189.0216,1034.9954,207.76674,-253.975,1098.0828,227.86583,-379.13715,1069.8228,229.84105,-397.8705,1174.2926,301.8405,-101.53633,964.55945,335.75098,-186.0963,1290.9908,192.04327,-95.90145,932.513,486.95197,-129.62404,1397.1244,75.119835,-227.53275,910.14685,647.08203,-225.48099,1424.729,42.706734,-290.95474,901.098,692.4892,-248.26727,1422.8898,28.478945,-317.9363,905.9633,690.97046,-340.54886,1415.2728,42.016525,-253.81213,921.06946,674.62006,-263.10193,1126.7919,635.3243,14.650076,999.7441,629.32074,-13.68458,1134.2245,836.36676,-58.3714,984.67566,812.1898,164.71404,1109.1644,1023.7027,196.68546,969.1363,965.55096,599.12726,1092.578,1049.6935,209.44621,963.4607,986.1349,628.05035,1132.915,1094.4973,-5.7737346,986.375,1035.0947,405.79276
reach_up_end_17853.jpg,1009.40356,257.3425,-699.15027,1015.7958,238.60994,-653.71344,1022.7807,238.45253,-653.68005,1029.9468,238.36958,-653.34924,994.25226,239.98,-665.1554,985.43756,240.09549,-665.0773,976.73364,240.55272,-665.14496,1033.1465,249.73338,-402.04538,959.49365,253.2213,-441.80536,1021.27405,277.30743,-607.8504,990.8344,278.23547,-619.60925,1079.7399,332.5265,-321.34027,901.5027,386.75177,-338.6107,1133.7731,188.24724,-406.77228,877.1728,531.34326,-316.98376,1176.1278,57.05419,-505.99176,862.08154,682.60095,-396.61417,1184.6946,14.1119175,-562.1522,853.5293,724.4083,-408.70468,1184.8562,8.984799,-561.3313,856.8917,725.77313,-474.85837,1186.4293,23.778942,-520.8771,871.717,707.1965,-421.54926,1064.2881,630.27167,2.4326086,954.25635,633.2949,-1.574956,1071.1893,819.9356,-240.42052,943.29443,828.8448,-40.541153,1054.6289,1005.4303,45.108566,941.9335,994.71106,301.14017,1045.8207,1027.0403,64.097115,946.25757,1016.178,320.6018,1058.4393,1080.0632,-144.44783,930.4784,1064.8492,109.539215
reach_up_end_17853_flipped.jpg,913.488,249.48831,-474.15616,926.90393,232.48196,-433.34494,934.4314,232.44765,-432.92023,942.37836,232.32536,-432.6838,905.3362,233.39899,-430.62744,897.82184,233.36461,-430.52042,890.2673,233.65143,-430.98227,955.6409,243.80286,-218.19716,883.84015,244.13274,-210.33864,929.4333,268.77753,-399.54233,901.4681,268.8913,-396.187,1010.85425,377.52798,-81.50491,839.0008,320.0789,-147.54303,1041.2253,519.8153,-10.483617,772.72217,193.97816,-276.78183,1052.2368,680.1616,-182.49399,740.5354,58.144413,-453.1515,1060.6494,720.839,-196.77243,733.0388,12.57102,-514.36957,1051.9833,731.76434,-272.03497,741.7358,17.170408,-523.8789,1036.6604,716.3045,-213.86389,752.82,35.958767,-470.35974,972.06024,636.543,34.880135,869.6266,639.1037,-33.410995,990.90765,842.6655,120.55757,871.3569,824.42267,-216.30223,995.2233,999.09894,561.5305,859.8426,1013.7229,145.40326,984.61383,1024.1698,591.98157,863.8266,1034.934,164.57352,1030.0336,1059.2947,382.33038,859.3142,1092.5474,-90.77392
reach_up_end_18905.jpg,909.87976,227.00275,-475.06677,913.8784,210.31195,-427.24814,920.71027,209.56213,-427.29086,927.82623,208.835,-427.06946,892.11084,213.57233,-439.4505,883.6314,214.66576,-439.3444,875.23425,216.0643,-439.42856,933.40137,220.05289,-202.22285,860.26746,230.74443,-232.55254,924.3973,247.03006,-394.01428,895.80145,250.85019,-403.30627,1006.2166,314.06915,-176.61226,795.4513,360.30417,-144.7765,1093.4263,199.05945,-362.04517,767.46606,505.06497,-59.908253,1178.8191,63.59217,-616.23535,755.2038,665.44214,-142.81091,1200.0509,19.932138,-698.2249,751.0173,706.5116,-135.81981,1200.1788,10.856831,-712.8958,748.60736,708.9721,-238.99481,1195.2888,27.300468,-640.2278,765.40857,694.1127,-181.77971,982.14606,624.722,-30.443838,857.99384,636.2385,31.12548,998.1618,803.2511,-129.27705,860.35175,848.3301,120.58917,995.91064,978.52057,154.06564,868.57086,1018.23615,472.0651,990.6515,997.07184,168.83252,873.7581,1035.7249,492.15512,996.90204,1064.158,-44.407505,870.61664,1105.4979,265.60086
reach_up_end_18905_flipped.jpg,1028.0149,214.1407,-533.5568,1038.5138,198.41408,-487.80652,1045.582,198.84088,-487.56213,1053.1338,199.16531,-487.49078,1017.53406,199.04845,-494.66464,1009.3727,199.39519,-494.63516,1001.1535,200.04697,-495.10962,1063.2443,216.48085,-272.04825,991.6769,216.48262,-298.4876,1042.7255,239.54886,-458.6798,1014.01294,239.51503,-465.36972,1121.1919,372.15817,-138.31306,932.2096,318.79797,-250.0916,1156.621,522.6589,-32.05121,833.3972,214.44551,-402.21048,1181.2466,671.98346,-238.76884,744.25964,65.724655,-547.86206,1193.6978,715.55774,-262.76642,714.7276,19.80777,-592.2499,1182.864,720.5448,-350.1225,722.51196,13.907275,-610.0406,1167.0071,704.1037,-278.03845,736.5177,32.514103,-566.831,1069.9829,655.08417,44.846504,956.4576,657.05396,-43.760372,1076.4949,863.8745,116.757256,947.3469,857.6938,-32.663227,1071.2979,1022.89716,468.58362,925.949,1024.5103,367.28204,1059.8154,1047.7317,491.20724,928.01715,1042.4132,390.57947,1100.7064,1083.557,289.14694,927.3528,1100.601,155.66338
reach_up_end_19703.jpg,846.4198,199.83908,-501.67294,854.04645,183.52,-454.01303,861.86176,183.14014,-454.11447,869.9533,182.74454,-453.9223,830.8519,185.86366,-458.2331,822.1518,186.61438,-458.09097,813.5817,187.66048,-458.07236,880.6674,195.3506,-228.08383,802.4409,202.49748,-219.69698,863.4907,221.52866,-422.74207,832.4074,224.00858,-421.0736,950.31744,296.0433,-191.39348,741.43604,334.61218,-132.08386,1040.6274,184.03859,-361.33966,712.52606,483.77075,-58.24357,1138.5864,64.76524,-606.0972,701.3815,645.9283,-207.6495,1166.3533,24.475521,-690.0047,697.1036,689.848,-222.57225,1165.0632,19.643105,-700.75244,700.22046,690.28436,-321.91803,1155.033,34.05635,-629.12524,717.1816,672.6039,-249.7109,911.7926,619.1628,-47.72738,783.9814,623.04767,48.6142,931.2489,818.7887,-166.49666,784.3899,836.77594,230.10167,924.2031,1014.28937,50.246735,796.4899,1003.9258,634.1306,918.0333,1035.9751,58.887535,806.7664,1023.47327,661.9768,922.4608,1110.1785,-170.05234,779.96893,1094.1421,442.79907
reach_up_end_19703_flipped.jpg,1092.1854,192.49376,-479.98267,1102.1841,177.31403,-433.64423,1109.1555,177.79823,-433.52606,1116.6165,178.19057,-433.5434,1080.7568,177.7546,-443.505,1072.3553,178.02113,-443.39435,1063.9285,178.56966,-443.8219,1125.9941,196.20718,-218.78143,1053.1111,195.53397,-258.33127,1106.7214,218.75328,-405.28586,1077.6567,218.54655,-416.45715,1182.0946,354.47003,-70.16135,996.21265,298.3658,-216.94386,1213.4878,505.2193,61.116592,893.5039,195.475,-373.37097,1233.6884,648.30005,-145.37389,788.676,60.4012,-520.5064,1243.0446,691.3228,-165.58485,751.05786,18.060623,-565.1487,1234.5792,691.99866,-253.55913,761.94995,13.771577,-582.4681,1219.8293,674.96265,-183.97867,777.95056,31.367683,-539.49945,1139.7692,637.70996,46.465115,1024.8789,639.12335,-45.28736,1141.0918,841.88416,98.30607,1031.0394,835.1822,-38.80634,1140.6873,1012.7888,406.64914,1009.0521,1005.9593,350.3572,1131.6295,1039.6656,425.41412,1009.69336,1022.7087,373.331,1167.9481,1070.0186,223.89316,1017.75995,1083.0161,147.22615
reach_up_end_20681.jpg,934.6523,245.76256,-554.2104,948.3547,228.31651,-517.97437,955.9201,229.2846,-517.8666,963.8744,230.15535,-517.8168,927.6894,227.54944,-513.4282,919.7812,227.30959,-513.08295,911.8641,227.36002,-513.094,976.15826,246.64345,-329.02252,904.34106,242.1605,-296.27206,949.886,270.56125,-487.99915,920.0425,268.57843,-477.78235,1030.8809,383.17355,-228.55794,857.3076,346.0784,-194.16231,1081.9893,529.9832,-164.02454,759.5608,230.62991,-297.5722,1120.2516,685.853,-364.24878,648.15607,101.90512,-414.36646,1137.0509,730.8457,-406.99667,612.95233,63.0965,-456.597,1119.0248,732.3941,-477.94257,618.8212,55.956825,-483.8802,1100.9707,714.78064,-395.67136,632.8573,71.922424,-438.12558,1020.40546,671.17883,-12.77493,917.3192,689.78986,14.692141,1041.4952,865.1175,-8.880864,929.6727,882.2027,20.194454,1047.1268,1015.79333,331.26227,928.3159,1062.8213,324.41898,1041.8484,1035.1836,354.15594,931.65045,1084.3568,336.6962,1061.499,1084.7902,188.51215,934.7686,1135.7765,118.44066
reach_up_end_20681_flipped.jpg,1001.0322,246.68016,-417.65878,1009.84393,230.94514,-367.7052,1017.77985,231.51012,-367.69058,1025.9307,232.17184,-367.48203,985.74243,231.00691,-381.80878,976.2901,231.054,-381.75812,966.89905,231.42084,-382.02237,1031.7078,248.54347,-129.27542,950.2302,248.29547,-189.21915,1015.36835,271.87646,-330.89514,982.44116,271.39825,-348.37665,1087.0842,355.59448,-72.76751,881.8163,376.79132,-153.76704,1182.3778,244.2051,-131.50867,843.4458,528.73157,-106.28433,1276.7926,110.205635,-245.65332,819.36597,696.70605,-182.64671,1303.1636,70.305504,-308.27478,806.4446,740.44226,-189.76154,1302.4121,59.096294,-316.53854,812.71686,742.9999,-277.08707,1294.1606,75.80959,-262.6311,831.8969,728.2185,-214.18678,1040.9476,696.19,34.116924,917.9973,682.47174,-32.67373,1026.1636,863.23755,165.63937,896.50726,880.90564,42.83658,1006.25256,1003.75525,666.44836,878.91077,1047.0349,418.52115,998.44745,1024.0872,705.078,872.8469,1068.4675,441.37766,1005.71344,1059.0001,556.81494,893.3933,1117.2163,225.26952
reach_up_end_21472.jpg,909.71735,271.88065,-682.86273,924.4565,252.66747,-649.81793,932.5907,252.06866,-649.4172,941.0912,251.35416,-649.3015,903.15466,255.18532,-633.3827,895.75555,255.67575,-633.09076,888.36957,256.48303,-633.2781,960.5981,262.35196,-448.5293,887.7288,267.24316,-361.3234,930.1039,290.1872,-611.39154,900.94666,292.22278,-586.1565,1013.6979,388.25388,-291.60458,860.648,339.11197,-171.42747,1043.7933,532.5172,-215.03098,763.10474,196.2326,-132.94952,1066.4673,688.5401,-360.27267,688.18933,76.13995,-221.55064,1077.6881,733.4727,-389.40842,669.50366,41.960007,-262.70856,1067.8433,737.6317,-461.30286,678.5552,38.362843,-295.58466,1053.2544,719.93994,-390.063,688.1423,53.02856,-248.09908,982.50916,660.9337,-37.981983,886.2792,667.61945,39.439457,1007.7508,883.1274,-36.237938,890.05023,864.52124,62.04752,1031.7871,1056.572,313.08997,912.7013,1032.654,475.37375,1029.8356,1084.5674,331.6804,930.8521,1056.2369,494.39758,1058.9996,1128.8871,47.900314,891.0453,1110.0084,204.25906
reach_up_end_21472_flipped.jpg,1014.875,288.59982,-686.266,1024.1215,270.7422,-646.5157,1031.6035,271.42267,-646.3194,1039.2432,272.16638,-646.1,1000.4608,269.4193,-658.86224,991.226,268.368,-658.7439,982.0068,267.66003,-658.6789,1041.719,280.68268,-392.8379,962.19806,275.14005,-443.48425,1024.2999,308.927,-589.75775,993.99615,306.2819,-605.14703,1086.21,354.72855,-289.99417,884.2497,393.95972,-312.97958,1160.2441,218.73839,-343.7475,862.57764,546.35284,-235.46854,1219.1744,74.25395,-446.77057,853.04114,700.98505,-279.77744,1233.3988,29.03474,-508.52756,846.80054,735.05347,-273.47256,1234.8695,24.452091,-510.55646,846.7044,739.56354,-353.0759,1229.7449,41.198215,-460.33472,863.7729,725.0189,-307.22095,1055.6238,656.8426,17.229303,930.4872,657.2568,-16.284502,1041.0776,844.4889,-105.727104,920.0884,866.31067,-53.846184,1016.7058,1026.1655,234.03082,895.3833,1044.6964,274.50397,1004.15826,1053.4062,255.14374,887.0558,1067.5238,289.53085,1029.7538,1095.0986,34.970734,923.97815,1126.1086,49.510773
reach_up_end_22934.jpg,826.98254,211.09048,-611.6211,837.6713,195.54678,-559.9704,845.00073,194.92741,-559.73724,852.79736,194.22134,-559.7139,815.53577,198.7618,-553.68463,807.53394,199.84178,-553.3883,799.5596,201.25888,-553.77014,866.1513,206.79619,-302.71017,792.51495,214.4243,-264.33313,844.4123,230.95274,-520.4237,815.80194,233.95491,-509.14352,916.7922,328.24954,-205.38736,771.5316,289.12985,-29.093555,962.284,458.1933,-133.65862,701.92053,156.32379,130.19702,1003.9312,587.5851,-268.28583,672.24066,48.568798,121.94405,1020.03796,617.9504,-298.69287,667.32556,10.825353,71.918335,1006.9634,623.34863,-372.3501,672.2951,10.228229,54.822376,992.56323,612.2954,-296.75732,677.3579,25.210403,98.436646,904.38586,592.8678,-58.00118,806.7738,594.79175,58.71035,946.032,789.72833,34.83468,791.2358,776.6021,139.02637,941.75006,938.3903,633.1176,804.27545,940.3225,617.6147,938.2986,954.498,679.6161,823.73065,962.28955,645.2405,929.3692,1018.6891,411.82092,772.3004,1017.5003,346.80923
reach_up_end_22934_flipped.jpg,1101.4962,214.52408,-521.7269,1111.7,198.35489,-471.48697,1119.7593,199.26526,-471.2296,1128.0083,200.23807,-471.24432,1085.7135,196.76581,-484.67978,1076.1499,195.8364,-484.73682,1066.6564,195.22221,-484.8542,1130.107,211.67496,-190.55035,1047.485,204.80684,-256.934,1113.1359,235.76614,-417.01013,1080.0709,232.85146,-435.87915,1165.0039,289.10922,-79.99446,989.102,325.25394,-104.217384,1226.2869,150.20993,-40.01816,963.26776,462.76007,65.82764,1249.259,26.989481,-1.2524354,937.08044,589.5051,9.032784,1255.8607,-8.705549,-29.672943,926.9216,618.953,33.300453,1258.5529,-9.921234,-22.976507,921.52,616.61334,-37.806957,1257.6532,1.2375069,-5.679428,935.98444,605.5273,-11.6256895,1135.2786,600.5343,51.46191,1028.1315,591.8736,-50.84133,1135.7615,761.30524,210.21347,1011.1971,759.16046,-217.78444,1126.9558,913.6845,705.7727,1007.5661,946.5133,84.00633,1116.5116,938.16833,740.1658,1000.7984,969.56934,102.84364,1145.597,973.7919,528.6654,1039.6692,1030.5503,-174.98982
reach_up_end_24883.jpg,790.4743,183.0159,-438.45114,803.09875,168.083,-404.07724,810.4666,168.37526,-403.96054,818.2484,168.56007,-404.07016,782.51416,169.68324,-397.3529,775.17584,170.44794,-397.1228,767.8689,171.47462,-397.2007,833.276,184.98581,-231.34839,763.18915,187.72865,-190.24088,808.1353,206.42859,-377.98752,779.7208,207.43993,-365.75,893.88354,322.3745,-145.21388,721.5641,286.41525,-104.53703,946.77966,461.25867,-109.47799,609.3377,160.9104,-154.69006,986.417,609.6002,-338.81247,492.1208,46.07389,-265.06808,1004.5632,655.8278,-383.70325,453.4465,13.537323,-307.7316,987.7018,656.8785,-455.81665,463.13776,4.3015337,-345.21722,970.87213,638.55634,-373.0335,476.14594,18.346245,-295.81705,871.933,605.39044,-3.3145452,765.33093,621.541,4.8113217,917.04456,803.97754,-41.599083,775.4081,822.88776,-58.865475,926.2836,989.9522,247.9436,768.4732,1015.99115,236.39044,918.3905,1016.309,265.3643,774.6323,1038.741,248.21983,952.7371,1059.123,67.03755,764.3929,1090.5248,12.316221
reach_up_end_24883_flipped.jpg,1131.1584,187.28766,-452.4206,1138.2571,171.7689,-407.6371,1145.544,171.58319,-407.66943,1153.1191,171.44159,-407.54034,1115.6754,173.65065,-419.5651,1107.1147,174.26094,-419.51074,1098.6317,175.17575,-419.54517,1161.7942,185.25685,-182.23024,1086.3673,190.77992,-223.93152,1146.969,209.8791,-370.61893,1117.2878,211.82588,-382.72025,1229.5051,284.9338,-89.52898,1021.47034,316.09604,-163.52356,1338.329,171.2591,-109.46389,983.64703,462.20007,-84.46229,1439.9681,47.411564,-256.52692,952.25146,618.1103,-171.86069,1468.9203,12.545206,-323.47623,940.36084,658.7275,-180.60757,1464.8773,0.8008003,-347.44016,944.3463,659.11865,-276.63107,1455.3214,15.2043915,-281.75748,961.36115,645.6041,-208.92636,1175.2158,618.9935,23.840548,1048.8196,609.1883,-22.855116,1172.9796,830.51733,-30.219341,1040.3256,810.02783,89.44449,1155.6675,1020.3347,253.78244,1025.137,980.92725,465.0381,1141.0602,1045.8387,269.22552,1019.21014,1002.34534,487.52026,1179.5194,1094.1442,59.836067,1045.9886,1058.0233,263.25223
reach_up_end_25534.jpg,750.63776,267.02213,-665.7253,760.39703,248.64745,-625.3878,767.70526,248.13976,-625.49506,775.2241,247.67319,-625.2632,740.0148,250.8716,-629.2514,732.2521,251.2352,-629.0762,724.65283,251.94211,-629.057,787.7497,256.66916,-394.26385,717.3135,262.1903,-393.56537,767.6473,283.57803,-582.39374,738.7322,285.6385,-582.6012,852.4952,330.9736,-313.46176,673.56506,388.68597,-292.13474,901.4353,186.49619,-424.53665,653.1667,523.8376,-271.67975,936.56934,58.63545,-540.4319,634.4701,670.647,-393.98132,941.7258,17.081379,-593.04724,626.78894,713.73865,-407.84457,941.64703,9.149079,-596.3973,626.81537,713.4981,-484.58972,943.6431,21.425207,-556.4621,641.8874,694.81744,-425.69354,843.8756,620.5768,-26.112322,733.40045,627.9324,26.831303,874.2461,829.99426,-98.78768,747.7043,828.37427,107.45379,895.83264,1014.3027,76.54284,777.94476,994.73444,403.29752,891.9405,1037.1642,83.54667,792.5075,1015.1177,420.3043,911.6683,1089.0891,-123.61949,751.23663,1069.7335,221.6035
reach_up_end_25534_flipped.jpg,1174.9011,258.42212,-468.9115,1186.7438,240.53316,-428.15305,1193.955,240.87163,-427.80484,1201.5939,241.1729,-427.71857,1165.2698,239.84825,-433.0095,1157.1278,239.04202,-432.80182,1148.948,238.52162,-433.18167,1207.9746,251.19629,-206.11362,1135.8124,246.35173,-226.00177,1186.2496,277.47507,-387.88324,1158.0822,275.3593,-392.94147,1240.8922,379.75772,-71.36494,1082.0635,318.95395,-118.45738,1274.098,520.72046,-1.6700878,1029.0824,194.17635,-174.30354,1299.1161,671.4512,-165.18436,986.76886,51.084366,-276.56918,1310.1431,709.6462,-175.09688,977.0819,5.359118,-312.31857,1305.0112,716.56036,-250.73882,981.374,2.5874734,-330.87128,1288.7885,701.4556,-196.72818,990.6619,20.5357,-294.29648,1192.2228,640.00024,20.3709,1090.5018,641.9289,-18.95883,1192.1791,846.4279,93.28399,1061.0939,839.87463,-34.738384,1179.5801,1008.7688,482.3838,1026.7484,1008.8006,334.6169,1166.4681,1035.182,508.4119,1031.2933,1029.8297,354.33102,1213.1198,1068.8267,299.24805,1010.22253,1080.763,121.14905
reach_up_end_27162.jpg,836.73425,236.59665,-580.5321,848.2444,222.20152,-536.1773,855.1908,221.80254,-535.9828,862.4781,221.29268,-535.96686,827.58905,224.70023,-529.71655,820.6634,225.47038,-529.4478,813.7798,226.53839,-529.817,875.9551,233.36127,-302.70453,808.94727,238.52722,-267.2605,852.56573,254.73712,-497.28314,826.6217,256.79663,-486.6827,923.0086,351.28238,-177.85574,783.0395,307.08725,-120.38838,956.78577,484.39783,-135.63083,724.9855,171.25804,-40.91692,976.0294,622.9969,-287.79764,703.92303,51.782104,-42.285618,985.9301,657.99756,-323.8746,704.7164,13.563137,-89.22166,974.0387,662.9182,-392.32098,709.82306,12.743282,-107.21269,961.7742,649.83295,-317.6255,712.56573,29.185888,-62.66538,889.8836,593.21967,-21.318338,797.22504,599.4148,22.016682,925.6905,783.7371,47.19667,785.5585,785.6011,58.443317,927.77264,956.5107,473.69684,807.64764,964.8216,397.52994,920.9972,978.77277,501.3045,827.5903,990.13544,412.2474,935.4588,1031.7928,245.48166,773.82776,1034.2216,132.81017
reach_up_end_27162_flipped.jpg,1093.5396,255.83842,-569.0975,1101.227,237.12445,-524.5417,1108.2933,237.05962,-524.3188,1115.548,237.0722,-524.26526,1077.8767,237.4636,-539.27527,1069.181,236.76106,-539.23663,1060.5621,236.4091,-539.20667,1118.7552,241.85233,-251.88414,1044.9293,241.2564,-322.65027,1105.4586,271.39337,-465.27463,1076.5769,270.8602,-486.17276,1164.672,300.41193,-125.18107,988.7975,347.07846,-165.91336,1211.8922,140.84912,-80.17349,970.4719,485.049,-13.182067,1225.9866,15.591724,-43.925,955.26526,619.9762,-18.95051,1228.5237,-14.899006,-74.01152,950.22943,656.06976,13.012837,1230.12,-23.680773,-60.674767,944.32263,648.52313,-58.150272,1231.2876,-14.964344,-45.14897,956.606,634.0051,-36.292137,1139.4026,605.17255,41.49608,1031.0883,599.54065,-40.820213,1133.7711,777.54065,127.52147,1016.7075,793.4331,3.5633817,1123.289,924.94525,617.36707,996.8049,961.6841,378.07275,1115.4353,945.71,651.9991,989.824,981.4489,400.53333,1135.5062,988.7113,454.13968,1022.9402,1045.5608,145.45064
reach_up_end_29776.jpg,860.17957,207.4771,-442.67935,868.63257,190.61423,-394.26782,876.14484,190.5971,-394.27548,883.9523,190.59116,-394.03256,845.69104,191.5219,-402.21155,837.10834,191.65092,-402.10687,828.62134,192.06973,-402.1743,893.15137,202.1352,-160.10521,816.3147,204.69998,-175.02821,875.3273,228.78212,-358.1361,845.1817,229.51317,-362.97226,956.479,300.6888,-113.38172,748.58936,328.98,-81.4076,1050.0326,189.326,-217.55127,719.2724,478.93744,22.830856,1145.4775,73.820274,-409.63885,708.8854,638.0235,-81.954636,1169.8582,33.303444,-482.5141,705.81915,676.3918,-85.54259,1170.1904,25.179184,-496.34967,704.6721,677.09564,-183.90794,1164.757,39.27346,-430.97885,720.8589,662.8627,-119.73486,912.84576,622.0627,-23.016129,787.1733,623.2669,23.900738,926.6167,819.9223,-109.604126,788.2506,835.5848,153.36008,923.8535,1004.62897,184.10983,796.54236,1007.34576,552.5463,916.8458,1022.97516,199.00143,800.94824,1023.4929,577.54974,928.6762,1099.2018,-38.2201,801.1177,1103.3687,331.3745
reach_up_end_29776_flipped.jpg,1081.0319,193.65422,-498.85065,1090.42,174.75513,-457.3479,1097.6256,174.65532,-457.19482,1105.2953,174.45052,-457.20496,1068.1829,176.17018,-466.71017,1059.416,176.54306,-466.59033,1050.6488,177.1859,-466.9629,1114.8516,188.36472,-238.62129,1038.8351,190.92255,-276.03604,1096.0369,217.22823,-420.39728,1066.6481,218.2796,-430.78143,1174.631,337.18073,-73.3754,985.7415,289.36484,-226.8224,1212.2363,485.64258,67.300476,891.9393,201.55374,-414.15677,1235.2501,636.5601,-148.58931,785.8057,65.80248,-580.0421,1247.2327,680.84283,-171.76697,748.33777,25.296728,-625.8522,1238.4833,684.2871,-261.7296,757.04944,17.942112,-649.9026,1222.9297,667.1788,-189.4909,772.9227,34.68225,-601.2129,1144.5603,631.289,41.102703,1027.6318,637.43854,-39.905884,1147.7976,839.5288,76.64779,1028.6913,837.6741,-48.06909,1151.8944,1025.2784,363.8879,1011.6489,1015.40155,326.64792,1145.2823,1054.7241,378.68393,1013.0532,1033.2708,344.99933,1173.647,1081.3035,137.282,1025.4437,1090.6056,79.89385
reach_up_end_30109.jpg,929.1838,244.31546,-573.1759,941.1626,225.90625,-536.1266,948.7179,226.27837,-536.01733,956.6359,226.55797,-535.98706,920.12866,226.76509,-530.5533,912.0039,227.11415,-530.19885,903.8729,227.75656,-530.23157,968.87537,242.21169,-347.0923,895.815,243.15384,-310.0131,945.29877,268.35135,-507.19952,915.5752,268.6055,-495.9046,1031.2053,380.1429,-260.21646,847.4851,348.08054,-205.88124,1073.6798,525.4983,-224.03079,745.66534,236.79597,-257.51294,1102.3219,676.50085,-452.10382,632.7237,110.204025,-339.98343,1116.7361,723.62317,-504.02887,598.08594,73.29473,-379.92334,1099.1783,723.05347,-573.0208,602.6875,62.60353,-415.292,1081.7714,704.0867,-484.33032,616.00824,77.23056,-366.85782,1022.29565,673.0043,-17.675997,915.7372,691.2667,19.634714,1048.2329,871.1156,-20.802553,928.06323,881.45306,32.723873,1055.7694,1020.19214,349.894,937.74304,1047.1428,400.7109,1048.3623,1040.2736,375.94614,942.20526,1068.3119,420.39667,1075.24,1089.4196,204.63193,950.2676,1117.1945,199.96263
reach_up_end_30109_flipped.jpg,1005.666,247.59221,-480.91107,1012.5196,231.72777,-433.5515,1019.1075,231.98718,-433.64655,1025.9761,232.30644,-433.4473,991.7917,232.17075,-448.61313,983.451,232.25253,-448.47943,975.1814,232.6434,-448.53033,1030.8226,244.95541,-202.07867,960.05676,245.80714,-255.75534,1017.1051,269.95532,-397.59128,989.1106,270.14166,-413.3918,1091.4536,349.42163,-148.56741,884.5043,373.4621,-206.97227,1188.1084,247.74715,-243.63727,848.9389,529.02673,-197.05647,1289.9652,121.06363,-413.90256,828.4644,695.05,-305.76816,1318.4573,81.2166,-480.52774,818.3515,739.6541,-329.48663,1315.7816,68.971375,-497.2412,821.6108,743.87915,-418.63846,1308.2268,84.74135,-436.62296,839.8989,728.65625,-342.80487,1034.1014,677.6836,3.5628755,910.42993,665.9585,-2.3876019,1026.71,873.8949,-55.703186,888.4636,863.2759,104.30862,1000.753,1043.5082,218.0352,874.72986,1027.5986,491.4156,991.0094,1063.7266,233.43945,873.1602,1048.571,515.82697,999.1918,1115.092,45.124096,871.5787,1097.569,309.4173
reach_up_end_3099.jpg,954.0367,247.10432,-547.83777,968.82806,232.69191,-514.24646,976.94275,233.4284,-514.18866,985.3808,234.00931,-514.2202,947.3518,232.52399,-505.71368,939.756,232.55258,-505.56238,932.0902,232.78905,-505.86902,1002.0298,251.87297,-332.72784,927.7211,249.27536,-290.23456,972.0425,272.39108,-482.62482,941.6883,271.03006,-470.15753,1073.8358,390.66635,-247.99588,871.1102,350.0808,-227.9815,1121.3396,536.5925,-226.62692,746.26886,333.91782,-461.46,1159.1228,681.2271,-346.91196,650.8842,229.85663,-796.03845,1180.8656,728.22687,-377.02847,620.4395,201.66248,-872.6076,1162.2227,731.774,-448.0774,632.95636,193.20087,-908.49426,1146.059,715.34393,-376.6991,647.82007,210.4154,-827.05756,1040.5165,677.73645,-6.5430894,921.5372,685.34283,8.104927,1049.981,879.66797,-62.75456,931.68317,888.46875,-38.158752,1059.9279,1064.8347,272.42197,941.5606,1065.3146,344.10843,1058.9403,1089.4799,293.88846,951.2424,1089.6055,364.34778,1057.8845,1141.8379,86.04835,934.6709,1137.6503,123.87973
reach_up_end_3099_flipped.jpg,971.0385,257.8809,-583.6138,981.38525,240.48503,-539.57196,989.1157,241.00337,-539.5432,997.0774,241.51674,-539.0647,959.1693,239.62231,-555.0514,950.4612,239.20671,-555.0507,941.8237,239.00912,-555.3988,1005.36487,255.30789,-292.18256,929.3886,252.0764,-358.21555,985.30725,281.15155,-493.15527,954.1979,279.80966,-512.0393,1064.2522,365.99188,-125.10331,857.864,381.42563,-335.718,1173.8455,363.4884,-149.66022,809.07587,543.7475,-366.5412,1271.4264,256.36115,-432.38358,783.0296,687.8692,-523.63904,1299.6309,224.7581,-509.09717,769.35254,727.07666,-578.2066,1291.3485,208.78387,-546.2679,784.2439,731.02924,-653.71124,1280.4666,223.20503,-465.145,802.5346,718.64874,-557.8441,1013.71295,686.04706,52.119106,893.2848,682.03186,-50.8421,1003.1005,896.2802,63.501434,880.20325,880.17914,2.7444544,999.50775,1068.3079,365.98624,868.5086,1047.4044,393.8363,989.9035,1094.6893,384.4851,861.69586,1070.2605,417.94434,1018.4856,1130.1754,189.46408,890.772,1117.8896,186.36092
reach_up_end_36758.jpg,747.92474,249.31618,-607.8846,764.3038,231.46544,-593.8951,771.3018,230.79053,-593.6328,778.6949,229.96858,-593.44324,749.45386,234.1798,-559.04156,745.1675,234.84178,-558.7234,740.8571,235.854,-558.7379,808.07416,238.79097,-476.81143,756.23804,244.32408,-309.59467,771.8368,267.75885,-566.92096,751.6217,270.08487,-518.2187,891.2966,357.35287,-354.423,737.536,323.15952,-179.33867,933.8273,499.6095,-317.1725,623.98737,190.91933,-211.61307,964.56903,650.8094,-458.83893,537.9372,82.98435,-366.93878,979.7253,693.6128,-497.03882,512.43713,50.34253,-434.7229,964.50165,697.78827,-566.66254,525.78125,48.53674,-462.21088,947.98175,682.0635,-486.5914,539.3458,63.61007,-394.71695,874.1778,641.9075,-44.7155,777.3939,650.6497,45.859787,893.66797,853.8139,-74.727974,762.842,830.26166,-75.10048,903.9358,1029.763,245.80003,788.28143,1007.2627,308.00864,902.7558,1056.5206,264.37103,811.55176,1030.5621,328.5572,919.35736,1099.9305,12.203526,746.3368,1082.1846,71.47067
reach_up_end_36758_flipped.jpg,1174.2819,252.60606,-444.45477,1171.2234,234.78233,-404.06366,1176.1653,234.53442,-403.94843,1181.3506,234.32849,-403.88116,1152.3646,235.82391,-436.36124,1143.4016,235.6914,-436.35812,1134.5001,235.8189,-436.61334,1169.138,242.06091,-186.59483,1103.845,245.99037,-332.5029,1175.9773,272.75577,-362.06052,1151.0118,273.64206,-404.22977,1210.5935,334.17017,-140.00117,1014.3432,356.38583,-262.00906,1294.1665,240.53119,-159.86298,975.9582,493.46033,-202.8158,1388.0232,96.47333,-258.32822,962.87476,660.1946,-277.6089,1413.5569,57.332348,-309.12384,949.2496,708.86523,-286.98657,1416.6792,48.34111,-319.79626,963.63336,710.8706,-371.44098,1405.4746,63.497673,-275.2245,980.1229,692.0284,-307.13272,1176.5908,634.86365,46.32146,1054.2054,633.5157,-45.47392,1170.6155,821.74316,19.412481,1049.0743,842.7856,-54.796944,1144.8063,1002.90063,263.75748,1032.8451,1023.54193,155.75787,1130.1572,1031.0753,279.3038,1022.5629,1047.2126,163.74835,1168.1376,1069.2709,109.714775,1067.0225,1102.042,-42.896545
reach_up_end_36893.jpg,819.55884,105.40022,-580.281,828.5298,88.79897,-538.5187,835.4963,88.17725,-538.3052,842.83734,87.38853,-538.20325,807.28406,91.11591,-542.0726,799.63617,91.59811,-541.7721,792.0502,92.293526,-542.03156,850.45184,96.835236,-307.36975,781.1633,102.97813,-317.2408,832.55975,123.467285,-496.71545,806.355,125.26645,-499.62775,904.788,214.14073,-179.59648,746.52496,180.84488,-204.58432,953.57513,349.70135,-125.4003,706.4699,52.399185,-275.0709,986.5162,484.17767,-246.96092,715.446,-56.020844,-321.85468,1000.2755,515.8437,-273.48788,722.82465,-92.53776,-378.88562,993.51263,524.9327,-334.96136,724.22687,-87.60324,-388.00552,978.16406,515.27405,-272.50058,726.26025,-74.03212,-339.59235,898.1961,462.52557,-1.4685783,799.7322,477.1104,2.3326535,930.24506,665.49774,57.612366,797.17584,671.9028,76.242836,927.29095,823.7156,485.14767,807.14905,833.37,491.76245,919.1553,842.6164,511.35916,818.45105,852.35077,513.27997,938.3183,903.55835,219.52255,800.5266,908.1574,213.17978
reach_up_end_36893_flipped.jpg,1117.9521,109.35205,-575.0747,1124.5237,91.78803,-528.5826,1131.6052,91.59164,-528.55493,1138.9144,91.415764,-528.3877,1101.8776,92.40904,-540.4963,1093.3285,92.13098,-540.6129,1084.8606,92.09767,-540.91736,1141.7252,99.099396,-282.71417,1068.3578,100.03525,-332.79602,1129.1094,127.2848,-485.84506,1100.5117,127.54197,-500.02148,1187.7955,179.52147,-218.644,1008.7382,216.68547,-224.201,1235.4192,72.05127,-300.60303,980.37286,348.52805,-169.92694,1234.0745,-43.891003,-322.23663,943.93134,494.5844,-259.7077,1235.419,-83.79893,-360.1905,928.5688,533.3016,-264.0777,1236.1055,-80.592766,-347.92935,930.74615,535.59656,-335.69968,1235.132,-67.83332,-326.03406,947.90704,520.9102,-286.32123,1142.4772,470.34958,19.655817,1035.5684,463.5627,-19.611532,1126.7094,665.74524,77.27958,1018.9478,661.4702,25.042957,1127.2004,828.7155,397.925,999.6914,825.2707,289.01215,1120.6407,849.5277,418.95602,1000.95245,845.3695,303.7855,1132.2529,900.32935,192.66908,992.375,905.0989,54.73829
reach_up_end_37555.jpg,780.61475,257.7746,-795.6221,782.55597,238.90471,-744.6918,789.22656,237.27277,-744.8802,796.1131,235.63568,-744.55945,761.6088,244.30917,-759.307,752.8972,246.09746,-759.2167,744.35986,248.1791,-759.2966,800.7152,244.90305,-475.2926,729.6377,262.28186,-521.4299,795.2552,274.18118,-698.6658,766.4879,280.96933,-712.3708,869.65607,322.4731,-370.76334,688.4742,395.124,-414.18198,921.85565,185.55876,-424.45712,678.80334,538.1452,-390.668,972.6,58.491577,-544.8228,669.8595,692.8529,-511.19962,980.53424,15.789478,-604.04083,668.5336,736.31683,-534.9729,981.2787,6.6741943,-617.1256,665.7626,736.4232,-609.5085,981.1591,19.14756,-566.4256,679.34326,715.3538,-542.80963,882.25446,625.6242,-16.768417,766.60925,639.7544,17.609716,911.21576,832.8464,-57.10772,777.3975,842.79816,123.64557,919.72327,1011.3656,183.27502,804.06433,1005.7404,495.96445,915.2725,1032.6877,193.73056,817.925,1025.0914,518.23584,928.30225,1089.7405,-42.38173,780.1843,1084.5359,276.58243
reach_up_end_37555_flipped.jpg,1143.7065,250.85898,-399.92636,1159.4036,234.04767,-363.02628,1166.5862,234.63875,-362.68347,1174.2173,235.1972,-362.6325,1139.0552,232.8774,-362.49103,1131.9556,232.00183,-362.37183,1124.7915,231.41739,-362.77954,1187.2299,246.10596,-153.48494,1119.561,239.24744,-159.3515,1157.4974,270.30777,-324.43494,1131.2792,267.63568,-324.78064,1228.1473,378.54926,-7.256385,1066.4598,314.3371,-125.41815,1253.5731,526.18396,82.17865,1006.9796,197.0626,-293.70065,1262.4156,679.451,-67.64678,956.00165,54.399704,-465.1123,1272.2676,719.996,-70.65056,942.09265,8.750739,-514.48035,1266.124,729.727,-152.13692,943.75476,7.6285887,-526.31647,1251.4756,713.0474,-102.292915,953.3049,26.761665,-482.7411,1169.899,646.8715,55.561146,1066.017,644.8338,-54.038692,1171.6094,849.4801,131.36874,1039.3698,837.8111,-178.7361,1152.9999,1014.83673,517.33575,1008.02905,1019.8944,179.53491,1137.4803,1041.8391,542.3701,1006.7811,1040.518,196.89209,1188.7405,1068.399,333.3707,1015.26685,1088.9766,-54.01158
reach_up_end_38441.jpg,994.13684,248.09335,-465.80203,1000.4365,232.38759,-418.45056,1007.5623,231.91241,-418.40518,1014.92487,231.4782,-418.21515,978.42737,234.86389,-428.56412,970.0715,235.67348,-428.47375,961.7876,236.76234,-428.49884,1023.7665,242.2241,-183.7904,949.9569,250.37254,-212.9077,1009.85895,268.5072,-380.9137,981.16296,271.3289,-390.0918,1092.6956,342.81076,-123.09471,885.5571,376.49045,-135.22566,1169.0482,242.90846,-236.13498,858.2994,531.6218,-50.59723,1250.017,96.33583,-444.70694,840.7274,690.40576,-147.4111,1271.1948,47.611378,-522.87915,834.0964,728.69916,-152.77805,1272.1669,38.46616,-534.1663,833.36096,729.9881,-251.5085,1265.439,54.38284,-466.7078,851.2295,714.3787,-185.3857,1062.134,664.9441,-8.234548,933.859,669.37054,9.2720585,1086.1746,862.1231,-86.58225,937.82697,880.7886,85.24985,1085.4894,1048.9313,209.4193,946.1582,1055.3876,455.8561,1078.6173,1072.4242,224.6005,948.61304,1076.5443,476.52927,1092.4209,1130.005,9.494991,956.32166,1138.3771,245.66637
reach_up_end_38441_flipped.jpg,937.03766,244.82378,-650.32855,947.8275,223.8627,-607.22614,956.1747,223.83035,-607.03796,964.9564,223.72324,-607.06616,924.5592,225.3863,-612.9286,914.91656,225.84903,-612.6803,905.30396,226.64603,-612.9823,975.4389,241.6721,-389.56876,893.0349,244.39989,-396.8442,953.9631,270.71222,-574.76556,920.283,271.97147,-575.8644,1031.844,394.77374,-271.12115,840.02515,348.87927,-319.17877,1069.9585,542.8874,-223.40924,745.22955,244.07056,-448.54697,1102.7992,686.9943,-440.06677,667.81836,82.79355,-610.3023,1119.5795,730.3829,-479.4788,641.7614,34.346416,-660.42175,1104.2913,731.63135,-553.92725,650.2711,24.55985,-679.5305,1086.9114,715.21454,-473.16977,661.8818,43.284996,-632.6092,987.73566,693.3876,16.511534,876.77563,697.8589,-15.423252,997.6355,867.63904,130.51633,864.94495,875.3024,140.90929,998.3471,990.2182,501.4011,871.92126,1008.4684,629.41675,989.3696,1009.67944,528.4428,878.93506,1023.70435,665.5081,1028.0724,1051.7079,348.43106,877.4083,1084.582,472.82745
reach_up_end_40269.jpg,919.79065,252.78264,-590.023,932.02185,235.73131,-555.9867,939.1757,236.32265,-555.9497,946.6929,236.82716,-555.94775,912.3021,235.83322,-547.87524,904.8641,235.88629,-547.4935,897.44586,236.1777,-547.41223,958.76715,251.81233,-375.1023,890.95123,250.54613,-325.22983,935.2355,275.55084,-526.5488,906.81976,274.74353,-511.82904,1020.24927,382.20905,-283.47653,848.5325,352.4896,-203.79123,1074.7439,525.9662,-218.5082,742.7844,244.42844,-283.8238,1109.4077,676.12225,-423.30063,620.4828,125.95669,-425.4407,1124.0186,721.322,-480.672,585.22675,91.28422,-470.37103,1106.3068,720.80774,-547.1461,590.1954,83.211395,-510.52466,1090.3848,702.93414,-454.42157,603.9491,97.59097,-455.80582,1018.0187,665.1644,-29.262676,913.26416,683.96533,31.224705,1039.6152,874.85156,-123.31903,930.3653,887.2372,-51.055588,1056.3773,1054.7745,185.95891,932.9184,1072.1362,276.10632,1055.9993,1077.6066,205.23296,937.7279,1092.3933,288.80368,1062.4172,1128.829,-9.884823,943.46606,1147.6766,42.75039
reach_up_end_40269_flipped.jpg,1009.0307,252.55579,-386.47623,1016.3456,236.93698,-338.4455,1023.26074,237.1408,-338.4607,1030.4493,237.41412,-338.27066,994.9015,237.32458,-354.48337,986.4934,237.43246,-354.36673,978.14905,237.8086,-354.55078,1036.0549,250.16615,-107.7334,964.269,251.50067,-174.38046,1021.9575,274.97668,-302.5681,992.92053,275.2464,-321.92612,1092.9801,355.1924,-25.242441,896.8848,371.89468,-135.52515,1193.4895,270.24603,-34.06666,857.2777,520.38055,-96.22976,1298.334,145.44582,-176.48357,828.97406,682.38513,-216.39253,1327.5856,110.03653,-241.73993,817.3649,727.51794,-248.13881,1322.0317,94.0587,-262.3249,826.0514,729.34894,-331.26096,1314.6154,108.824905,-199.46724,842.7729,714.07416,-250.16507,1037.7499,687.9473,31.351704,919.981,672.7026,-30.169502,1025.1865,870.67993,55.92994,889.31604,858.6621,73.8735,1006.5288,1022.14154,435.84644,872.74854,1021.5114,482.24625,997.8567,1043.4413,461.71658,868.6535,1044.3898,508.2482,1011.69696,1082.2031,285.12155,878.2664,1090.1218,295.34058
reach_up_end_40790.jpg,730.3515,256.40567,-566.553,744.53845,238.57895,-549.9695,751.1854,237.58249,-549.63184,758.25134,236.4644,-549.43964,729.23895,241.7426,-519.12006,724.7877,242.38977,-518.8492,720.3314,243.40735,-518.8759,784.4958,242.11957,-410.66782,732.4221,249.40617,-264.7718,752.86884,272.67633,-516.325,733.36926,275.52145,-473.59576,872.0458,357.7391,-276.68835,708.63165,322.18875,-141.80756,923.3877,504.9121,-265.04663,606.9807,172.71796,-167.07379,950.3069,657.8069,-478.4633,509.15692,69.18394,-292.86572,962.4668,700.0385,-525.4188,480.29413,34.69847,-357.5758,947.28503,701.54095,-593.51636,489.6305,35.15861,-381.69028,931.3796,685.1379,-507.4513,502.6234,49.98449,-320.26086,851.1931,646.8178,-28.70649,747.20416,654.84125,29.984562,880.34784,861.6477,-72.5326,743.9209,839.88196,-145.80852,889.6394,1033.1642,315.84787,765.1434,1024.347,271.23434,885.2569,1060.5415,341.67926,784.93256,1047.7144,294.45328,915.0979,1097.5157,81.73077,736.6893,1099.1597,14.138554
reach_up_end_40790_flipped.jpg,1189.1052,264.77728,-646.64307,1189.954,242.77312,-606.1615,1196.4514,242.07538,-605.9848,1203.1504,241.42468,-605.84985,1167.2622,244.42601,-632.0846,1157.1254,244.29057,-632.0051,1147.0188,244.46645,-632.0157,1195.7062,246.97922,-358.7003,1118.8452,251.91808,-469.67596,1194.8108,283.11105,-551.8309,1165.3663,284.71628,-583.88947,1238.6508,328.53787,-272.96564,1037.2957,361.61163,-351.07568,1330.7404,206.12221,-325.03735,1008.8332,505.76624,-302.2766,1419.6661,72.40136,-425.45538,987.56915,664.65186,-365.10706,1445.743,30.771267,-480.7102,975.29126,704.5775,-366.42514,1445.5308,25.999039,-489.4723,980.637,709.04297,-450.90906,1437.3163,42.304596,-443.42947,999.4187,694.5195,-394.4307,1199.0515,627.3543,33.042484,1074.1036,626.66394,-32.495644,1184.9863,816.6788,-111.75158,1066.2607,844.55316,-94.56207,1160.1146,1005.6684,178.03345,1046.357,1027.3314,151.90617,1148.0103,1032.7358,196.72224,1037.4745,1050.0359,161.86116,1173.6108,1078.3264,-16.094807,1077.16,1111.1453,-73.81378
reach_up_end_40843.jpg,785.2832,186.69893,-448.21658,796.8161,170.77274,-414.9777,804.1205,171.0824,-414.89343,811.8252,171.26971,-414.9703,776.00183,171.95822,-409.3554,768.3009,172.45589,-409.1308,760.6207,173.20985,-409.20004,824.65533,185.77824,-249.23438,753.3302,187.67058,-212.20921,801.541,209.63608,-390.39532,772.8626,210.14632,-379.16858,884.80853,322.8475,-168.77205,706.80743,286.1259,-135.55905,935.3985,466.68488,-128.3321,593.65027,171.03151,-223.88194,973.53046,619.8898,-323.1908,481.3406,57.30119,-347.4392,991.06934,664.49976,-357.77502,444.8937,24.735525,-389.526,977.40576,668.5977,-430.2657,453.47128,16.173784,-423.9184,959.92334,651.34235,-357.0782,466.55185,31.202824,-375.92148,860.5641,609.90454,-11.343046,751.4504,627.57874,12.751507,897.87683,817.0778,-64.840706,762.3389,831.39667,-33.900574,920.8993,1008.67523,210.15779,763.23096,1024.6902,274.99225,917.3901,1033.9231,225.28238,770.89716,1047.325,287.38803,936.3392,1082.4279,13.062049,761.3555,1099.6509,47.192833
reach_up_end_40843_flipped.jpg,1147.7037,187.20552,-399.631,1154.1456,171.74724,-352.8997,1161.1772,171.66777,-352.97797,1168.5099,171.62796,-352.8102,1131.5945,173.13972,-366.10074,1122.9117,173.5695,-366.0615,1114.3037,174.2937,-366.1491,1175.0737,184.63104,-130.67139,1099.8445,188.78082,-174.23386,1161.6674,209.56065,-319.8424,1132.0413,210.95085,-332.57645,1240.2073,287.88437,-61.997875,1027.1089,313.28223,-119.72909,1348.2721,175.59642,-107.69562,989.62396,465.0684,-68.736275,1447.2084,57.525787,-252.25368,964.2486,621.48303,-168.81488,1475.5902,21.589165,-316.66074,953.5407,664.0958,-180.00401,1472.9877,10.904596,-336.31247,957.80023,663.63214,-274.61432,1465.0292,24.238308,-277.60477,974.9304,648.9195,-206.27197,1178.8304,627.4836,1.9686625,1048.9159,617.25073,-1.0010374,1181.4515,837.597,-77.85243,1033.6018,818.96625,102.06351,1163.0999,1031.7601,177.51987,1024.689,998.40375,463.65808,1150.2213,1057.6613,188.7928,1025.4155,1023.1101,484.30463,1180.7668,1107.0447,-24.931952,1021.78345,1072.4062,259.74637
reach_up_end_41048.jpg,853.98615,258.84003,-619.0414,869.11365,240.41734,-599.87256,876.20325,239.41827,-599.6259,883.64,238.31122,-599.3759,852.10754,243.5637,-576.0991,846.92426,244.08951,-575.67255,841.7903,244.94801,-575.67303,909.3326,243.94212,-452.66983,852.40424,250.63599,-343.47852,876.4583,274.44305,-566.3027,854.7306,277.13882,-534.1537,983.2608,355.7781,-309.78586,830.92175,317.9246,-224.49567,1024.3712,499.1682,-292.5785,737.25165,161.30905,-268.4629,1044.8339,663.1508,-451.40958,651.816,60.626186,-371.13577,1059.4696,709.5327,-493.02573,626.4415,27.316496,-426.88425,1042.5114,713.7384,-555.5373,635.4751,27.798908,-452.9651,1027.1665,696.0999,-476.96014,647.3887,42.46237,-396.71423,954.5579,613.7383,-11.808114,855.339,624.0254,12.877428,977.5764,819.9375,-204.15094,863.7625,792.67017,-339.7237,996.9736,1017.69836,79.57794,873.9777,995.3267,-66.85449,996.2234,1044.8518,93.245026,888.81036,1019.01886,-56.86582,1008.689,1093.4576,-187.85947,857.9125,1075.3557,-331.52643
reach_up_end_41048_flipped.jpg,1078.3152,267.2458,-622.2016,1078.9424,246.34256,-580.6958,1084.2992,246.31534,-580.65967,1089.9021,246.32849,-580.43536,1059.2632,245.99373,-612.379,1050.131,245.06386,-612.2889,1041.0717,244.42911,-612.4376,1079.3425,250.08025,-326.0271,1013.1547,248.22136,-471.06097,1080.0193,284.57028,-523.5322,1054.7466,283.70868,-565.68567,1117.4885,323.06802,-217.7285,925.7841,359.9537,-378.30432,1199.5642,200.68059,-206.12451,894.5215,507.30392,-363.49136,1281.7463,67.21972,-306.1838,891.14636,670.26984,-441.4881,1301.9963,26.565586,-363.62668,883.7089,713.2922,-470.5386,1305.0105,18.354614,-377.0462,893.2482,716.25354,-544.6753,1299.6843,33.58765,-325.59705,907.53314,698.58655,-468.67374,1088.1676,628.3696,54.778942,969.4441,630.5883,-53.89059,1086.8455,817.61053,-73.225136,959.25604,838.41144,-92.01556,1064.4542,1001.3243,203.58943,946.49646,1020.77423,232.51607,1052.5299,1029.9554,220.96051,936.1801,1042.6844,249.60886,1089.0204,1068.3296,17.95457,984.8997,1105.1094,11.564787
reach_up_end_45066.jpg,806.6082,93.15471,-646.4336,816.83514,75.82282,-602.8093,824.56287,75.0254,-602.72565,832.60223,74.08192,-602.58527,793.92926,78.27614,-606.882,785.9504,78.8422,-606.5395,778.0465,79.62157,-606.88947,844.6552,83.879425,-351.19876,769.8279,90.969086,-370.205,823.2683,111.3088,-554.25464,794.6485,113.69678,-559.8767,902.29846,199.84988,-222.11552,739.42426,167.94212,-254.0885,955.18665,332.91064,-144.70406,714.7948,54.990616,-280.51828,991.91815,467.2788,-236.5037,739.64,-18.230598,-237.71918,1010.1909,499.17557,-257.32718,749.6106,-42.608788,-289.02512,1000.0446,508.25232,-325.57626,752.3862,-38.058617,-299.27133,985.3823,498.97366,-264.11243,748.76917,-26.662563,-252.99042,888.69226,443.55963,-3.9399102,782.6932,457.67438,4.3568287,921.39484,645.18164,36.29926,789.3291,654.50287,67.02909,921.8002,819.9195,417.65384,801.1034,824.7705,468.05112,912.0245,840.3221,440.19458,816.65045,844.574,487.03824,936.0759,898.04956,144.85999,787.70624,899.43164,180.14305
reach_up_end_45066_flipped.jpg,1124.5729,96.18732,-682.42566,1133.1279,77.33395,-640.3236,1140.6246,77.23835,-640.1222,1148.3525,77.15054,-640.1026,1109.7225,77.52938,-648.9998,1101.2826,77.118774,-649.1507,1092.8038,77.00671,-649.3845,1152.9645,84.69754,-392.31033,1077.6266,83.65827,-417.70758,1136.3422,114.00001,-589.4655,1107.5612,113.715,-596.0085,1196.2999,167.43263,-343.26572,1014.9337,193.15259,-251.04332,1236.0029,64.92518,-465.35663,986.9879,328.8086,-121.93969,1185.9618,-4.0500927,-502.21704,949.24854,475.22903,-181.47865,1174.6838,-29.624495,-534.0128,935.8317,508.1985,-164.6891,1174.0958,-20.18506,-528.6171,931.0869,513.12067,-252.96815,1178.8164,-10.521995,-505.0829,948.338,503.8699,-212.78181,1145.8568,457.24,3.126678,1037.844,449.17142,-3.3879132,1132.5386,643.84436,114.131485,1020.157,648.1575,75.76444,1140.0841,800.1754,547.4048,999.99976,816.9392,356.12805,1137.1755,816.8224,576.04614,1000.2654,834.2402,371.58774,1128.5089,879.389,325.24496,1000.97205,908.1082,95.86646
reach_up_end_45913.jpg,933.7354,240.13971,-576.02856,948.0221,223.464,-555.26135,955.38403,222.85023,-554.9553,963.1327,222.11588,-554.8255,929.17523,226.30376,-529.6981,923.1422,227.04698,-529.5025,917.0726,228.0409,-529.62134,983.86847,232.56761,-405.7744,921.34894,238.83391,-280.98672,953.8097,258.4151,-522.20325,929.00653,260.6912,-485.88953,1050.9481,361.7477,-295.4796,890.4101,311.4213,-119.09869,1083.2717,514.4196,-272.2074,799.8278,188.44377,-103.8356,1098.1808,668.2656,-422.98773,732.3849,68.16304,-220.93774,1108.2961,713.621,-462.82245,715.3312,31.78804,-263.05566,1092.0238,714.123,-526.0973,722.3727,28.661377,-291.78653,1078.612,694.3017,-449.25635,732.00995,44.632515,-246.37576,1005.8274,623.24304,-39.87719,906.4137,623.93134,41.109127,1038.7937,833.3258,-69.534874,900.82465,817.8134,3.8035462,1048.1476,1007.2734,252.21356,917.95514,997.25134,320.53076,1041.0841,1033.0205,268.99557,935.1676,1025.1107,333.92776,1068.8613,1080.8685,20.138998,884.6558,1066.7452,82.71298
reach_up_end_45913_flipped.jpg,985.3189,254.30357,-508.70316,991.9013,235.33295,-461.82413,999.0382,235.56082,-461.84915,1006.42584,235.85342,-461.5907,968.62177,235.18736,-480.8124,959.30536,234.62239,-480.6852,950.08295,234.41959,-480.76898,1007.68665,245.17104,-212.1681,929.35834,244.00496,-295.07144,995.0617,275.65387,-415.77957,964.80206,274.8972,-439.945,1055.802,331.89236,-134.53107,849.3394,368.038,-231.03549,1121.1337,199.52113,-166.06133,816.9346,516.3603,-193.7244,1187.364,65.77789,-246.68701,824.6764,680.04047,-259.89316,1202.5688,23.117058,-303.3504,820.0903,721.8274,-281.1701,1206.332,13.790374,-302.78812,832.3665,721.2968,-347.6421,1203.1738,28.911467,-261.32974,845.5939,702.9415,-282.61166,1024.6932,644.8094,33.67189,899.0716,646.74774,-32.49477,1035.7236,795.57056,-323.92383,890.5993,836.0979,-51.257145,998.7831,991.7284,-6.5388217,881.8346,1010.62946,346.47046,981.89014,1022.65375,15.712059,877.14655,1035.397,370.6116,1031.3063,1052.574,-182.10161,903.1718,1082.0332,164.41412
reach_up_end_47932.jpg,836.43536,162.22116,-394.84314,844.94763,144.17957,-345.85306,853.4373,143.50937,-345.79388,862.2216,142.863,-345.62524,819.7278,147.22572,-352.46234,810.52216,148.08968,-352.4394,801.3876,149.28496,-352.6851,872.93317,155.54697,-124.215515,789.78656,164.60376,-129.51646,855.5931,183.53304,-317.4283,822.16406,186.68599,-318.89395,939.1405,251.29597,-144.49973,735.6033,293.86932,-47.48562,1027.6506,131.73306,-432.3129,714.3733,445.4007,47.8093,1111.8812,18.618156,-685.84717,704.73334,601.2582,-20.952478,1137.3622,-16.390785,-741.3414,696.60876,642.5449,10.427774,1136.6201,-18.295261,-750.29,698.17804,643.84607,-86.05518,1127.7368,-4.5234275,-703.8827,716.0956,628.93384,-54.9281,913.93207,580.3551,-19.88721,788.62646,582.7664,20.121197,931.85425,774.3687,-49.19474,781.8962,793.47546,149.13242,932.16656,949.78143,265.92914,788.69507,970.82184,484.57013,921.56744,970.4875,282.40842,798.2434,989.1068,502.43002,960.9473,1043.2963,70.651306,783.8482,1074.9899,279.6542
reach_up_end_47932_flipped.jpg,1093.7778,146.24095,-559.7316,1103.0906,131.0827,-515.6759,1109.3856,131.26936,-515.47845,1116.1665,131.3542,-515.4565,1083.2688,132.36653,-524.42236,1075.6381,132.86957,-524.4099,1067.9954,133.66815,-524.8741,1124.732,148.19496,-284.5058,1058.4581,149.91594,-327.34464,1106.86,170.8756,-477.7767,1080.6835,171.47684,-489.01434,1187.4401,305.88034,-123.71341,1000.7911,253.45355,-268.04144,1220.9923,457.52884,11.14589,901.89746,165.78044,-492.76245,1237.8257,599.71906,-174.04779,812.85406,18.296291,-739.5292,1247.3007,638.25934,-189.86458,782.88153,-30.270832,-800.642,1240.2837,642.8826,-285.40366,792.2525,-31.856018,-822.98694,1226.0543,628.18677,-213.78217,807.2517,-11.156939,-762.9364,1143.4822,593.0493,56.83319,1033.1986,595.033,-56.00486,1150.3082,792.579,167.06805,1027.7177,797.566,-67.30606,1134.0543,967.6615,542.1069,1001.4479,979.7207,293.53143,1118.8594,997.2507,567.3769,1003.026,1000.32587,311.8278,1174.0883,1023.7624,364.3616,999.1846,1055.1934,61.6429
reach_up_end_49312.jpg,982.08215,263.51923,-601.23773,987.8912,245.46706,-559.4524,994.7649,244.90916,-559.417,1001.83856,244.41347,-559.1131,966.5197,247.89969,-568.74316,958.04083,248.30327,-568.6956,949.6868,249.05823,-568.7587,1007.0105,253.65344,-327.6351,934.11584,260.1825,-351.06485,995.1337,281.11124,-516.7533,965.84485,283.22882,-524.288,1058.8542,328.39465,-248.58041,876.3731,386.27472,-258.23816,1095.5155,177.22554,-324.11823,854.33887,531.2511,-231.71754,1125.4216,56.131275,-414.9683,841.2117,682.6916,-304.56848,1130.849,19.905489,-466.182,832.8763,723.7697,-304.36862,1134.1166,16.198826,-467.23364,835.56976,724.4363,-374.3903,1133.8503,28.132103,-429.57977,850.2945,706.1242,-329.95547,1039.3405,620.873,-17.715298,924.5952,626.672,18.538704,1060.1317,815.03076,-286.34644,928.2249,828.63074,16.455591,1063.2297,1009.2462,-45.142273,946.507,1002.39307,372.09976,1057.9551,1033.9999,-31.09908,956.65936,1026.1372,393.9082,1070.6353,1081.685,-236.60808,928.80566,1073.274,200.60768
reach_up_end_49312_flipped.jpg,948.7999,248.66692,-420.78107,962.3575,230.58997,-384.04245,970.2081,230.43248,-383.69046,978.4489,230.20203,-383.696,939.99335,231.59634,-382.8747,932.18646,231.52138,-382.5927,924.35095,231.72902,-382.9306,991.1039,241.01991,-176.59949,915.8914,241.501,-172.57074,964.46826,267.24167,-345.75754,935.3032,267.15155,-344.1781,1038.8395,367.8341,-71.90108,868.5608,314.1943,-98.63611,1069.6287,512.13934,-41.225597,810.24457,201.79242,-179.8413,1084.9647,669.8782,-200.01662,788.5918,67.030975,-314.2706,1096.6306,714.05023,-220.04219,787.0556,26.295605,-369.49942,1083.782,723.39514,-285.8021,790.06274,26.237669,-385.83908,1068.0999,706.2542,-227.90126,798.71826,43.785366,-333.547,988.7589,635.3761,21.606174,886.2852,641.1402,-20.060863,999.776,838.70764,42.96624,881.6643,837.7385,-71.724754,985.7763,1007.0883,379.81985,868.6194,1011.65454,244.31606,971.6127,1034.562,401.0417,873.2928,1033.568,257.23047,1023.43085,1071.4954,191.30786,860.5699,1085.4893,17.497433
reach_up_end_5137.jpg,817.6029,154.254,-558.45605,827.6082,137.60237,-512.48987,834.5448,137.20439,-512.149,841.87,136.64798,-511.98703,806.69507,139.3702,-511.5137,799.0376,139.6271,-511.23196,791.42993,140.12582,-511.53375,851.2188,146.0918,-270.1363,782.19885,149.78783,-261.04764,831.38617,172.31111,-472.09033,804.88446,173.26135,-469.52972,899.4735,260.0703,-155.39046,752.0725,221.39194,-122.94847,944.9946,394.62582,-118.40681,707.62805,90.84597,-165.72287,974.5514,531.50354,-263.26425,705.0852,-21.750065,-235.7786,987.5329,563.0399,-290.2012,709.70123,-61.713093,-293.34937,977.8677,572.7739,-352.87167,709.21564,-56.999763,-298.61066,963.7546,561.36304,-288.49734,711.26056,-41.920513,-252.94447,891.41187,507.11264,-17.452503,796.22296,515.96466,18.31496,923.33,709.6247,59.540115,789.4061,700.91626,79.9276,924.2989,864.24097,520.2891,798.30945,865.08014,514.74274,918.72253,881.6535,550.1121,812.50305,885.1621,535.49554,925.43286,946.46936,251.96356,784.5234,942.5603,223.93896
reach_up_end_5137_flipped.jpg,1116.0477,146.87161,-458.1895,1125.7784,129.78517,-412.91702,1133.6478,130.29893,-412.784,1141.7662,130.90343,-412.7091,1100.6459,128.70747,-422.5763,1091.5656,127.89061,-422.66684,1082.5222,127.35255,-422.93573,1145.7124,140.44998,-169.2676,1065.8427,135.62361,-217.21317,1128.1628,167.23055,-368.6992,1097.0292,165.23584,-382.11664,1186.469,223.65897,-115.01566,1004.3462,254.6222,-98.9436,1226.4058,94.99648,-163.05652,979.83716,395.28262,33.16852,1236.3362,-48.093533,-174.60422,951.2716,532.53735,-37.158375,1241.0759,-94.17554,-210.79529,940.3219,563.3502,-18.689009,1247.7073,-89.743835,-206.74431,933.59595,565.2615,-99.73824,1246.2618,-74.27854,-179.79865,949.73645,554.64215,-63.945515,1148.5421,528.58923,37.133797,1038.5604,518.0422,-36.955765,1138.2415,703.01245,147.67024,1028.0604,695.80383,-97.245224,1138.1256,858.37146,572.5056,1009.2449,874.8719,180.46288,1134.343,880.6977,601.5355,998.6816,896.077,198.01576,1137.9591,921.7547,390.83142,1045.3589,963.2741,-57.659424
reach_up_end_6334.jpg,885.83545,232.46628,-474.8269,900.38947,218.69136,-456.8187,906.83453,218.10242,-456.46826,913.71747,217.36711,-456.23398,885.1693,221.621,-424.4994,880.9566,222.42937,-424.36172,876.66315,223.55748,-424.50906,938.9252,226.20447,-334.6305,889.1293,232.79308,-181.75003,907.08563,250.52153,-432.13275,888.26373,252.87476,-387.39175,1022.11487,351.95206,-231.47977,858.4198,304.57867,-67.341515,1055.364,502.48215,-215.27977,769.0421,174.84773,-75.39545,1070.6654,652.91254,-364.4712,705.1741,56.215927,-184.3942,1080.4988,695.6102,-400.16696,688.14087,19.227705,-237.98189,1065.8359,698.3439,-464.9146,695.3851,19.619543,-259.83347,1051.5829,680.7268,-389.93332,706.9218,35.55045,-207.97708,979.8421,622.693,-26.136713,877.8356,624.0852,27.357353,1015.0933,831.64606,-43.92965,871.4769,811.7197,-66.90688,1022.3329,1006.9679,288.43307,884.333,995.9053,285.37692,1012.4835,1035.2102,306.8907,900.6243,1021.98206,303.12326,1054.6732,1071.8174,60.39201,851.9823,1065.7892,54.216625
reach_up_end_6334_flipped.jpg,1033.2509,242.48749,-494.6725,1032.3295,222.17249,-451.5054,1038.706,221.30406,-451.4221,1045.3076,220.46848,-451.22574,1010.54114,224.4709,-478.34082,1000.5648,224.75613,-478.32053,990.6635,225.28487,-478.5941,1037.0043,227.089,-219.17172,962.8834,234.8063,-340.5086,1039.6144,260.54083,-407.41495,1010.49786,263.227,-442.50458,1080.2035,308.4042,-154.29398,888.8346,350.5952,-275.80215,1146.2909,203.78482,-196.25923,862.3165,502.10812,-270.81396,1217.0758,70.45865,-284.09464,859.3085,666.17676,-335.40714,1236.3639,31.604834,-334.69235,850.96954,711.81537,-349.25894,1238.9211,26.363647,-342.6401,862.089,713.92346,-422.34818,1230.9792,40.923084,-300.85153,877.9904,695.04236,-362.05103,1060.3392,611.208,44.37011,939.9343,613.541,-43.662518,1056.2922,801.3765,-44.283955,926.7825,822.57605,-116.029526,1041.2391,988.3685,211.03767,907.156,1010.39014,124.08793,1029.8295,1016.95874,226.70825,900.5069,1035.8754,134.30724,1063.3091,1055.6581,40.059303,928.36334,1089.2806,-81.328674
reach_up_end_8173.jpg,889.56836,246.12,-548.4305,895.39905,232.40622,-500.34467,902.3123,232.13445,-500.3844,909.4066,231.87904,-500.31537,874.3217,234.92592,-509.55493,866.22833,235.66675,-509.41544,858.2349,236.74036,-509.38968,916.4255,244.32759,-269.66464,845.0312,251.3588,-292.3682,904.0275,265.17746,-467.64215,875.1855,267.4662,-474.87262,972.47064,326.80048,-215.57495,792.3983,373.0276,-218.80803,1012.58734,166.76721,-280.04993,765.9331,506.34955,-171.431,1040.6652,61.114132,-318.38446,752.2779,665.2564,-252.78159,1043.1013,29.182798,-354.9785,746.5943,713.0409,-252.48502,1048.8875,24.638966,-351.06805,748.8815,709.38947,-328.25885,1049.4856,33.41159,-327.53796,762.55005,688.1949,-279.66525,956.33093,621.4888,-8.631131,842.2936,624.9856,9.398441,983.581,822.7645,-80.7357,855.3852,825.21735,93.724495,992.3424,1008.2224,129.10536,877.15204,995.8165,405.0441,986.7327,1033.614,139.24057,889.64954,1021.4496,422.47076,1006.1933,1079.6263,-53.933014,853.18677,1063.5376,224.57346
reach_up_end_8173_flipped.jpg,1036.143,234.97055,-414.03668,1049.7427,221.56871,-371.81137,1056.676,221.97058,-371.47375,1064.046,222.30493,-371.39624,1029.5193,221.77289,-371.902,1022.6637,221.72835,-371.72012,1015.7695,221.99396,-372.14188,1076.4663,236.98882,-160.68048,1010.02167,234.74532,-166.59767,1050.3075,256.35297,-340.18182,1024.5186,255.29305,-341.02112,1129.1971,375.3749,-48.34503,959.4052,311.50836,-126.49734,1161.5498,514.3573,12.069389,895.7398,184.58557,-304.16025,1165.6064,663.8782,-162.69093,875.8295,52.483063,-503.81293,1172.9978,705.9162,-186.09416,872.31537,11.168526,-570.8373,1159.5356,714.1183,-262.2936,879.1689,15.198404,-584.1948,1145.9808,696.3638,-194.42178,888.0841,32.835194,-524.2254,1072.5754,625.07947,38.64045,972.04,624.8868,-37.285995,1071.6083,824.4416,129.97658,961.91394,824.4576,-129.86789,1054.7119,990.1058,511.1023,939.5602,1008.4476,172.16234,1042.0845,1016.74615,536.9749,945.6649,1030.98,184.67888,1084.6741,1050.9943,347.0141,921.8468,1082.604,-53.177734
reach_up_end_8286.jpg,850.1001,192.55034,-479.20416,858.0883,178.84221,-429.84738,865.1707,178.86574,-430.00595,872.51434,178.88913,-429.8326,836.5435,180.31053,-437.048,828.5275,180.84311,-436.89423,820.6539,181.66655,-436.92914,882.2547,191.71542,-195.62439,810.3429,196.02739,-210.54112,865.1015,214.45584,-397.0055,836.81506,215.84134,-401.8643,946.595,296.89017,-151.46373,743.2658,325.02057,-153.69656,1032.7443,182.73233,-275.95074,715.3953,466.14774,-101.344635,1123.8967,62.458885,-496.96863,705.602,627.7865,-266.02567,1147.5836,21.498142,-582.9756,702.84045,671.91284,-305.838,1147.5924,15.09367,-595.2261,707.9101,669.3558,-399.68942,1140.7126,28.491627,-520.3305,723.0835,650.1751,-307.89957,902.0941,620.1526,-20.507149,774.35046,621.4318,21.696526,924.3085,817.3395,-128.26656,765.7332,828.61835,178.5652,922.512,1016.3655,76.683525,771.1099,1004.01355,574.3401,912.9607,1042.1588,84.12335,777.5243,1025.1653,599.12585,937.1904,1099.8894,-146.45341,766.2989,1089.2355,368.0427
reach_up_end_8286_flipped.jpg,1082.6013,186.05373,-530.0619,1091.7803,170.33038,-491.23993,1097.9996,170.40387,-491.0818,1104.697,170.38199,-491.0996,1072.2102,171.80331,-497.9096,1064.8132,172.36455,-497.82755,1057.392,173.22261,-498.2636,1113.8223,184.82983,-279.83405,1048.4391,187.33159,-310.4677,1095.9445,209.51154,-454.15125,1070.6334,210.5536,-462.243,1177.6553,337.14362,-115.18541,995.83856,285.43564,-246.99037,1213.2642,486.7742,29.546741,901.74945,182.33281,-390.7931,1228.413,631.90063,-177.30244,797.2517,46.765194,-542.6397,1235.4878,674.60657,-202.6903,762.0964,4.167509,-589.61273,1227.0234,676.21783,-294.74722,771.39166,0.18784046,-617.3648,1212.8611,658.47626,-216.98834,786.6767,17.414124,-565.23663,1144.8386,623.94617,49.373905,1035.0586,626.60724,-48.332237,1161.1665,826.032,138.39885,1038.5947,825.16205,-72.36729,1159.9939,1005.5082,484.4874,1015.5597,1010.05316,263.287,1148.6382,1036.5685,506.106,1016.7216,1029.9147,278.9192,1198.9683,1055.4011,300.18414,1016.9623,1083.992,33.135063
