side_leg_raises_end_12014.jpg,829.8504,133.2254,-717.40857,841.861,110.02758,-684.153,850.52277,110.67328,-684.14844,859.3672,111.04484,-684.05237,816.2708,107.31999,-696.9617,806.6,105.305374,-696.8033,796.9373,103.382675,-696.57117,864.2825,113.741905,-424.03726,776.95166,103.71832,-469.15414,841.54193,152.74146,-612.2291,808.7483,148.1405,-626.3169,921.14185,227.25333,-232.87068,686.06964,216.6077,-321.3708,939.2603,420.42636,-189.83092,687.53735,398.5065,-280.56705,943.19104,549.45056,-443.8506,748.91205,534.7981,-528.4723,952.85974,592.6695,-520.1517,751.6098,584.95465,-617.69946,931.8666,583.99207,-574.2504,790.01495,569.526,-658.52246,918.0161,565.56506,-465.15918,794.3484,547.53564,-545.9409,913.13086,496.05347,22.084772,778.5413,534.0029,-21.457428,1091.4534,614.4809,-3.2346752,810.7876,775.2149,0.13554674,1289.1797,734.9511,252.29782,879.7269,966.3492,342.9663,1298.49,764.97614,274.10745,900.41797,992.903,365.41724,1392.9207,767.7737,127.5824,884.76807,1050.8492,176.84103
side_leg_raises_end_12014_flipped.jpg,1093.7386,139.52925,-774.155,1107.9651,110.70865,-754.608,1118.0901,109.233925,-754.63965,1128.4816,107.63406,-754.5751,1079.8728,112.66379,-744.2317,1069.4061,112.403206,-744.2185,1058.9341,112.32908,-743.91113,1146.8179,112.17561,-553.01904,1052.1177,116.77159,-490.8779,1116.5645,158.14171,-693.3272,1080.3151,160.19196,-674.6685,1226.1656,231.19923,-433.89758,1017.6734,235.16335,-244.01933,1254.117,417.65546,-401.50668,1011.76495,421.08304,-174.95714,1174.0361,547.2417,-565.30524,988.98615,547.3433,-385.385,1167.9603,586.83417,-642.1935,971.5571,589.052,-442.0871,1130.8127,581.0554,-671.16016,985.06805,589.5218,-509.0423,1128.5009,565.91583,-577.48175,1001.41113,573.7549,-415.5248,1138.7955,532.6279,-79.738754,1027.1046,505.6137,79.50399,1053.046,759.8498,-119.2771,843.19073,638.27405,-39.38859,1018.7423,837.31604,277.5967,672.2867,749.8624,165.07968,1018.83704,845.4497,317.97992,660.34344,779.2516,180.06306,985.04346,892.0801,193.05191,587.1834,782.4464,0.9258732
side_leg_raises_end_13454.jpg,994.68634,140.22293,-639.90405,1015.6278,118.77192,-644.5324,1023.7983,119.59676,-644.66943,1032.2598,120.36875,-644.86365,996.3373,115.19503,-600.2023,990.2705,113.25908,-600.29895,984.2024,111.528824,-599.9592,1053.3232,126.7449,-541.44586,990.44806,114.431885,-319.86423,1009.03644,161.8869,-594.04047,985.9922,157.39325,-530.02344,1107.1387,250.62326,-564.1511,936.1063,224.79135,-17.014557,1111.065,419.00998,-632.89124,897.19446,405.56952,99.32984,1008.00226,559.6149,-801.91907,826.24695,522.43134,-155.05194,1000.853,605.53314,-916.44214,798.0446,558.83813,-186.96912,957.0192,600.6633,-942.5956,798.85126,564.03394,-292.4991,955.0605,581.2127,-812.8384,819.6381,553.9322,-200.84468,963.61346,531.0684,-209.4097,884.6087,488.1502,209.41583,762.61444,596.0745,-332.74307,651.1112,520.7424,199.80731,613.0506,658.0744,-150.61441,456.4264,555.02985,349.31012,601.0954,684.3888,-135.5132,427.4361,585.8819,354.82657,527.19,636.6861,-323.46335,365.94623,512.56647,196.30995
side_leg_raises_end_13454_flipped.jpg,928.4698,151.82109,-1009.8799,929.9708,127.312,-974.8667,936.65125,125.6008,-974.882,943.4426,123.5388,-974.75555,906.6058,131.78987,-1005.4041,896.7974,132.43889,-1005.25415,887.0653,133.14113,-1005.0353,937.80927,122.408,-692.6435,859.8143,136.29361,-817.7628,936.52905,167.3625,-893.77386,908.494,171.10503,-931.15845,1003.04443,212.17471,-448.99927,790.4242,255.46187,-656.3398,1054.0676,403.91977,-344.37982,830.6008,444.4044,-624.20306,1106.5125,533.0001,-518.38794,926.42145,561.8661,-764.326,1133.0916,567.3613,-578.3581,939.73553,608.4066,-842.0747,1118.1853,566.0585,-648.85535,973.07153,586.3846,-886.1037,1100.4795,554.3336,-547.116,970.78754,566.1849,-778.2876,1066.6094,457.84778,56.184486,944.8482,520.262,-56.15542,1284.0768,514.37054,35.990654,983.56384,755.9652,-22.655836,1524.3252,584.88654,252.72691,1035.7048,950.80853,334.3565,1551.4098,621.1002,265.56876,1053.1035,983.49835,355.74,1623.258,558.84375,86.49963,1048.0894,1017.88403,136.6142
side_leg_raises_end_14121.jpg,907.42926,139.44328,-756.2457,917.1183,114.32854,-722.0305,926.74976,112.84042,-721.9267,936.5978,111.101456,-721.84827,889.8783,118.603165,-730.06805,879.75745,119.76516,-730.0021,869.6644,121.13293,-729.75934,951.87415,121.04168,-482.47083,858.84265,134.75049,-511.64325,929.7779,162.58693,-663.1297,893.9988,167.74487,-672.02136,1043.8148,244.65367,-321.03305,807.913,287.47556,-415.94537,1098.2935,436.3111,-268.9031,856.67566,477.9125,-406.80002,1161.5884,628.5384,-427.00128,930.2628,634.6058,-555.1401,1197.3319,684.9736,-469.31754,935.8414,693.6224,-622.1618,1173.1155,699.2858,-546.015,970.72394,683.77936,-674.98584,1149.3423,682.0682,-456.34357,979.12274,661.8437,-576.30835,1077.12,566.4425,35.835434,935.67584,604.3387,-35.167206,1241.9387,735.2887,-257.1362,970.4686,835.9887,-82.18719,1315.2009,951.7311,107.725136,1022.2501,1036.3256,277.93414,1301.4083,988.21045,135.47458,1038.986,1064.3074,296.27896,1408.0199,1015.665,-93.53203,1033.1191,1120.924,39.6403
side_leg_raises_end_14121_flipped.jpg,1011.5255,137.51144,-588.0873,1028.6804,112.173615,-560.52856,1039.1025,112.82568,-560.51556,1049.8177,113.402565,-560.44354,1000.59424,109.82262,-557.2362,990.0098,108.49766,-557.0611,979.35974,107.30586,-556.9035,1064.447,127.13703,-388.278,967.4296,117.301636,-348.13428,1030.0027,164.3861,-523.0851,990.9286,160.35901,-511.54358,1115.6261,289.4804,-308.75214,878.3303,242.35002,-269.72784,1084.221,485.89633,-317.9235,823.8511,446.4931,-271.06143,1002.5086,641.4842,-500.38538,777.26434,621.0449,-375.03433,992.69073,694.5949,-576.044,752.7501,669.75854,-405.88043,956.6722,686.8946,-613.1976,770.3262,680.4611,-471.6323,950.9152,662.7648,-516.4458,794.3806,666.24524,-402.76514,968.76215,615.74866,-31.294445,836.1726,580.0438,32.18096,916.6366,859.0355,-61.358463,722.5725,786.7137,43.45459,897.06604,1042.0432,240.46986,647.2833,952.7379,423.62234,895.87775,1063.5544,261.0107,647.8495,982.5992,447.80185,869.71765,1126.3502,81.86895,586.1192,1021.58124,261.70923
side_leg_raises_end_16535.jpg,950.91437,164.90076,-750.0061,968.0264,138.58171,-751.131,976.229,138.00188,-751.241,984.67566,137.2713,-751.349,946.7435,137.53656,-723.0397,939.52795,136.0403,-723.0095,932.38995,134.72632,-722.8597,1004.8803,136.67624,-616.8443,935.0547,132.09668,-468.64905,967.8976,181.42659,-690.19666,943.36505,179.83754,-647.4114,1070.3861,248.37466,-573.4613,889.31165,226.643,-169.42189,1064.0262,421.0295,-551.04236,866.0402,403.4067,-32.792355,996.511,556.75085,-684.09155,817.5985,525.8238,-253.00458,997.5399,595.5337,-781.00165,792.4267,562.7584,-296.21158,959.2714,594.95435,-818.9795,799.5298,569.1473,-391.75714,953.2141,577.653,-697.3937,819.41846,557.77527,-292.50894,955.804,512.5221,-164.18393,866.4204,478.98645,163.76155,813.8429,603.40466,-281.3486,646.795,554.19324,17.407003,694.01025,649.1995,-38.58619,453.21423,617.32556,138.80342,691.09674,667.4017,-14.32563,431.29108,649.50183,142.57016,620.3786,652.37476,-172.64133,364.91357,607.03357,-33.330566
side_leg_raises_end_16535_flipped.jpg,959.87103,182.69307,-895.9168,967.1653,153.82347,-870.8766,975.47174,152.27388,-870.8369,983.93976,150.43346,-870.64777,942.3151,156.083,-887.8862,932.7851,155.50644,-887.73145,923.3194,155.01823,-887.47504,989.93787,145.73781,-593.96985,905.4021,151.59502,-661.0987,973.6748,195.632,-778.6577,943.96295,197.36963,-799.53235,1051.74,226.21579,-317.634,836.7079,252.57584,-476.07504,1077.5365,404.1694,-170.8478,856.7721,435.70755,-423.0417,1122.7161,538.4945,-382.204,928.7853,552.4403,-622.97144,1145.1626,575.80084,-442.3856,937.35693,596.0106,-721.83234,1135.8513,573.0819,-523.3785,969.7846,574.7267,-764.50793,1118.5415,560.88995,-416.40643,970.91345,555.75006,-640.6837,1077.1724,490.5639,31.709208,951.1872,538.40173,-31.45404,1293.6736,571.30566,-75.953125,949.4121,759.29065,-76.88216,1494.4132,673.3247,236.12004,1018.12476,914.6232,347.4914,1504.9587,704.25793,258.5564,1043.7798,931.84265,376.17502,1607.539,692.99457,49.537384,1018.136,1005.6829,164.6934
side_leg_raises_end_16727.jpg,1015.51917,126.89553,-795.9688,1037.4343,105.99249,-778.08826,1047.1572,107.46609,-778.07025,1057.1362,108.83414,-777.97034,1010.911,100.753746,-758.7981,1001.8336,98.28887,-758.7452,992.7379,96.06932,-758.54755,1076.0173,119.4648,-578.7205,988.9728,100.049576,-476.20035,1031.9895,151.60141,-716.6586,999.2607,144.67532,-686.906,1126.083,251.59325,-455.37534,920.273,213.06902,-234.88791,1103.9337,428.72177,-455.0481,872.90784,399.09338,-176.33652,1014.1419,552.70184,-670.54987,810.73816,529.5093,-397.0063,1008.5325,595.44855,-752.4198,780.80994,565.56287,-444.38202,967.5548,590.6495,-793.84827,792.0926,575.91266,-524.53516,964.97,573.93976,-686.58936,813.52856,566.19916,-431.37503,972.03394,539.0182,-84.02999,863.5908,489.59805,84.00404,872.22003,736.95215,-69.93153,640.0907,592.37646,-71.1962,835.64026,815.099,377.99564,454.90704,684.5225,118.66196,836.0933,827.34015,419.20828,439.9965,714.64276,130.3528,802.15814,860.70044,277.85077,360.41348,696.4513,-72.78384
side_leg_raises_end_16727_flipped.jpg,904.3738,143.96275,-877.83606,911.5783,118.18876,-840.19995,919.881,116.79096,-840.25195,928.3139,115.080315,-840.15686,886.0146,121.56606,-855.1475,876.5557,121.75487,-854.95325,867.1559,122.04126,-854.6599,935.1853,114.95331,-538.86774,849.2086,124.779015,-595.5189,919.9225,159.84698,-756.55,889.3359,162.66202,-774.1682,1015.22644,204.5676,-304.6159,785.31256,253.25063,-439.5475,1065.4473,385.8047,-225.75264,828.025,442.93405,-455.5405,1117.082,530.8026,-491.18677,919.7902,547.9174,-725.4858,1144.1709,572.6273,-562.995,933.16144,588.75446,-837.09326,1123.0002,573.2649,-641.2835,966.0148,563.88586,-873.19543,1103.8359,559.7402,-522.07477,965.7779,546.3801,-742.68176,1070.6704,483.47845,26.286568,935.8895,546.7083,-25.968708,1304.4272,564.93066,-75.77378,972.2932,785.1892,-54.007236,1507.0236,671.6086,275.8056,1061.4423,942.40875,419.57678,1518.3069,704.99274,303.55984,1089.114,961.9423,451.66107,1611.9136,681.79205,93.26839,1070.8636,1019.9608,225.8729
side_leg_raises_end_18460_flipped.jpg,1000.7569,118.18979,-586.0118,1020.4858,92.559,-567.9666,1031.1027,93.07321,-567.9241,1042.0391,93.49054,-567.93054,993.4697,91.399254,-549.2384,983.66705,90.56743,-548.96246,973.797,89.92376,-548.78424,1062.4214,109.57401,-421.32733,969.6383,102.28042,-309.9258,1022.1644,146.54965,-529.23206,984.5194,143.9099,-497.3257,1125.8834,277.85776,-378.72928,891.96936,236.78018,-189.837,1084.38,479.4387,-407.01523,834.4308,426.0682,-167.90752,1000.85724,628.34033,-624.37305,787.1614,596.50977,-367.24326,987.4347,684.33276,-710.59265,759.7544,650.271,-420.52478,956.51117,671.4001,-753.37537,783.8777,660.5721,-491.55664,952.5275,647.5003,-639.5758,809.0584,644.9761,-399.24704,985.2839,618.0686,-77.19129,856.27765,585.7329,78.286354,952.0013,871.94366,-121.92231,746.6027,788.5566,62.744408,923.5007,1055.7246,221.36768,700.3591,961.7957,447.9337,929.34143,1079.6464,248.75558,708.3074,991.85144,474.91052,874.2991,1137.9003,92.935616,637.89343,1035.4708,313.22522
side_leg_raises_end_19998.jpg,1113.5138,157.89793,-663.4029,1128.6943,132.74138,-636.3301,1138.5492,132.72003,-636.30664,1148.6643,132.5788,-636.12573,1101.0714,131.75383,-632.70514,1090.6812,130.89104,-632.59686,1080.2448,130.1805,-632.45776,1161.9064,143.4487,-437.37958,1067.5627,138.35515,-401.5788,1131.124,182.2562,-586.537,1093.7712,180.37245,-576.31915,1224.863,296.12012,-343.15173,989.735,266.9706,-277.30817,1215.1382,489.90283,-336.68405,954.2272,463.2662,-263.04425,1159.8793,650.44556,-539.43353,924.4407,636.9848,-410.97974,1156.9216,704.9477,-622.7577,903.9245,689.5604,-456.21548,1119.7576,698.0901,-669.6769,928.00183,697.07214,-521.9604,1111.9205,674.7701,-560.29956,948.87427,679.5147,-438.026,1107.6967,625.7515,-43.918278,976.2165,594.01855,44.838852,1057.1031,879.80493,-95.731995,820.407,787.39716,-17.512707,1057.2932,1018.6044,295.90088,698.2824,944.76324,318.06226,1058.0365,1030.1876,328.1754,697.619,978.6985,340.5979,1036.1339,1104.792,176.2749,608.1047,998.9087,143.91875
side_leg_raises_end_19998_flipped.jpg,808.2612,153.6831,-785.45337,817.4305,130.10542,-748.1836,826.61786,128.77272,-748.0862,836.0433,127.18193,-747.98114,790.9153,134.27313,-760.5415,781.1039,135.4325,-760.3916,771.3258,136.78252,-760.2461,849.9668,138.12418,-502.1714,759.982,150.94197,-546.8515,829.6019,177.07278,-690.0753,795.1319,181.91045,-703.81274,939.77405,275.26233,-332.46497,700.524,301.65588,-438.94067,973.924,466.62585,-253.79965,719.3011,490.6169,-397.63196,996.9907,641.5525,-471.56903,777.1989,647.9574,-560.78754,1019.9108,696.2729,-538.9549,777.70197,705.47485,-633.2918,995.89246,704.4406,-613.15497,812.93646,699.0062,-699.5668,977.64624,684.84393,-502.09042,822.0498,676.2123,-587.29767,941.72375,591.41644,31.5922,800.5859,623.4848,-31.240286,1079.4741,781.78076,-84.724945,833.0989,868.5516,-49.700043,1217.3245,970.98914,221.96994,903.45575,1016.0088,438.1995,1221.8932,1006.5936,244.06827,917.21674,1029.2001,476.78513,1299.6643,1021.81616,-0.32150748,937.7313,1100.7554,272.79852
side_leg_raises_end_21124.jpg,1162.122,171.25134,-694.1772,1177.4866,148.17764,-660.2395,1187.3295,148.88301,-660.28845,1197.4481,149.48634,-660.0357,1149.5094,145.35646,-659.7093,1138.8683,143.94244,-659.6302,1128.1703,142.6515,-659.46814,1207.7932,163.83316,-446.99905,1112.627,152.98354,-427.84933,1177.5013,198.5727,-613.62836,1139.0042,194.21,-607.96735,1256.9558,322.7519,-336.99072,1023.0337,283.1999,-312.56528,1235.9515,509.78076,-301.47464,975.7481,481.37448,-303.0623,1176.3674,673.34015,-482.60776,943.0237,647.4452,-431.02225,1174.0365,729.6105,-560.32043,921.675,699.2208,-480.11472,1136.6882,723.9346,-615.3965,946.3686,704.41895,-535.8215,1129.0093,699.86554,-508.26422,963.575,686.7948,-454.16266,1117.8453,640.42706,-38.193535,985.83203,597.86664,38.935516,1062.7407,904.828,-127.83284,807.25946,768.3615,-151.26527,1054.0707,1053.4882,281.88245,669.7332,928.3216,214.95361,1053.7317,1064.8547,313.6832,667.52344,963.42755,241.15968,1024.2968,1135.0581,137.14098,570.8096,970.89795,20.027748
side_leg_raises_end_21124_flipped.jpg,758.564,167.76242,-761.84894,768.1802,143.78119,-726.634,777.435,142.50592,-726.56104,786.92914,140.96284,-726.50183,741.2954,147.88626,-739.9448,731.49274,148.96025,-739.86664,721.74347,150.20027,-739.7109,801.22943,150.92224,-480.86935,710.6545,163.41393,-532.01685,780.29596,191.14299,-665.38446,745.8776,195.76375,-680.97296,895.72595,284.17484,-299.91647,658.0938,317.5789,-424.46213,942.9661,477.5944,-201.35619,688.67993,507.28867,-371.8508,965.0908,653.84906,-424.52847,751.1278,665.6256,-558.8352,988.8463,711.69836,-497.80026,752.86786,724.37573,-637.4393,960.60846,720.95844,-565.66846,788.2443,716.7739,-706.6734,942.48413,700.1619,-450.99728,796.06726,693.1028,-586.03174,921.9433,608.2167,48.66393,779.58356,644.9463,-48.233047,1081.4557,792.3824,-23.560457,813.9999,888.04877,-38.208473,1235.6749,973.1319,273.10205,850.39764,1043.5927,474.6975,1241.618,1010.05804,294.80548,855.84204,1060.5269,516.9072,1328.0276,1013.0684,68.51721,890.47437,1119.8784,324.9886
side_leg_raises_end_21769.jpg,1128.0684,124.31196,-666.65515,1142.706,98.36397,-636.19,1152.8014,98.212494,-636.21423,1163.2183,97.94058,-636.09503,1114.0165,97.98822,-630.96405,1103.1498,97.39898,-630.8653,1092.2484,96.97093,-630.58246,1175.6053,110.834694,-436.95093,1078.5266,107.70706,-382.3778,1145.9235,150.46742,-591.1179,1107.194,149.37411,-575.7608,1237.9736,271.6073,-354.14792,1000.81006,247.40935,-243.31793,1227.6666,467.96298,-365.66467,962.9154,449.92233,-225.40833,1161.6808,633.0204,-576.8894,923.6046,620.7634,-381.04187,1158.7423,687.2006,-665.5734,899.5732,671.4361,-424.04016,1119.5352,681.70264,-709.10223,923.5384,680.5508,-494.41342,1112.5093,660.076,-597.58167,945.788,665.00073,-410.13425,1115.6124,603.8259,-71.33854,981.9324,572.40375,72.0924,1073.0476,861.7838,-217.54411,820.4638,765.03546,35.66237,1085.3302,1011.84985,185.4171,695.69495,925.3575,376.38998,1091.8452,1022.7161,221.3037,695.1879,959.4628,401.86996,1054.2358,1101.6652,76.83526,601.2206,982.0752,218.43184
side_leg_raises_end_21769_flipped.jpg,790.65643,122.45586,-731.2287,802.79016,99.27088,-692.23444,812.6301,98.507996,-692.20667,822.68713,97.481575,-692.1089,775.26904,101.77551,-703.02246,765.2206,102.29053,-702.9073,755.1631,102.97378,-702.7401,838.067,109.41392,-440.2361,744.5626,116.5551,-476.99268,812.5902,146.93356,-634.0127,776.177,149.7093,-645.4279,923.8612,247.20639,-260.26138,684.73505,272.18744,-382.66705,957.21185,443.23553,-168.56644,711.7648,466.81995,-335.46146,990.23517,620.21405,-381.16705,766.7692,622.5667,-524.27606,1015.1553,675.4164,-439.2854,768.43243,680.2346,-599.58325,993.71655,684.1617,-518.2206,802.8431,672.4563,-663.86017,974.11755,665.4539,-412.2691,812.132,649.49963,-550.4295,939.0022,577.23395,39.015457,795.6585,610.17706,-38.41022,1063.5144,794.90857,20.41598,839.23944,864.1457,-16.908716,1212.1217,963.3785,349.61322,894.3525,1046.5848,451.0413,1219.0183,991.07385,372.79578,906.40936,1066.814,484.90015,1287.6873,1023.4828,143.93353,921.3615,1133.9606,252.73943
side_leg_raises_end_22229.jpg,1152.0709,155.43149,-601.86163,1169.085,134.5212,-570.1116,1178.7355,135.4811,-570.11,1188.7135,136.33153,-569.9423,1141.5759,131.8408,-566.7087,1131.4424,130.65144,-566.59766,1121.2695,129.59766,-566.32996,1200.7251,152.86151,-368.54602,1108.0442,141.78285,-332.68652,1167.4962,183.56007,-526.2569,1130.139,179.35162,-516.35406,1250.6964,312.49805,-275.15436,1023.7966,278.28223,-220.38939,1236.3447,498.25955,-253.45796,982.38776,468.30487,-207.52795,1185.4644,661.5338,-472.31274,954.3817,637.13196,-374.48447,1184.5784,717.10986,-557.5997,931.87604,689.7799,-430.51086,1147.9314,710.3543,-609.22473,960.06555,698.20886,-492.74304,1140.5679,686.99133,-495.82095,979.4498,680.18085,-400.4226,1128.1997,632.1738,-38.09982,996.1083,595.6849,39.054466,1101.6958,906.8943,-139.1743,815.38434,786.197,-42.61605,1105.158,1028.4878,284.8814,672.6107,952.2944,238.20705,1104.6501,1036.0438,321.9391,669.67267,986.7353,256.67627,1090.8816,1109.7717,194.60435,577.716,1003.80615,54.833527
side_leg_raises_end_22229_flipped.jpg,768.23975,150.95856,-770.5825,776.88275,130.3636,-730.4815,785.6078,129.18793,-730.4266,794.55634,127.72778,-730.30005,751.6254,134.90106,-741.2892,742.40216,136.34253,-741.15857,733.16974,137.9444,-740.9973,807.7599,139.90509,-481.36478,722.9433,153.99603,-517.3878,789.29944,174.27524,-676.12476,756.1583,179.52878,-687.2714,896.4162,277.9108,-304.17102,674.52405,307.40366,-408.88858,936.5931,467.49377,-219.62035,694.98785,492.4588,-390.95453,960.56146,643.6772,-425.5858,742.9082,649.34985,-586.2007,982.3025,696.9963,-486.38364,740.902,705.40356,-658.71173,958.09766,706.3833,-556.5856,774.6965,700.8338,-721.85345,941.9563,688.0752,-452.47723,784.9814,678.14374,-612.6844,924.74774,597.46045,46.479473,788.08044,634.4888,-45.98019,1079.298,772.65173,-33.659462,828.1465,878.87994,-25.544533,1229.6139,965.63556,226.05182,872.60895,1098.7845,291.0927,1235.9275,1002.23987,241.1828,885.89575,1127.3392,306.64487,1311.479,1011.602,-7.0515947,887.4216,1181.2109,37.12828
side_leg_raises_end_26148.jpg,986.7452,123.37021,-761.94165,1003.4101,104.84633,-740.3993,1011.84973,105.83812,-740.39813,1020.5161,106.659164,-740.3558,979.18054,101.72562,-726.747,970.6556,100.401146,-726.66455,962.14233,99.26451,-726.4338,1033.5035,118.67664,-549.8779,953.86115,107.20502,-469.4274,999.7577,147.668,-687.12573,970.01416,143.67784,-663.2343,1088.6154,248.05382,-447.95572,889.6256,228.35127,-231.75092,1116.2385,418.05414,-472.45148,856.666,396.57596,-165.25446,1031.2694,546.1073,-668.0295,814.2347,525.58124,-378.1222,1025.2736,587.9538,-757.5606,789.9425,563.8023,-434.61255,982.7778,580.73254,-794.6016,807.21277,573.83124,-511.17096,980.5433,566.1177,-681.889,826.67126,561.94226,-410.8601,986.65717,530.5419,-97.96589,880.1895,498.7035,97.76247,886.57806,719.78986,-80.56364,672.30963,613.19495,-62.439774,836.9591,826.0756,292.7384,499.16885,718.2835,146.9675,834.82623,841.43787,322.88983,485.74103,749.89557,158.35089,791.43713,873.6168,138.04861,406.23114,725.03973,-57.09457
side_leg_raises_end_26148_flipped.jpg,946.23865,130.514,-688.31934,952.1932,107.269005,-649.35394,959.8616,106.10913,-649.2612,967.703,104.624405,-649.1917,928.0268,110.19138,-669.3722,918.6682,110.39184,-669.3108,909.3572,110.67205,-669.0925,970.30676,106.82113,-372.67172,888.9586,115.296646,-446.42883,958.1654,147.56932,-576.2445,929.06726,150.12068,-598.88025,1031.3641,211.70064,-159.81674,822.4364,234.18643,-309.44434,1061.5063,394.37994,-52.64102,840.0166,413.39822,-268.4843,1114.8861,529.4893,-238.9663,907.7722,547.7035,-439.25546,1139.9141,568.6344,-286.01556,911.6443,596.0705,-528.58685,1130.2498,565.8254,-368.88232,950.71436,579.19366,-570.42316,1113.193,555.1354,-271.86273,953.0739,560.1734,-457.54913,1075.5955,494.57822,33.305866,951.07404,546.97034,-33.11476,1296.998,593.1338,-38.161472,994.0884,779.3692,-59.349728,1489.0801,727.8908,230.24414,1081.6997,964.10175,328.96948,1497.947,759.3782,250.56662,1106.9899,986.1594,354.7964,1585.405,758.4602,50.776543,1088.67,1047.4559,131.74426
side_leg_raises_end_30832.jpg,855.6487,139.94112,-687.4608,869.2491,118.85596,-652.1452,877.6042,120.07447,-652.1067,886.1574,120.99877,-651.97864,844.3817,114.282,-665.07886,835.40186,111.5267,-665.01764,826.39667,108.871765,-664.7953,891.5445,121.78725,-376.47574,807.8985,106.02625,-423.7768,865.42596,158.99658,-576.0329,835.3356,152.06387,-590.8686,938.0178,228.63123,-155.42845,716.06305,210.20753,-276.37885,944.3034,414.73584,-55.9389,702.4723,390.5027,-244.2489,955.17,554.52216,-265.6231,758.8388,528.7059,-447.0945,967.78864,597.80975,-324.61032,760.46954,576.5313,-531.64667,951.9214,593.2368,-392.04297,796.3979,562.6967,-568.64484,938.2035,577.41064,-293.78372,799.80164,544.96466,-463.67145,925.8302,503.7669,29.414314,791.53546,536.1077,-29.25115,1107.893,623.7238,-79.35518,818.4859,772.71326,-20.616087,1301.4285,769.7464,129.46257,882.9964,953.9609,387.62152,1310.6389,806.9093,143.15936,904.7552,978.6541,415.18973,1396.3898,793.1589,-66.1462,883.12897,1030.655,192.94716
side_leg_raises_end_30832_flipped.jpg,1058.8798,143.29372,-672.3876,1072.3796,115.687164,-662.7172,1081.4965,113.473724,-662.699,1090.9047,111.134895,-662.5711,1047.4702,119.5377,-641.7474,1038.7664,120.02786,-641.8209,1030.075,120.71962,-641.65204,1112.9833,111.40504,-494.13934,1029.896,122.46912,-383.30234,1082.5334,157.60175,-602.14557,1051.5234,162.1751,-569.92194,1201.9083,220.59207,-392.75903,1005.88574,234.73376,-143.76805,1255.3259,396.67352,-397.75635,1008.1582,420.7511,-65.77554,1169.7552,540.8765,-571.78687,976.30896,551.8213,-267.8879,1164.6064,583.01587,-649.95026,959.12897,592.0319,-313.55997,1124.7214,578.508,-671.3867,969.2738,594.6227,-389.25574,1123.1167,563.5246,-580.0694,986.09644,579.7114,-301.0997,1113.842,550.073,-96.480484,1003.6948,522.9876,96.46136,1054.7987,798.24335,-127.50144,820.79694,673.82214,61.75752,1052.8225,914.811,211.96318,662.6522,808.87866,292.95306,1056.0629,926.7911,242.73119,655.51404,840.1482,309.4162,1035.563,981.7051,89.896614,577.9878,846.8289,132.22157
side_leg_raises_end_32586.jpg,901.7588,135.17847,-650.49915,911.25867,109.180786,-618.2103,920.9231,108.08641,-618.10187,930.7804,106.78923,-618.01685,884.7634,111.66768,-626.88226,874.6115,112.1554,-626.86584,864.4328,112.82768,-626.86945,943.40405,115.49394,-400.79413,852.3461,123.65751,-430.25995,922.27594,157.30728,-565.7419,886.1649,160.45409,-574.27435,1028.5791,240.53171,-261.50665,796.5056,273.40927,-376.08557,1067.091,431.86008,-215.59883,834.49756,469.5276,-356.91177,1110.8759,612.5498,-347.94125,888.219,631.8739,-444.12988,1139.2946,664.7498,-380.93698,890.5261,688.6139,-495.79782,1119.2086,677.7163,-452.65842,920.01166,683.19684,-546.1975,1098.5696,662.3427,-377.11313,929.5747,662.98096,-464.40262,1053.1569,582.7802,29.176895,915.466,611.32635,-28.253044,1133.6404,788.8502,66.92831,934.40186,835.4008,41.239857,1185.8372,964.9888,428.38788,955.3397,1023.79095,465.78168,1182.1765,988.7448,454.35217,960.42114,1048.7753,491.44965,1222.6093,1038.1189,258.44305,975.37354,1101.9333,255.5446
side_leg_raises_end_32586_flipped.jpg,1015.61475,132.31532,-573.78955,1031.0612,107.75396,-549.8551,1041.0757,107.571236,-549.844,1051.3856,107.271385,-549.72253,1004.0188,107.571045,-541.2663,994.0448,107.13501,-541.1897,983.99744,106.8426,-541.1482,1067.3743,119.4871,-381.31363,975.5548,117.07263,-322.5029,1035.5884,157.10187,-509.53955,998.6467,156.24509,-492.04993,1129.1558,274.2141,-314.16672,904.87225,242.24425,-214.51817,1103.3477,465.8625,-313.9987,861.96326,430.71887,-195.35715,1040.6481,633.35583,-450.50693,820.5917,602.57715,-315.68896,1037.6538,689.4271,-517.7847,797.64233,654.0903,-346.97595,999.76227,683.0652,-562.2435,816.1212,662.4623,-407.54672,992.7713,659.3905,-468.75415,837.35,647.7703,-340.81177,1004.1177,601.4735,-44.935326,878.8495,569.95996,45.535385,958.9659,833.6414,-43.591743,731.1883,745.4893,-42.037815,954.9702,995.7971,268.46725,624.13367,908.5454,293.85626,954.08527,1013.01196,290.03192,624.79956,941.846,315.97833,938.616,1079.2599,119.00232,541.4735,960.8323,123.21997
side_leg_raises_end_34832.jpg,1142.7539,133.89207,-710.91895,1159.0747,110.207054,-678.9293,1169.6467,110.88213,-678.91895,1180.493,111.44511,-678.63574,1130.1187,107.9988,-676.466,1119.1223,106.87723,-676.39667,1108.0753,105.911896,-676.2124,1193.8369,128.13847,-473.53568,1094.4131,118.71585,-446.46085,1161.0614,162.79391,-633.70557,1120.782,159.16064,-625.5503,1249.3882,289.38434,-366.16586,1007.86755,251.17511,-353.20654,1221.1982,475.65112,-347.7102,956.007,449.49765,-358.1841,1161.4224,637.8371,-533.2922,926.2201,625.0862,-480.16965,1160.7361,694.9965,-616.5127,902.16675,680.7428,-537.149,1121.0911,686.92285,-671.2147,934.39056,686.6562,-589.2403,1112.6564,662.66846,-558.618,952.2135,667.36414,-501.63602,1115.5522,609.1969,-33.138897,982.0267,570.34644,34.001167,1059.068,859.1717,-47.858192,805.3142,737.03143,-165.1803,1062.1349,969.7271,410.0515,680.0586,894.8393,206.36952,1062.9857,976.2325,449.3377,679.1225,926.1244,232.91348,1042.8748,1048.3977,317.46152,591.7641,950.75854,18.689869
side_leg_raises_end_34832_flipped.jpg,777.8517,142.39288,-762.3865,789.7501,118.05148,-727.0625,799.40784,117.35574,-726.9605,809.27264,116.365135,-726.8953,761.9205,120.39331,-738.0183,751.676,120.71666,-737.9077,741.4901,121.227264,-737.69946,823.3877,126.042366,-474.4847,728.56165,132.9774,-514.3043,798.4518,167.06961,-663.57654,763.0445,169.2711,-675.8701,915.09436,258.05176,-315.82468,662.73566,288.89676,-381.0642,964.36,452.27496,-221.40964,693.8263,477.3644,-295.43597,988.8534,623.19806,-441.3787,764.60944,635.8127,-488.1291,1011.7605,677.9156,-518.3317,768.7187,691.5792,-563.3098,982.7608,684.3911,-588.05023,804.1653,680.56805,-633.6424,963.6043,664.6905,-467.4417,812.3482,656.9142,-516.05023,935.58075,578.0008,23.49158,790.6268,620.93317,-23.31148,1101.5613,747.1222,-51.522675,822.3296,887.75714,-79.21687,1255.1982,917.6944,300.30396,888.1101,968.6728,544.7733,1261.3296,949.6353,328.28043,899.2805,968.73663,602.3358,1337.7737,970.0788,107.63789,930.72424,1044.0369,470.29446
side_leg_raises_end_35216.jpg,998.95593,113.86965,-566.7032,1018.218,94.72605,-540.73804,1027.6685,95.53403,-540.7086,1037.465,96.32112,-540.70734,990.9774,91.64104,-525.3274,981.80145,90.28856,-525.31824,972.6008,89.15608,-525.11346,1054.9191,108.831085,-333.12946,966.8789,96.837425,-242.05182,1016.14246,139.32285,-487.27228,982.97736,135.39763,-461.07187,1109.41,241.16887,-266.42477,909.3847,229.40692,-0.095805034,1122.1406,398.365,-326.95697,874.4516,407.57297,59.594803,1051.5518,506.44073,-647.55225,808.4642,529.6738,-178.71973,1047.5404,548.7278,-741.03186,779.225,565.656,-225.7215,1007.16864,537.91187,-780.99756,789.3396,573.33527,-306.89417,1004.2901,525.4167,-665.86957,809.5398,563.52686,-215.3473,973.3603,550.48114,-106.981224,862.07935,507.90277,106.83329,860.3175,759.7853,-161.93756,634.8197,608.38855,-25.632492,828.8938,866.262,224.47292,444.63556,708.6964,152.20099,832.17004,884.4946,256.6774,428.25156,741.5131,161.94437,786.8263,902.58765,94.14508,351.85696,710.3252,-42.909683
side_leg_raises_end_35216_flipped.jpg,916.58844,116.14463,-731.4284,924.4569,93.290794,-686.96405,933.337,92.053894,-686.91864,942.36066,90.51004,-686.9225,897.9179,97.10547,-699.70746,888.2551,97.811905,-699.49115,878.6365,98.61231,-699.1905,950.8983,96.33628,-393.18213,861.80994,107.914024,-438.40094,934.24194,135.34233,-615.71954,901.0254,139.13638,-629.8009,1025.979,212.45071,-181.1452,802.9137,235.8393,-290.47104,1062.5845,395.2569,-114.033745,802.7604,401.84174,-313.99,1119.1614,534.14624,-353.39636,867.0075,509.29144,-659.8082,1146.6655,575.0543,-411.58868,871.51154,553.90515,-769.6412,1131.851,574.0995,-489.83997,910.26416,531.8432,-813.1323,1113.192,561.70135,-384.5907,913.139,515.62225,-681.9927,1067.908,493.52005,35.95582,938.0598,549.62506,-35.59536,1288.8945,572.87744,-7.402485,990.3338,776.82007,-32.36648,1501.8104,687.81793,285.8117,1065.1696,967.3211,359.4065,1515.5607,724.1561,307.37137,1089.8342,995.354,384.39297,1603.8655,692.8029,120.61715,1071.1327,1037.9618,154.69244
side_leg_raises_end_37416.jpg,1149.8812,124.37488,-647.21515,1166.117,101.96071,-615.9985,1175.8337,102.728645,-615.9959,1185.8433,103.38892,-615.8487,1138.817,99.461876,-612.1435,1128.614,98.24745,-612.05444,1118.3514,97.186745,-611.88043,1197.6462,118.36453,-414.64896,1105.195,108.12172,-373.94833,1165.7208,151.86844,-571.02466,1128.5734,147.91757,-559.52356,1248.6692,280.35168,-321.96686,1018.25446,240.69177,-256.12354,1228.3043,472.7191,-315.0253,968.57117,436.653,-240.73526,1165.4336,624.46967,-524.23376,932.00354,607.4228,-389.04297,1158.6869,677.56476,-607.36847,908.8799,659.4578,-435.29102,1124.3506,668.1527,-656.7632,934.13153,667.49365,-498.4937,1118.495,646.139,-546.2887,954.2521,650.93726,-415.35925,1113.6611,601.4695,-50.065716,984.4938,564.1281,50.866665,1064.9025,845.0238,-129.35324,823.7746,747.77704,4.8242,1064.0645,985.4878,248.80884,704.8939,903.12354,344.823,1065.3987,995.64044,279.6597,705.6625,935.5157,367.22708,1036.8174,1071.0308,122.898056,611.8537,959.34796,170.80664
side_leg_raises_end_37416_flipped.jpg,768.6484,124.31888,-854.9981,780.0013,101.51029,-814.6326,789.59485,100.19344,-814.58765,799.39594,98.58521,-814.4216,752.7419,105.97189,-824.7307,743.10596,107.289505,-824.58466,733.5003,108.76777,-824.4415,816.8865,109.11078,-551.6248,724.9109,122.78448,-586.84814,792.1507,147.58044,-754.2739,757.0423,152.63904,-764.91534,911.5342,242.028,-350.64716,670.76056,276.1762,-480.52643,956.4615,432.78555,-260.25122,700.254,467.83295,-446.49197,989.3194,608.4146,-478.48972,765.5196,621.76697,-612.65424,1015.4667,661.2736,-546.85583,768.3312,678.46576,-693.3308,988.56213,670.34674,-626.94727,806.0902,667.7622,-754.88776,970.2917,652.452,-510.49603,813.32153,646.009,-637.2642,923.3693,558.5451,44.49008,778.7142,592.9272,-44.194576,1071.4946,745.6652,27.414183,809.2917,833.36206,-38.330753,1203.7649,918.53796,366.00385,853.3643,1015.797,407.29575,1207.3794,951.4051,388.67014,865.30646,1039.4081,438.1321,1281.6134,967.6548,150.07043,873.18945,1093.6787,194.1288
side_leg_raises_end_38985.jpg,824.72046,132.27007,-726.7099,834.927,107.66042,-693.57025,843.12115,107.81038,-693.535,851.5151,107.64858,-693.4537,809.15375,105.81707,-712.798,799.3813,103.90787,-712.62006,789.62537,102.077354,-712.37134,853.46814,105.41326,-423.80707,767.31274,98.68432,-502.05798,834.4487,149.91818,-617.68677,803.5086,146.3021,-641.5387,906.8068,213.83772,-206.75581,678.43274,205.92072,-387.25095,916.29987,414.61002,-136.6371,669.5202,387.02856,-381.76572,936.4226,549.16736,-367.32718,751.0008,527.37067,-581.47125,953.40027,590.633,-425.4026,759.45935,578.49774,-664.38904,933.6484,584.6044,-484.29898,797.1429,561.40063,-690.2154,916.903,567.73535,-390.47482,798.0509,542.3629,-590.5294,916.56805,480.89847,57.957325,777.0646,521.4373,-57.80343,1145.62,563.5437,-21.20105,793.5622,753.8557,-33.189846,1350.9872,674.0765,229.51865,835.0339,929.35645,367.65207,1364.2333,709.56165,250.04053,847.11615,957.68005,398.16565,1448.9857,679.92065,87.46379,852.74036,996.88055,197.61017
side_leg_raises_end_38985_flipped.jpg,1098.0831,127.23504,-304.48468,1114.2141,98.98375,-282.93085,1124.4384,97.41652,-283.16513,1134.9275,95.81348,-283.26782,1087.6023,101.17172,-260.76413,1077.6836,100.94278,-260.92398,1067.8428,100.82742,-260.71252,1155.4932,101.43784,-107.50472,1065.14,106.12645,7.60741,1122.2936,146.52509,-235.98018,1086.4255,148.32593,-203.67401,1226.4802,219.61244,-162.3407,1043.6799,225.82585,293.43292,1247.1926,412.03552,-178.48924,1052.7568,406.13745,360.43002,1151.846,548.66455,-318.55325,1014.6732,533.6881,114.944084,1139.0997,587.2537,-405.2158,996.2044,574.36176,61.734287,1107.5417,577.7637,-420.71066,999.88324,569.434,-13.324663,1108.1406,564.90155,-325.75385,1013.7885,555.16223,77.99875,1123.9028,521.717,-196.11029,1033.6931,491.01282,196.3512,835.75653,587.401,-422.065,800.0226,568.51276,-18.25565,623.5555,686.4941,-543.1737,587.7786,661.22046,-177.17305,612.2566,723.8936,-550.55493,567.13873,700.8831,-200.9045,503.49078,669.23114,-690.5994,486.22485,649.75806,-354.00262
side_leg_raises_end_41927.jpg,1157.069,128.56618,-728.2452,1174.7786,104.55527,-696.93317,1184.8347,105.86555,-696.9572,1195.1816,107.03961,-696.7634,1146.4492,100.111015,-698.10547,1135.7205,97.95178,-698.0023,1124.9421,95.9436,-697.7533,1205.5984,121.02529,-481.04187,1108.9636,104.15577,-464.35156,1171.2769,156.52437,-644.8565,1132.8022,150.02596,-640.04425,1253.6582,277.76434,-370.74734,1012.7782,231.42244,-341.07043,1229.1986,472.25027,-358.68176,958.64886,432.61526,-329.64844,1160.6945,632.9389,-540.0726,924.17804,607.1824,-457.24655,1156.4921,687.7721,-623.5698,898.59247,660.1451,-513.00964,1117.1041,677.94653,-671.82416,929.5372,668.3201,-568.4363,1110.2668,654.7045,-562.08856,948.59656,650.81366,-479.8578,1112.6593,601.00946,-44.14361,978.0024,560.7172,44.75821,1059.0796,859.08453,-137.30301,796.8243,729.561,-129.46164,1060.2786,986.19446,277.13925,674.0685,892.66,239.2558,1061.6295,993.12036,312.87784,675.40643,926.6115,266.47113,1035.3438,1074.009,169.93324,574.16815,947.35443,63.311806
side_leg_raises_end_41927_flipped.jpg,762.1572,122.42972,-829.93475,771.4611,96.838356,-791.1705,781.46094,95.09002,-791.05334,791.678,93.03864,-790.9427,743.01495,102.015816,-801.2875,732.28815,103.54644,-801.1606,721.6267,105.299446,-801.03546,806.8981,103.53206,-526.8508,709.4202,120.42415,-564.75964,786.0708,145.98143,-727.2738,748.4481,152.47308,-738.6095,909.9307,238.80101,-356.00653,658.48157,281.1457,-428.0147,971.9317,434.32422,-256.93555,692.66315,471.5703,-348.70868,993.6548,608.0436,-450.9856,767.8,627.4362,-514.233,1016.269,661.74963,-521.7337,775.1323,683.7471,-578.3227,988.0091,670.4008,-587.6468,808.4183,673.1484,-644.9806,969.5338,651.02155,-475.66592,814.7296,649.41516,-539.33215,941.3887,558.5858,24.956776,797.7063,602.6726,-24.904581,1093.9382,738.56946,-134.3693,836.77454,865.36597,-113.42253,1243.0078,894.8013,269.33212,885.3126,915.21716,582.7516,1247.5127,922.6739,302.1094,894.68066,912.1075,646.73096,1332.252,952.94556,78.339035,925.4117,985.64435,528.33673
side_leg_raises_end_43887.jpg,1123.7268,146.1236,-656.5663,1140.4352,124.80811,-630.1923,1150.1091,125.22235,-630.20703,1160.0511,125.50247,-630.103,1113.3256,123.537384,-619.9703,1103.4614,122.90991,-619.8268,1093.5215,122.456245,-619.43567,1174.7758,140.55086,-441.5749,1083.3633,133.84586,-375.93503,1141.1527,172.72638,-584.9902,1104.8267,170.4314,-566.1852,1239.3951,297.26007,-364.88962,1006.9176,271.7632,-233.87666,1229.4358,493.0943,-361.45636,971.2351,468.46008,-219.06128,1170.3601,661.9023,-532.7933,938.6093,644.6016,-378.1089,1169.3657,717.0968,-610.8174,917.2606,697.5923,-421.16483,1128.7681,713.2965,-654.97595,940.1608,707.74133,-485.49002,1120.5181,689.83746,-550.3288,960.9905,689.8502,-405.02444,1119.9575,626.5408,-61.792747,989.45306,590.5454,62.55093,1057.6676,909.07074,-120.98655,806.6558,763.9641,-144.36642,1065.5159,1011.6217,343.55838,667.2811,930.59296,189.15001,1070.5923,1016.0049,386.23172,665.7696,967.3332,215.00414,1043.0623,1089.2146,271.46762,567.4652,973.17957,17.40367
side_leg_raises_end_43887_flipped.jpg,798.80145,151.30634,-889.4699,809.2322,129.65688,-851.1309,818.5359,129.16217,-851.10785,828.0457,128.38101,-851.0041,782.1227,131.98701,-864.7946,772.17676,132.56348,-864.678,762.2471,133.2839,-864.556,839.4258,140.72466,-594.8504,748.8716,147.48334,-648.10443,818.36926,176.4331,-790.3152,783.05115,178.76773,-806.39716,920.9203,281.27216,-400.622,685.2625,302.48465,-533.30963,962.3354,479.03482,-309.5844,700.4683,501.38815,-490.10547,985.2864,657.9639,-506.39706,762.1252,664.77435,-634.16266,1005.5626,712.61554,-567.4535,766.22675,723.8336,-702.57306,979.4972,718.3585,-635.83514,799.7803,715.1896,-762.076,962.95496,698.52014,-533.18427,806.04266,691.89246,-656.7114,927.00916,599.43115,50.222755,785.2788,629.9936,-49.8512,1088.1235,785.28705,63.050766,823.65076,861.0209,-6.2825193,1247.246,953.65607,348.25595,867.4563,1058.9698,345.77844,1255.2399,990.2193,365.12534,879.8744,1088.5043,364.96906,1335.5626,991.9301,130.63625,885.4029,1133.3673,108.480095
side_leg_raises_end_47435.jpg,855.02026,139.78857,-726.3046,869.0594,117.82557,-693.1102,877.2664,119.31603,-693.04,885.678,120.51649,-692.9091,844.36096,112.746025,-709.312,835.2153,109.76787,-709.17896,826.07,106.899025,-708.949,889.5742,122.60121,-418.24878,806.2936,104.348206,-479.14148,863.4468,160.52522,-613.45044,833.6439,152.79504,-632.6582,935.5597,229.9351,-211.09761,706.56683,213.54735,-312.5484,940.1527,416.5195,-99.19577,703.7412,392.475,-256.62503,948.8905,553.15625,-334.65945,758.22095,536.52264,-505.33768,960.27783,597.1316,-402.8579,757.4721,587.5428,-601.7017,942.65814,591.76434,-472.5943,797.14764,574.554,-646.8437,928.5452,574.07684,-361.17697,802.47626,552.7928,-523.6658,931.4472,505.9119,18.666084,794.61584,548.3525,-18.401398,1123.8871,621.35034,-42.182674,809.92053,796.21027,-8.840891,1324.1039,714.28375,309.2078,889.9808,951.963,440.28763,1330.5162,736.73944,343.5723,915.09265,969.4898,476.04443,1437.3188,752.33276,208.568,890.44244,1041.25,300.76736
side_leg_raises_end_47435_flipped.jpg,1055.8296,139.73557,-365.14377,1071.8616,111.06296,-345.96707,1081.9354,109.221535,-346.1071,1092.261,107.29292,-346.20285,1045.9456,114.22625,-324.21558,1036.4733,114.435524,-324.26306,1027.0724,114.77596,-324.02432,1114.8123,111.85352,-174.3391,1026.3973,119.72753,-57.912457,1081.1781,156.76236,-298.07132,1046.0444,159.89172,-264.76062,1193.1986,224.47752,-197.59879,1008.45953,237.9733,212.24023,1232.9912,402.5712,-221.26826,1012.01556,414.58038,279.31485,1168.9935,545.69653,-427.95398,981.55096,545.39746,29.773695,1170.5471,586.2596,-525.04376,963.07745,586.06055,-13.213164,1126.4521,584.1424,-543.99994,972.2427,587.5128,-96.1748,1120.3309,571.1229,-437.41003,989.38135,574.4754,-6.5729446,1109.6033,526.01685,-179.9868,1020.57825,504.58023,180.1775,852.58203,600.5205,-444.36124,807.6957,592.17865,-70.36704,679.1696,728.8114,-618.5582,625.9887,698.6404,-282.7597,675.6191,768.97437,-631.9386,614.09296,740.44446,-311.18237,563.35846,727.457,-787.2757,519.99384,697.7719,-461.81955
side_leg_raises_end_48577.jpg,1156.8573,132.16939,-750.1221,1173.354,109.33303,-712.185,1183.8082,110.534454,-712.2185,1194.5261,111.62114,-711.9506,1144.7448,105.84108,-716.79663,1133.7092,104.21676,-716.6511,1122.6302,102.74059,-716.46606,1204.7937,128.99348,-480.36438,1106.3441,115.55961,-484.267,1172.8665,161.70479,-662.5603,1132.45,156.21654,-663.5315,1246.6841,289.7097,-327.51422,1009.7887,247.42049,-393.61865,1222.9486,470.99533,-289.55176,958.53937,442.70416,-375.48013,1169.9182,628.0071,-533.1276,934.12036,611.1352,-506.83463,1168.8456,683.2398,-621.0789,912.757,665.3097,-566.6399,1134.728,677.25433,-683.9474,943.5027,669.2697,-628.4083,1126.5328,654.24896,-564.02094,960.8729,650.5199,-531.4781,1113.1376,600.5659,-2.7243283,978.0877,566.30695,3.5970023,1072.523,845.3871,12.229152,823.63025,765.8117,-58.73982,1085.1497,974.19226,455.6495,700.0949,930.45,304.088,1084.5391,982.3917,490.90503,699.03406,959.55664,327.41058,1069.6437,1061.5938,334.84375,612.908,1000.13324,101.08049
side_leg_raises_end_48577_flipped.jpg,758.0488,127.5878,-747.6933,769.74133,104.28567,-711.38934,779.36035,102.67184,-711.25415,789.2086,100.775734,-711.16064,743.31085,109.43091,-714.15643,734.06104,110.99749,-714.0937,724.842,112.761856,-713.9738,809.1486,111.39828,-475.75784,719.8033,127.21112,-476.9401,783.17957,150.37244,-657.8737,748.95154,156.36833,-658.7444,911.2708,245.99196,-316.1845,673.0108,282.62946,-361.77307,962.23505,439.27432,-246.55554,704.57825,467.74915,-297.7869,982.7242,613.457,-465.901,763.74066,629.2315,-460.7563,1004.31494,668.29504,-539.7745,766.88055,686.2036,-524.1736,974.0757,675.87006,-607.7633,798.1393,680.9975,-596.6826,956.6383,656.3247,-493.29364,808.06177,657.9996,-489.65332,933.12244,560.7009,24.3562,793.87585,597.4712,-24.142868,1081.6686,744.1304,-100.64274,837.1289,837.8685,-46.786865,1195.7063,936.79834,225.01599,903.7499,989.7985,421.8332,1193.7616,969.5179,248.77353,916.92444,1005.225,458.31815,1274.9673,995.1927,1.6082357,936.40265,1069.0128,246.031
side_leg_raises_end_49697.jpg,827.3471,130.9119,-739.88806,840.225,109.7117,-700.8751,848.237,110.85458,-700.89825,856.4741,111.72127,-700.8418,815.80884,105.40315,-718.31494,806.723,102.684235,-718.1196,797.63464,100.06792,-717.8624,859.1869,112.839264,-415.27386,778.10254,97.504036,-486.51077,835.91785,150.36594,-626.9245,805.9264,143.71318,-648.8342,907.02124,224.73112,-177.62651,685.48517,209.48022,-369.1059,909.73376,415.11423,-69.598145,682.52515,395.88123,-363.419,928.38763,551.4678,-329.7981,744.9585,527.2319,-618.6996,943.0466,596.97797,-398.92868,747.6345,574.8439,-719.27405,926.60156,590.1574,-469.80414,783.80414,559.704,-753.78046,912.6747,571.11176,-358.8629,786.46216,540.1319,-634.1291,912.1044,498.30267,61.91811,774.3606,534.2431,-61.454575,1132.9021,584.28174,60.8697,775.5129,760.3306,-51.726654,1336.6249,700.4122,336.19473,809.2465,938.2973,312.17392,1346.8855,736.28754,359.23758,822.4606,966.408,336.68732,1446.2253,715.3363,197.16937,816.68634,1016.117,120.69547
side_leg_raises_end_49697_flipped.jpg,1096.0295,125.19995,-422.4263,1107.4807,95.96938,-393.9155,1117.2739,93.49733,-394.15033,1127.3611,90.9704,-394.42395,1081.3434,100.62487,-376.88525,1071.1915,101.5036,-376.98587,1061.0515,102.49436,-376.5802,1143.9226,96.72615,-204.19716,1055.668,111.01986,-108.438324,1119.9799,142.99622,-349.30505,1083.5328,148.12627,-322.01526,1214.4686,211.00255,-239.30057,1041.1884,234.12679,187.49078,1252.3145,395.0507,-261.04996,1045.3225,419.2424,244.94836,1171.2853,539.44055,-435.8063,1001.46985,543.5332,-3.1641228,1167.5862,581.97833,-527.65466,982.15576,585.2518,-38.6463,1126.0143,578.4996,-543.27783,982.9592,584.22723,-118.244446,1123.9346,564.0482,-444.70905,999.3282,570.3511,-40.014595,1131.2186,519.2816,-189.86078,1050.9467,497.8728,189.96335,864.6828,611.9204,-315.77032,819.51764,594.0154,124.99819,681.73193,721.63965,-279.67532,635.22504,692.9464,178.75839,667.89557,749.8292,-274.10898,615.61285,725.10394,177.78784,585.0726,729.33295,-409.83914,547.8596,701.22906,45.464073
side_leg_raises_end_5815.jpg,887.3553,172.17938,-784.2447,895.92267,147.54501,-750.88696,905.55725,146.13405,-750.807,915.3822,144.44339,-750.731,868.51605,151.74619,-759.05804,858.2243,152.96725,-758.9419,847.96277,154.39073,-758.794,928.2912,153.08041,-519.0214,835.1947,167.57532,-547.2417,909.2184,194.93008,-693.868,872.95074,200.07182,-701.8872,1026.7178,278.17984,-371.95026,787.08325,323.42413,-438.6049,1091.8705,466.02048,-313.97116,833.68494,509.80835,-389.0596,1139.2147,650.3172,-475.601,905.2849,665.73224,-525.8991,1169.2827,704.4479,-531.9861,911.6182,722.4708,-582.8868,1140.7404,718.6448,-593.39655,942.42596,714.45087,-641.87415,1119.9417,700.96844,-498.89413,950.19855,691.7803,-549.0138,1068.4408,601.5187,32.576397,925.6842,641.72363,-32.118996,1220.5823,746.2707,-218.99289,929.2296,863.071,-16.004845,1319.5175,934.944,116.82894,932.94446,1054.7628,379.90512,1314.2737,967.08453,140.8372,939.88605,1084.1444,404.4265,1390.9681,996.5538,-92.06926,943.73706,1127.8174,173.48111
side_leg_raises_end_5815_flipped.jpg,1030.7577,173.95833,-643.86725,1049.0066,149.03716,-617.21674,1059.6896,150.10748,-617.33344,1070.674,151.07883,-617.30316,1020.314,145.7781,-611.00854,1009.35925,144.10071,-610.82495,998.358,142.56299,-610.5923,1083.6409,166.94254,-446.59824,984.7714,153.78334,-388.1118,1048.4254,202.34409,-578.4058,1007.8639,196.68489,-561.47766,1131.6866,331.87756,-379.62228,897.339,278.3615,-266.28488,1104.9202,525.7593,-396.17023,840.84357,467.27817,-233.78758,1023.70654,676.1722,-560.27454,794.5306,635.46295,-360.28836,1014.01465,727.48724,-636.5955,768.3989,686.8617,-394.1684,978.013,717.1647,-672.95197,788.7148,695.62225,-459.32556,973.4793,693.93463,-576.74304,811.6637,681.04785,-387.56403,974.5719,638.33234,-74.43066,849.99615,598.60834,75.287605,914.07263,882.2085,-102.47893,700.96,783.2668,91.64269,903.00476,1077.2377,156.00644,602.7002,950.1901,432.25278,910.9435,1100.9795,171.82104,609.99225,986.54315,454.15973,853.51587,1161.6698,-9.107239,491.2126,1003.42535,288.17825
side_leg_raises_left_end_0.00.03.24.jpg,612.73236,124.92002,-567.61505,620.28217,103.75543,-530.2231,628.86554,103.44544,-530.1373,637.587,102.81713,-530.0565,596.3356,105.1727,-539.9174,586.7368,105.352264,-539.95593,577.15314,105.675644,-539.767,646.65814,113.87606,-317.21948,563.1155,118.83117,-347.31363,630.4819,147.30568,-485.0078,596.82745,148.97934,-494.45474,729.7564,231.45412,-194.27385,501.69733,256.5909,-226.53072,841.75793,392.8812,-172.32605,492.40305,419.7973,-181.50746,791.8897,510.32465,-340.53244,611.9506,537.57135,-333.28268,784.57935,553.80634,-400.56955,641.49927,585.8129,-384.0793,754.3956,541.5835,-414.14606,670.79535,562.1263,-412.44754,749.90515,527.4819,-341.09683,663.4771,544.476,-341.51468,763.8818,516.6177,12.977885,639.1053,569.8208,-12.747263,953.141,611.7777,-46.379887,730.0888,797.89655,27.508186,1138.8401,722.469,281.49835,850.95465,959.79834,417.89905,1147.4073,748.757,309.63382,878.1365,976.9027,445.24484,1239.7069,757.5012,130.60938,867.49274,1046.3206,247.81354
side_leg_raises_left_end_0.00.03.24_flipped.jpg,1301.1635,129.8528,-559.2159,1319.0349,104.627396,-545.06433,1329.5205,104.93851,-544.94415,1340.2026,105.13736,-544.84283,1292.3567,103.48355,-526.0281,1282.2896,102.50244,-525.9703,1272.1348,101.735306,-525.7621,1358.7175,119.68962,-393.26303,1266.261,113.15971,-299.83124,1321.8711,157.10315,-498.9101,1284.148,154.52785,-470.88437,1422.1974,270.59244,-273.3698,1193.9492,230.25288,-145.7178,1429.108,453.47894,-249.02255,1111.3313,395.81158,-83.96162,1299.9159,550.8658,-378.61032,1144.8516,515.62396,-321.24332,1274.1891,590.95776,-444.0667,1144.7655,564.9004,-390.0923,1246.6781,570.1316,-460.64764,1174.7415,552.92725,-422.28998,1254.3605,554.0146,-383.0343,1180.5995,535.5434,-334.55417,1292.7084,582.195,-50.848755,1167.3513,531.8756,51.171673,1211.503,862.71466,-130.77979,1008.23376,657.43146,-329.00598,1132.979,984.9746,248.57967,850.5203,766.6623,58.78106,1129.5583,992.5234,283.42264,846.34247,785.01514,94.771416,1077.2399,1064.9487,160.65253,749.21216,819.2088,-32.928883
side_leg_raises_left_end_0.00.09.16.jpg,598.0569,127.23443,-479.0598,605.4087,105.4477,-439.21014,613.9875,104.86062,-439.12204,622.742,103.972786,-439.05963,581.50055,107.10904,-449.51044,571.973,107.262344,-449.68948,562.4405,107.54742,-449.514,631.398,113.413506,-221.54257,548.88074,118.85325,-254.61002,615.9644,148.96202,-393.77188,582.93225,150.86467,-404.1717,714.9974,228.31358,-105.042496,491.21454,261.83597,-122.7494,833.9067,393.14847,-87.56295,491.65683,423.62845,-60.3945,776.4492,522.834,-244.00713,621.3164,543.2427,-213.88821,770.9037,568.50354,-310.34705,653.8349,588.354,-259.62228,739.15186,561.1129,-321.16608,675.79877,569.52563,-289.67416,735.05493,544.87366,-245.07013,667.21783,551.7412,-223.28671,755.67944,514.706,4.444535,633.78564,579.20795,-4.52994,944.39874,591.84045,-111.53215,717.72534,832.9943,-32.210155,1157.8044,676.27765,246.63142,844.0626,938.8574,559.735,1168.5587,696.75055,283.08673,873.66895,943.25323,616.817,1267.5135,703.6127,160.11433,853.4938,1021.91705,535.9166
side_leg_raises_left_end_0.00.09.16_flipped.jpg,1332.3312,134.2456,-636.62805,1346.8772,104.11962,-617.1298,1357.6442,103.49514,-617.14655,1368.6354,102.77715,-617.0541,1317.7965,104.58269,-610.9369,1306.2964,103.79231,-610.8397,1294.7424,103.17363,-610.6952,1383.2429,113.55178,-435.07318,1281.5715,112.120895,-395.85608,1353.2544,158.81708,-563.18896,1312.1323,158.1616,-551.1034,1442.1649,265.68817,-280.40982,1205.9471,222.07587,-257.08234,1425.5164,457.18835,-229.12355,1110.7849,390.5022,-214.7287,1302.694,545.89374,-416.6659,1144.0181,525.2372,-408.32245,1274.833,583.3446,-494.84076,1142.1265,575.97266,-473.1091,1251.3438,560.6165,-512.3788,1174.8931,565.7131,-505.29758,1256.9005,543.39355,-424.99182,1181.7029,546.7452,-420.09317,1295.6368,576.8845,-19.78027,1171.5258,532.3764,20.044838,1220.7478,856.07056,-108.57432,1079.371,727.53265,-349.6029,1105.671,985.97925,274.42493,932.4255,840.88776,71.33177,1091.1,994.2809,308.31903,924.3729,851.7565,112.0661,1057.7883,1073.5095,188.90567,841.66736,916.20215,-4.752747
side_leg_raises_left_end_0.00.12.13.jpg,590.3897,116.1212,-612.07007,599.5083,97.0074,-573.86414,607.8078,96.70205,-573.7464,616.27405,96.06549,-573.7287,576.0212,99.2339,-583.42236,567.23944,99.70756,-583.43933,558.48865,100.33385,-583.15015,628.2719,107.608025,-349.13232,546.91205,114.12238,-372.59113,609.2624,137.95476,-525.1332,576.9523,140.14589,-533.146,717.3191,224.33704,-219.79147,489.27652,254.64958,-272.4866,802.1973,388.10736,-208.03996,505.86664,429.92337,-254.83554,756.972,513.7274,-445.80048,597.65094,542.40204,-439.24368,753.10596,562.6955,-523.5195,615.7097,591.0263,-496.869,720.9216,555.9792,-546.30334,649.20984,568.256,-539.432,715.4716,540.484,-453.5494,646.8074,549.808,-454.13052,749.0974,494.9261,13.252345,624.3568,552.25037,-13.084824,946.74713,571.72375,-117.51482,708.9018,801.78235,-11.19517,1158.4054,679.3684,139.77101,817.54346,959.704,403.70776,1173.1008,708.08167,160.9998,844.3146,974.694,435.3375,1257.4319,703.79926,-9.149521,830.11914,1048.2308,254.95251
side_leg_raises_left_end_0.00.12.13_flipped.jpg,1329.0608,129.67921,-681.3321,1341.3306,102.29903,-657.3933,1351.304,101.55571,-657.30884,1361.4688,100.67805,-657.2438,1313.1241,102.8805,-652.06433,1302.19,102.29194,-651.9708,1291.2233,101.89276,-651.6184,1374.4895,109.36769,-468.18344,1277.8973,109.481445,-426.2371,1348.1433,152.61774,-606.69135,1310.1183,152.61365,-593.7731,1438.1992,255.03766,-325.57956,1207.4354,216.2307,-269.97827,1430.4043,441.08243,-299.35056,1140.0406,386.93637,-207.66959,1316.2446,543.49695,-481.04495,1154.8827,516.82916,-398.57855,1295.9254,582.03546,-564.1024,1145.6206,564.02234,-464.28256,1266.3135,565.5375,-584.8013,1177.2765,559.0622,-501.51215,1270.8221,548.8613,-491.64355,1186.0563,540.5543,-413.61496,1307.9553,547.3573,-39.624146,1182.7488,496.13867,39.57901,1234.4891,835.92017,-110.62456,1004.1424,617.20386,-277.34705,1172.3195,977.2543,244.78487,826.0378,683.94586,64.638725,1168.285,987.96857,275.3751,820.4949,698.03925,95.96442,1125.2344,1064.0103,120.62761,709.1878,723.6342,-55.72549
side_leg_raises_left_end_0.00.15.19.jpg,630.8373,117.80729,-731.6182,640.7533,96.850655,-694.1503,650.10004,97.36818,-694.056,659.6423,97.55264,-693.9343,615.90497,95.64037,-707.641,605.93353,94.83729,-707.71643,596.0033,94.14992,-707.5054,668.7312,109.828415,-467.19272,581.8465,106.268684,-515.9765,648.4923,141.7266,-642.9445,612.2928,140.19278,-657.88495,739.911,235.91139,-287.42145,515.6391,237.62804,-438.30533,829.00543,416.11176,-244.43307,516.37537,409.22754,-410.48364,787.096,531.3707,-399.83356,637.8048,534.9683,-497.65,784.40967,576.2323,-458.1218,663.5145,585.48016,-543.13513,750.3617,566.8104,-471.9627,696.01874,566.4709,-566.529,742.7632,550.98724,-403.58804,687.8195,549.5502,-502.01334,757.0925,491.41595,56.60178,636.8148,544.4561,-56.343548,955.9076,507.86816,-25.213305,751.1695,768.49475,-0.31201997,1153.6855,610.2006,251.04192,866.25385,948.8048,349.4854,1161.438,642.5813,276.74994,884.9953,979.3595,374.33252,1265.5496,622.80896,150.96031,899.5312,1016.8605,184.52763
side_leg_raises_left_end_0.00.15.19_flipped.jpg,1288.6814,116.338234,-596.92834,1301.3798,92.39771,-569.9056,1311.1943,91.49485,-570.07654,1321.2257,90.48574,-570.1456,1274.392,94.37766,-558.5139,1264.0173,94.852356,-558.54565,1253.6421,95.5004,-558.276,1336.0176,103.59408,-393.5771,1243.4619,108.535095,-325.22485,1308.7429,141.20386,-530.07623,1271.7697,143.4039,-509.74863,1399.6279,252.2372,-329.84897,1184.7593,237.03957,-128.66002,1405.4778,432.76132,-318.3375,1113.4346,395.6166,-88.91156,1301.4324,547.2762,-466.75613,1126.9785,515.6699,-298.36917,1284.2982,588.4813,-551.3254,1120.4622,565.5588,-364.93494,1248.8883,578.11066,-566.18274,1152.5132,554.9162,-401.05392,1249.3971,562.6355,-473.9971,1160.6572,538.1264,-315.4016,1285.1283,571.0625,-107.792854,1173.2397,523.2282,107.82406,1123.5774,766.12244,-163.99039,961.2163,574.24097,74.50898,1141.4908,904.48834,195.13844,807.22644,617.6597,426.13794,1162.728,915.6844,232.53983,801.2855,641.135,456.9686,1082.17,981.02075,139.87418,704.1924,616.8484,349.13153
side_leg_raises_left_end_0.00.18.25.jpg,582.5686,97.88477,-739.8398,589.8591,79.24257,-697.54645,598.4307,78.43102,-697.5076,607.19684,77.26236,-697.4784,565.9254,83.31822,-709.6596,557.01776,84.72667,-709.5816,548.127,86.2487,-709.3579,620.5287,91.22419,-472.7633,538.93274,104.16024,-508.99258,604.5611,120.80405,-655.0702,571.00024,125.95794,-666.6608,718.2975,216.02596,-341.7815,495.51846,254.05052,-440.14294,800.3891,392.30695,-318.8382,528.32574,440.37244,-449.96722,771.19763,525.34064,-524.0288,626.1539,550.10223,-588.5622,773.8555,571.47064,-603.13525,645.9217,595.54584,-651.03613,741.34894,566.317,-629.0786,674.6468,573.67676,-687.3932,734.78436,549.3299,-534.52466,669.17194,556.03094,-601.2933,761.4165,479.96658,36.76135,637.59625,540.777,-36.496857,979.5725,529.3684,-95.63422,723.8894,769.2619,0.7159279,1201.6798,628.19714,130.40663,817.12067,954.09564,333.90298,1219.9388,661.47705,146.07335,838.26135,981.6437,353.62027,1303.7635,635.9033,-29.020525,843.62555,1026.4913,141.70328
side_leg_raises_left_end_0.00.18.25_flipped.jpg,1330.6532,107.68192,-600.0918,1344.5916,83.40561,-579.67365,1354.6948,82.44449,-579.80853,1365.0594,81.41036,-579.9161,1316.8962,85.497856,-562.56805,1306.6001,86.12733,-562.5308,1296.2686,86.8831,-562.22784,1381.4277,95.64423,-424.2637,1288.0562,100.82845,-331.24033,1352.2292,133.31964,-539.7527,1314.6858,135.42754,-512.60284,1438.5051,262.84116,-371.29544,1223.5408,219.40413,-149.79182,1403.0364,458.64124,-363.9992,1136.6304,377.39587,-104.23004,1289.7527,549.9322,-497.57892,1140.4197,517.75543,-285.34232,1262.8395,582.7802,-580.3613,1132.6832,567.03326,-336.18466,1243.6035,565.43024,-587.15967,1160.365,561.0821,-370.70718,1248.2089,551.405,-502.52066,1169.2079,542.3716,-301.63757,1276.405,572.6303,-101.08635,1165.3402,511.07916,101.29087,1142.6326,821.59607,-136.11478,952.7304,588.2064,64.66736,1149.1338,966.08704,205.38138,811.83246,662.53375,417.11768,1164.4554,978.64905,239.89046,810.3707,685.27716,447.57315,1096.9275,1048.0461,139.44319,706.86914,683.7907,339.96793
side_leg_raises_left_end_0.00.21.24.jpg,587.9857,144.48769,-772.172,594.5931,121.24709,-741.3848,602.86835,120.74592,-741.24023,611.2777,119.925735,-741.1383,570.45123,122.7099,-757.3943,560.86255,122.60919,-757.35986,551.33356,122.63468,-757.13635,616.9486,126.2651,-504.99463,533.62823,130.86931,-563.1349,603.1489,164.2316,-675.68787,571.2212,165.36546,-693.80176,696.8098,222.85739,-343.9559,470.24704,263.72604,-438.9964,783.1597,388.2414,-311.6674,517.3212,450.65793,-432.54465,757.15564,515.00073,-530.1127,615.69,554.11237,-554.2382,761.72394,560.5454,-615.63293,633.2497,595.69684,-611.55896,726.7805,556.20325,-640.4021,660.9804,575.9352,-651.3336,717.6111,540.70593,-541.0877,657.3841,557.9143,-567.5181,738.8707,479.43018,17.32828,619.5258,538.0852,-17.436676,935.43756,579.6209,-85.856895,737.6073,769.63416,-8.333339,1147.2975,687.48975,154.30293,881.7274,895.8087,405.0075,1160.958,717.4337,172.62646,907.04987,906.0093,436.32156,1252.08,708.4817,-33.135937,932.1765,972.74945,240.26422
side_leg_raises_left_end_0.00.21.24_flipped.jpg,1336.7534,151.52188,-812.0914,1351.4518,121.886154,-796.5117,1361.4828,121.202225,-796.544,1371.6726,120.46023,-796.55005,1324.9735,121.570755,-786.52454,1314.3599,120.281334,-786.5408,1303.7422,119.12954,-786.4615,1386.2574,125.92131,-625.39307,1293.8284,122.830925,-562.2578,1355.4271,172.0087,-741.12036,1319.2798,170.8612,-722.5338,1443.6643,262.6725,-535.9716,1232.7509,217.89635,-364.60715,1410.4263,459.57022,-540.0252,1148.0905,384.71686,-330.34204,1293.0813,553.499,-697.6408,1166.702,518.33185,-514.29156,1266.0035,584.90216,-788.4669,1158.3108,566.917,-582.2609,1246.9701,568.1362,-803.61127,1189.1472,560.0915,-615.8201,1252.0059,554.8861,-706.9772,1198.9252,541.53723,-529.6891,1286.3748,554.4708,-91.88576,1195.6584,499.6413,92.24447,1055.8239,672.5125,-82.39982,975.1182,588.50867,132.02357,926.65753,658.8847,366.53485,814.4959,590.579,463.11203,926.4344,658.6657,414.15796,807.8753,603.0528,490.93558,835.03326,675.1223,350.9101,701.7793,600.97656,394.00897
side_leg_raises_left_end_0.00.24.23.jpg,578.95685,174.48448,-758.5019,582.2235,149.60066,-730.5326,590.2713,146.96217,-730.48486,598.3937,144.0391,-730.3889,559.15955,156.1662,-737.37524,550.1094,157.8364,-737.3566,541.10626,159.6167,-737.168,607.81836,143.73776,-499.75223,527.19507,166.00375,-510.59177,598.45496,186.15025,-661.8972,568.15204,193.90437,-666.0086,697.3506,222.1601,-313.787,481.78848,267.92715,-343.50717,801.8183,377.3661,-268.45404,524.6126,427.5194,-291.8428,766.6541,506.01166,-422.96,611.26294,539.6235,-413.61356,765.29736,546.93427,-496.78226,627.1648,580.55914,-458.58902,733.9668,540.7019,-513.8091,649.9679,562.9684,-505.9977,727.64825,527.19464,-429.63794,647.60254,544.65314,-431.36057,738.0033,474.0696,-15.806753,622.31256,529.7804,15.68575,924.28125,564.6366,-175.17654,724.90125,760.80194,31.897062,1144.2059,648.12366,57.08798,854.1124,903.409,442.37598,1160.964,673.7218,72.193886,885.7283,914.9103,471.6219,1243.1276,664.7596,-146.03175,870.382,991.20306,280.19855
side_leg_raises_left_end_0.00.24.23_flipped.jpg,1338.8728,180.96803,-878.4766,1355.2683,153.4393,-873.2357,1363.9203,153.83899,-873.35724,1372.6598,154.17415,-873.3924,1332.2362,149.76727,-862.8383,1322.9304,147.11426,-862.7717,1313.6608,144.59692,-862.5957,1383.3499,155.58643,-711.5923,1302.9789,141.96127,-650.10626,1351.0938,199.10313,-806.9836,1321.2454,193.92365,-789.0277,1428.131,271.9907,-617.1796,1233.5166,216.66216,-400.07486,1389.5608,441.2937,-585.37494,1154.1421,376.97556,-311.03693,1304.2921,544.9633,-734.07776,1160.7887,501.3021,-496.01184,1287.4034,577.98315,-832.2928,1153.5378,545.16064,-562.43,1267.0055,563.80786,-860.43567,1177.4082,539.1337,-611.9041,1267.5256,548.8882,-747.4774,1189.6469,521.6994,-518.1349,1279.0254,518.6586,-116.37588,1199.6198,465.16483,116.5351,1029.4186,586.3307,-107.5971,993.58105,547.3018,86.99222,830.3896,645.26733,84.12824,835.8273,612.1414,286.76236,814.86847,664.1166,100.22043,827.65454,635.33887,297.8228,722.7846,650.23065,-61.877438,726.17584,627.2644,160.31438
side_leg_raises_left_end_0.00.28.03.jpg,581.6165,118.295135,-731.2127,588.17004,96.11268,-697.7191,596.70807,95.19047,-697.7674,605.4057,93.938805,-697.80835,564.599,99.175385,-703.32355,555.31165,99.97638,-703.2684,546.04724,100.92215,-703.03296,616.3833,102.99406,-490.37006,534.1133,113.19647,-497.90027,601.55963,138.77432,-649.92804,568.2706,142.50609,-652.64813,716.7754,222.46024,-353.94696,478.90073,254.82103,-368.89,801.7271,400.12735,-315.20206,499.45862,439.3135,-334.28793,751.1596,522.413,-506.86603,601.0295,543.23474,-492.46606,744.9357,565.5295,-594.83594,624.9052,586.9048,-555.598,713.7549,557.97986,-612.64014,650.55426,564.54694,-594.5928,707.6357,540.8329,-513.067,645.5319,545.9886,-507.72516,746.9818,503.58472,5.408672,620.10645,555.50836,-5.033633,937.70404,587.41644,53.873375,690.75824,776.5389,108.8732,1144.6149,675.6471,370.27283,766.9863,954.35815,496.11792,1159.2388,703.8293,395.5666,788.6749,979.101,521.188,1242.1918,692.4115,233.63852,776.3532,1032.9182,323.90295
side_leg_raises_left_end_0.00.28.03_flipped.jpg,1335.1344,121.507675,-866.3906,1351.3284,96.597244,-843.92444,1361.4645,97.13151,-844.0354,1371.7368,97.59657,-844.0036,1324.6558,94.42038,-834.7425,1314.0669,93.08612,-834.737,1303.4651,91.8891,-834.7003,1384.5844,110.95661,-668.5991,1291.4897,102.038956,-610.8412,1352.0664,147.41507,-796.5221,1314.7476,143.72685,-779.52496,1435.7963,261.1987,-583.8805,1219.6674,214.42773,-439.89096,1408.8232,455.19916,-585.273,1139.9452,387.25705,-424.39493,1309.1885,545.23035,-764.98584,1176.514,515.2238,-568.90704,1284.7645,577.7285,-859.8563,1175.6986,562.12915,-633.28204,1266.9731,558.91077,-882.76105,1204.4738,553.27856,-659.9933,1269.6354,545.4337,-777.41394,1211.5865,535.1404,-581.37317,1288.7163,546.44635,-88.15062,1195.453,491.3458,88.524,1085.8628,662.0892,-24.888763,982.35925,556.0603,151.28792,969.20355,676.46655,424.70624,819.4885,558.48083,551.224,966.8003,684.8526,467.88553,808.05505,574.8563,583.69904,886.1354,680.1076,348.93546,715.2401,551.8574,460.9248
side_leg_raises_right_end_0.00.33.09_flipped.jpg,1262.8362,118.05634,-524.13043,1276.2367,98.97197,-491.04263,1285.0797,100.21903,-490.94238,1294.1339,101.27105,-490.9591,1252.3253,95.865555,-496.3415,1243.4387,94.20064,-496.28946,1234.5144,92.717224,-496.05658,1305.7258,113.24015,-285.78726,1223.1279,101.45821,-292.44254,1278.111,143.2317,-443.6816,1245.3616,138.47308,-446.09863,1358.4955,253.04498,-137.8609,1137.1891,210.9111,-208.1849,1371.9722,434.9332,-135.5383,1086.1445,370.31235,-194.60225,1317.7139,542.1522,-381.3951,1149.7827,501.43442,-417.40247,1307.5636,584.0901,-453.65942,1150.7665,550.45135,-496.1962,1285.0679,566.9312,-487.80167,1192.1489,539.74866,-520.2251,1281.8566,550.8375,-395.48663,1195.0575,523.3747,-427.0986,1283.1304,542.8432,21.49521,1149.4331,547.8799,-20.968868,1435.823,682.03174,-69.66298,1116.4742,750.81287,-108.75264,1550.8297,826.1238,246.06726,1136.768,934.0347,203.68935,1547.4939,854.3028,271.74893,1156.343,962.72345,223.38907,1628.0743,879.5763,135.52562,1095.0087,1011.91547,48.85146
side_leg_raises_right_end_0.00.36.07_flipped.jpg,1238.3524,102.23375,-697.3261,1253.113,85.82024,-656.4641,1261.6832,87.65281,-656.4509,1270.484,89.19557,-656.49854,1228.7336,81.65218,-664.83984,1219.8771,79.73872,-664.73724,1210.9926,77.97684,-664.5383,1279.7075,102.82846,-420.2109,1196.9332,87.55886,-438.71555,1251.6108,128.78592,-606.7428,1218.6365,122.46854,-613.00653,1330.7064,242.90611,-264.80588,1111.4081,214.65549,-324.87552,1345.3506,424.26102,-229.10039,1087.9443,388.60974,-302.6835,1306.4554,544.92084,-467.00864,1150.1967,519.2567,-520.84595,1301.2284,588.78125,-554.4615,1152.632,569.3358,-608.11237,1278.9622,574.739,-591.7372,1191.0797,556.9662,-651.49896,1275.2032,556.2291,-485.14932,1194.5768,537.8678,-541.221,1289.4358,507.77045,21.27833,1155.0822,526.91974,-21.216494,1473.1917,653.81915,-103.32211,1153.188,757.9455,-30.234425,1653.5564,814.1594,124.0853,1155.8805,911.7078,453.84183,1660.4001,847.4415,142.23062,1168.0944,927.6301,497.45132,1743.6525,863.0032,-18.557617,1135.3905,1000.89624,375.12878
side_leg_raises_right_end_0.00.39.02_flipped.jpg,1241.4121,104.96809,-760.73065,1257.307,89.405136,-723.9061,1265.3319,92.05917,-723.8765,1273.5624,94.4273,-723.9099,1234.2136,82.861946,-731.9018,1225.9121,80.05573,-731.8137,1217.5759,77.401085,-731.5926,1280.8258,107.25877,-492.8706,1203.3792,84.70581,-511.3932,1251.6051,131.6293,-671.43353,1220.4629,122.179825,-677.48004,1326.0059,245.64682,-330.68967,1111.5153,205.81029,-394.0448,1353.9702,424.7177,-326.3688,1087.1134,378.47318,-364.61026,1306.2876,536.4571,-566.6286,1147.5376,515.7605,-557.5697,1297.226,575.5192,-651.04926,1150.047,566.2159,-637.1745,1274.5435,561.69055,-681.0826,1187.9194,556.3708,-677.06836,1273.3527,545.5354,-581.73065,1190.6077,537.1483,-575.43427,1280.1644,500.88226,27.194778,1150.0863,512.62805,-27.121624,1434.742,642.15717,-108.68993,1133.751,740.63214,-6.6302495,1588.0068,790.2284,149.39052,1114.564,924.1908,382.85583,1594.2676,817.58887,168.95903,1124.0895,949.3341,411.72568,1655.3646,845.17676,-6.064063,1083.3176,1008.5564,228.60674
side_leg_raises_right_end_0.00.41.27_flipped.jpg,1236.3033,98.8447,-735.88025,1250.5825,85.94078,-695.1261,1258.3768,88.48734,-695.0909,1266.3846,90.732864,-695.1616,1227.8611,79.95087,-705.4165,1219.676,77.48644,-705.317,1211.4695,75.1871,-705.1185,1272.8909,103.8049,-456.70667,1196.8147,83.594315,-489.44922,1246.6632,125.07439,-645.4691,1216.0011,116.59074,-655.55835,1318.9257,240.7424,-282.27927,1109.1698,203.64742,-397.50516,1352.1058,418.6445,-243.70343,1078.9269,372.88605,-376.84894,1308.8755,526.8966,-478.85486,1145.0234,508.40012,-566.41486,1301.8215,566.4314,-554.93243,1149.7704,559.4509,-644.65967,1278.3392,553.0222,-586.9244,1188.034,546.36035,-683.15375,1275.0238,537.52374,-493.9009,1188.5792,529.00854,-583.3076,1281.8413,488.71307,48.03137,1151.8733,507.31137,-47.98394,1484.041,593.399,-70.830215,1154.987,725.5788,-37.65297,1651.8308,734.2502,166.34958,1115.8959,889.2777,398.955,1655.1924,771.2528,184.5134,1117.0605,913.7088,435.4296,1747.781,762.2377,37.367016,1097.77,961.3112,283.4643
side_leg_raises_right_end_0.00.44.17.jpg,676.43036,103.23987,-568.98517,685.89453,78.86966,-550.82526,694.826,76.751076,-550.69934,703.925,74.485725,-550.65784,661.4505,84.488266,-536.62744,652.4048,86.24127,-536.65393,643.3853,88.20394,-536.44604,721.9771,83.198586,-387.3779,638.59296,100.152245,-309.64386,699.5273,122.55605,-503.40207,666.8459,129.42839,-480.98413,817.0435,208.8634,-292.3958,600.7459,233.1037,-129.51247,860.9448,385.02408,-280.12582,583.2124,397.9455,-28.548046,770.15314,525.4338,-434.46835,608.50586,530.7875,-243.10916,758.6889,574.0641,-512.222,606.5635,579.746,-305.4222,722.7434,567.8104,-531.2171,634.13293,570.5052,-356.78583,723.0664,550.0006,-441.02158,641.38104,549.8573,-265.42764,771.51025,538.5539,-66.437836,649.8779,530.4152,66.63962,748.1602,802.3417,-108.71829,542.25415,718.1377,26.822351,745.1099,945.5391,234.86485,449.67972,878.1356,349.4096,747.6489,958.62244,264.53622,453.23895,902.8818,373.38748,731.8072,1021.57916,105.925285,382.5907,945.64166,195.085
side_leg_raises_right_end_0.00.44.17_flipped.jpg,1245.5323,97.57311,-611.6914,1258.5483,84.80868,-572.23926,1265.4606,87.18118,-572.18524,1272.5967,89.28621,-572.2363,1237.308,79.55086,-585.7189,1229.8148,77.387276,-585.6131,1222.3052,75.39593,-585.29297,1277.5182,103.47048,-339.0623,1207.5889,84.82088,-380.98956,1253.4237,124.836334,-520.92773,1226.747,117.283745,-534.39044,1323.7417,242.82686,-199.90007,1114.6708,207.74556,-280.01755,1334.8981,413.24408,-177.25888,1095.234,374.54004,-261.53906,1306.5465,533.4351,-453.88312,1148.9559,509.59784,-481.07053,1305.8115,577.4675,-542.9402,1147.3114,559.2452,-573.2159,1282.7317,563.76013,-594.18207,1186.3702,548.591,-618.04364,1277.4314,545.94214,-477.45264,1189.7091,530.7051,-501.50574,1283.1475,512.83215,14.222893,1151.0615,530.9632,-14.269579,1469.9589,651.1956,-101.62095,1120.7546,759.63477,-74.29492,1628.7728,801.10156,123.079765,1191.6387,934.72314,309.56613,1631.9103,837.9405,138.54845,1216.5577,957.4571,337.2451,1724.6534,834.6684,-16.444523,1179.7883,1017.2755,163.35715
side_leg_raises_right_end_0.00.47.20.jpg,701.58093,97.97135,-547.2657,710.3029,74.71995,-517.61383,719.184,72.77733,-517.61255,728.2411,70.649414,-517.52966,684.57434,80.03362,-511.33856,674.95557,81.87298,-511.33765,665.3406,83.88097,-511.1011,743.4442,82.07527,-335.10596,656.77673,98.37633,-293.26508,723.4727,119.74755,-479.17883,689.2323,126.25914,-466.3498,828.5969,213.96886,-217.336,617.2377,231.17238,-150.62213,879.11633,381.59335,-215.67595,596.7516,399.82098,-109.594666,788.91425,509.67282,-377.74997,620.4126,517.7171,-309.03458,779.4233,554.5015,-453.00842,616.18536,563.2995,-374.1579,742.1628,549.0951,-473.339,646.8551,554.54913,-412.37875,742.0255,532.75995,-386.67966,652.749,536.5038,-326.10397,775.43353,522.4326,-50.391933,651.2815,503.31998,50.18454,773.80414,774.9948,-101.02106,471.23447,619.27515,-281.50937,801.10034,956.52704,153.66998,338.01837,767.4873,50.127518,806.7394,976.8832,172.2872,343.40833,792.92725,78.914085,795.149,1037.2313,-8.76239,229.44809,818.9049,-89.54494
side_leg_raises_right_end_0.00.47.20_flipped.jpg,1218.2557,91.75437,-685.09796,1230.3114,77.60029,-645.47614,1237.8743,79.50589,-645.5013,1245.6892,81.11782,-645.5427,1207.7506,73.60069,-657.2625,1199.449,71.87067,-657.1989,1191.1194,70.27747,-656.911,1252.3066,94.83423,-411.31436,1176.2411,80.637276,-449.74402,1229.7888,118.270645,-595.9777,1199.5894,112.20706,-607.9683,1307.0594,231.59326,-251.89156,1092.9431,208.00183,-361.74127,1336.7314,413.99026,-208.13426,1064.802,385.16983,-366.31625,1296.823,539.6128,-418.25626,1131.3461,510.43015,-534.3912,1294.1848,583.22797,-490.52975,1138.4912,558.3537,-598.7618,1266.5947,572.3438,-526.5044,1174.3324,544.1952,-633.29456,1260.7708,555.41766,-434.0147,1174.9705,527.6628,-547.05334,1281.5394,496.10065,38.850353,1146.032,519.4887,-38.90834,1491.6652,611.05334,-110.07763,1137.0433,744.4363,-39.98801,1671.7058,751.09406,89.93242,1136.024,923.7077,311.1658,1679.0964,788.8,104.428764,1144.1361,951.60144,337.2897,1773.7366,773.0752,-44.51232,1123.2816,998.3969,163.67667
side_leg_raises_right_end_0.00.50.15.jpg,710.35706,102.345825,-600.14496,717.2462,78.30469,-573.0403,725.9507,75.9815,-573.02527,734.82874,73.49728,-572.94946,692.5209,84.31059,-571.29364,682.91144,86.38247,-571.28955,673.3196,88.6073,-571.17,747.67554,83.234924,-385.3527,663.104,102.405655,-369.23447,731.11633,122.3451,-527.6031,697.58,130.0361,-522.2301,832.29486,212.27864,-263.1912,616.95984,235.0009,-214.9842,885.00995,381.83722,-230.69351,591.99493,412.6154,-177.34372,799.6283,508.7709,-411.93954,625.43475,532.7638,-362.58212,789.81824,555.6956,-491.25708,626.8514,580.0323,-427.30063,750.5472,547.2703,-515.79785,654.57477,567.9858,-465.43964,749.66766,530.9975,-421.26923,659.2068,549.29425,-378.2469,780.54675,532.0297,-32.324055,655.6568,518.3861,32.32254,775.3869,780.92163,-52.81612,499.49042,677.7093,-127.43394,776.9066,922.4786,272.78592,389.2566,841.17676,185.83916,774.4502,937.56494,297.6909,391.8572,868.75604,207.39224,778.5389,993.7541,126.16466,314.52475,900.2045,7.9584103
side_leg_raises_right_end_0.00.50.15_flipped.jpg,1213.8015,95.99523,-585.0782,1230.4113,81.597626,-542.4838,1238.6361,84.1449,-542.4212,1247.1036,86.39133,-542.43896,1207.451,75.52709,-553.4707,1199.3208,72.91702,-553.4944,1191.155,70.44297,-553.27014,1255.5984,101.26429,-307.03552,1178.5593,79.60998,-339.63605,1224.7042,123.797455,-494.887,1193.9058,115.12126,-505.62207,1297.8107,237.46327,-145.17094,1086.1752,211.16882,-246.54982,1317.1125,411.74185,-61.851696,1068.3674,380.89334,-233.51184,1287.5942,534.28174,-253.41179,1135.2781,508.5254,-415.3458,1285.2183,579.51215,-329.32004,1139.4167,554.05927,-493.13147,1261.7557,568.545,-371.92514,1173.028,542.8161,-529.3849,1256.731,550.8635,-272.50906,1174.3353,526.7435,-431.98123,1262.9994,505.65256,44.396233,1129.386,535.98755,-44.607716,1466.4681,624.3306,-71.31968,1142.1749,786.2109,-89.06667,1661.4891,790.63763,113.82068,1183.1034,928.4274,452.48358,1667.025,829.2933,130.12254,1197.6067,941.64215,505.5988,1767.335,819.95856,-1.0306569,1181.8147,1005.7629,420.92493
side_leg_raises_right_end_0.00.53.21.jpg,679.0118,110.77692,-602.70184,683.65955,85.820366,-575.0126,692.1565,82.853,-574.9986,700.83746,79.71256,-574.8671,658.8658,93.71961,-572.5008,649.0009,96.518166,-572.4409,639.18005,99.457275,-572.237,712.8409,89.35992,-391.0285,627.5094,114.86309,-364.62436,700.42737,129.71127,-531.6031,666.68115,139.75829,-523.4168,801.2463,215.62614,-275.84103,586.5344,245.03418,-200.26828,846.09753,386.98636,-251.8596,557.71686,415.18457,-173.27551,772.3888,526.8585,-407.19672,604.7525,542.62384,-352.13986,767.2132,575.9019,-489.78207,606.7828,592.35315,-414.81998,728.40765,573.0105,-513.29755,641.88995,581.24316,-452.2056,724.2284,555.2632,-417.689,646.02655,560.4462,-368.14944,762.3509,532.49023,-57.27304,642.815,527.2692,57.20337,715.0641,782.9579,-129.92172,533.7708,695.72296,-177.16821,748.2354,952.8843,133.86751,455.3528,872.17664,177.6051,755.5152,968.33307,154.36942,461.67908,894.9623,206.36548,746.6747,1036.4465,-11.433239,385.888,947.5822,38.28693
side_leg_raises_right_end_0.00.53.21_flipped.jpg,1247.047,105.12339,-726.6718,1262.4073,91.88791,-686.5366,1269.9473,94.64607,-686.4578,1277.686,97.1198,-686.4652,1240.6318,85.12495,-694.5993,1232.7635,82.21136,-694.5208,1224.8967,79.47171,-694.24,1284.9882,109.93562,-445.4471,1211.1561,86.54659,-464.10724,1256.4672,131.0813,-634.0659,1227.827,121.5135,-640.54803,1332.0986,235.89972,-298.27267,1119.408,204.71382,-342.20038,1366.3358,416.55515,-259.75018,1105.4088,385.07944,-334.7408,1311.104,548.8381,-466.90784,1168.0337,516.8116,-523.2136,1303.5803,594.0205,-548.2669,1172.5076,563.46893,-597.12964,1274.5969,582.94763,-583.1459,1207.7354,552.34436,-639.6337,1271.587,565.2896,-481.8858,1209.2628,535.08417,-540.57654,1298.348,493.57126,-4.2619596,1165.1948,512.726,4.077898,1479.6155,645.3735,-144.60992,1145.6553,761.25195,-10.494447,1652.8486,809.66547,140.1523,1224.5165,900.4521,489.35355,1659.1459,841.72754,163.5394,1247.8806,913.9373,533.2448,1737.7761,862.404,-35.553837,1219.1876,983.799,376.18784
