side_bend_end_10700.jpg,889.9931,294.05356,-924.3048,896.0894,267.58893,-892.1314,904.0235,264.333,-892.2813,912.0426,260.91083,-892.0147,873.7066,275.13223,-886.84235,865.7735,276.98306,-886.43384,857.789,279.0533,-886.2625,929.1527,258.1967,-645.76984,852.5475,282.37552,-611.31854,912.3831,304.2704,-828.17896,883.83826,313.66373,-817.2623,1019.6235,328.6733,-433.35904,824.07434,382.6802,-443.80817,1097.727,454.2803,-431.6945,796.1928,530.89606,-462.66168,1166.2632,569.4868,-654.56195,743.5708,673.08276,-614.2863,1194.6906,593.47675,-717.8775,714.84283,709.74084,-645.59875,1184.8755,595.98834,-792.7743,717.03094,713.07495,-734.9341,1169.8458,593.4378,-690.1498,736.16016,705.2008,-655.2345,1022.3885,592.7694,3.249252,907.4088,609.691,-2.5774364,1024.356,756.46277,-702.89655,909.3386,726.9487,-801.2557,1023.07935,935.3114,-289.96973,875.5138,912.4624,-428.38068,1019.76263,954.8842,-263.77518,877.9537,931.54913,-402.42926,1018.7622,1023.5146,-576.28577,866.2579,1004.0629,-681.2916
side_bend_end_10700_flipped.jpg,1029.1891,285.48352,-851.27856,1043.2726,269.2087,-815.8089,1050.2955,270.81747,-815.79474,1057.5338,272.14752,-815.72675,1021.5041,264.28595,-824.5082,1013.8177,261.89575,-824.20526,1006.13025,259.7151,-823.6607,1061.8652,280.7752,-561.4531,990.5866,263.01663,-587.9257,1034.9541,307.79904,-750.10364,1008.4578,301.18658,-757.7577,1090.568,392.26685,-368.0146,896.6484,339.8953,-389.53836,1134.2188,537.68256,-381.87286,825.3169,453.31323,-265.1196,1183.0648,675.08264,-559.5604,751.8174,564.756,-427.9038,1210.6263,707.7506,-608.151,724.0528,591.30615,-476.32187,1201.9652,711.16144,-679.6425,736.23285,593.97894,-559.6559,1183.4822,704.8026,-593.5449,753.66736,589.2126,-462.11047,993.8013,608.96716,25.269217,883.4991,598.97034,-24.924139,1019.89795,717.888,-678.11456,878.7801,712.4175,-738.16235,1055.4934,907.7634,-403.66718,896.76953,919.55206,-447.1874,1049.0718,937.75366,-390.5655,905.15515,947.7392,-430.80573,1083.8749,984.1557,-675.49634,909.7515,1006.94025,-715.1024
side_bend_end_11048.jpg,902.40936,305.8216,-982.98444,909.8518,278.55533,-956.37854,917.9078,275.8147,-956.49304,926.02203,272.90768,-956.2353,887.6075,284.18747,-950.8988,879.5963,285.21802,-950.52014,871.51294,286.44278,-950.36084,941.5715,268.66513,-704.11096,864.6396,286.65396,-673.67554,922.36743,315.63898,-881.8988,893.8743,322.55078,-872.1813,1022.5423,332.76315,-471.27866,828.17993,380.9759,-481.71277,1099.5898,454.60767,-485.6061,796.7643,523.5345,-508.47623,1171.6718,565.0945,-764.24347,739.92816,665.5122,-718.3694,1201.998,591.60455,-841.49493,710.4547,705.0877,-766.07715,1190.8303,592.7262,-921.8581,711.9291,706.05066,-858.7044,1174.6996,589.5558,-802.7866,730.7608,697.1325,-761.8186,1023.59595,589.1207,8.603337,912.6876,605.453,-7.578813,1034.5266,750.73627,-672.58905,912.8363,725.25555,-772.5895,1024.553,927.90326,-259.4671,866.27795,911.8352,-379.6021,1018.77435,946.5415,-232.43152,865.8211,932.3087,-351.97476,1019.36646,1016.27246,-531.9695,855.6575,1001.75604,-624.62854
side_bend_end_11048_flipped.jpg,1026.5651,297.2878,-911.17175,1038.8223,277.2099,-880.02563,1045.6191,278.00452,-880.097,1052.5958,278.52554,-880.08746,1017.57166,273.85468,-889.4387,1009.7241,271.65744,-889.0758,1001.8626,269.6396,-888.4364,1055.0615,282.05338,-626.76587,984.74384,268.97766,-654.63916,1031.967,315.6047,-807.93524,1005.97345,310.7983,-816.1462,1087.3168,381.94067,-447.18332,891.0082,342.56647,-422.82077,1131.319,528.7424,-473.63333,822.9231,461.19507,-316.07587,1183.2953,664.9742,-650.4459,745.9225,567.7604,-484.98294,1211.326,695.19183,-702.8963,718.9208,594.4535,-533.7916,1206.0729,700.9721,-773.83105,726.50336,592.64404,-617.78156,1187.7904,696.0501,-683.3904,742.9359,587.1304,-520.1171,997.9728,600.39465,1.3219972,888.6085,596.3756,-0.7205517,1010.2294,706.4477,-705.3958,879.99994,712.0457,-692.2263,1061.3385,904.06055,-389.8788,879.2582,921.1031,-388.50085,1064.435,929.4141,-370.9129,886.4099,945.25555,-371.2924,1069.584,990.24524,-660.7732,889.18713,1019.42523,-656.79785
side_bend_end_11901.jpg,1164.1982,329.63818,-667.4722,1175.4052,315.89673,-637.32227,1178.9923,318.43753,-637.2823,1182.9027,320.82016,-637.2771,1161.5685,306.2459,-659.43994,1155.9901,301.46292,-659.1107,1150.3834,296.82956,-658.8734,1174.6781,320.66626,-405.23508,1127.8062,287.10992,-502.87,1156.7677,344.85922,-573.05286,1139.9078,331.81494,-601.0835,1170.0999,419.6751,-246.18132,1002.3348,316.3314,-344.04834,1175.6138,570.0161,-174.25745,892.72595,392.72845,-266.0021,1180.839,713.7424,-356.61328,842.9504,494.4066,-450.4167,1191.6954,751.62915,-411.78354,820.4837,520.23047,-525.9466,1179.9052,749.7843,-474.91916,843.3163,526.66077,-584.98303,1167.9166,735.61865,-385.6386,855.3034,520.63324,-475.71906,1025.4227,608.0881,43.65494,919.9383,574.79297,-43.1102,1048.536,763.5876,-459.82474,912.5359,707.60486,-607.31067,1012.8373,937.3531,-173.56128,839.23645,889.9015,-335.39664,996.8853,955.5188,-155.6496,830.9049,908.3829,-321.82535,1010.1194,1024.5446,-406.4885,836.58405,987.8952,-578.4825
side_bend_end_11901_flipped.jpg,758.0594,336.43896,-549.875,762.16876,311.19275,-539.41907,768.30255,307.0732,-539.3959,774.56165,302.70236,-539.10974,745.94666,320.09235,-514.2583,740.83716,321.88168,-514.04254,735.8137,323.92807,-514.0988,795.8642,290.23322,-386.68152,741.1237,318.63626,-267.28107,782.6819,339.99246,-487.94363,763.63586,349.70178,-453.49142,920.01416,317.2803,-273.71564,740.76306,418.4983,-130.1705,1036.2661,394.05685,-324.31384,738.9285,555.779,-119.947174,1079.2424,493.08832,-577.41547,728.9282,711.5024,-285.08102,1099.8381,515.468,-660.6172,714.64185,752.75836,-321.83008,1074.7455,526.103,-698.3173,723.6208,754.11957,-399.1477,1064.5208,523.01764,-597.46027,740.23816,740.11163,-321.31638,1002.90735,574.1606,-59.92836,900.7506,619.9308,60.719864,1000.6947,701.0497,-745.38226,881.4215,752.467,-528.5115,1064.181,896.7371,-493.31976,907.4725,927.13763,-283.3754,1076.3405,919.92206,-476.64157,924.5531,943.7001,-270.04684,1062.8544,983.33295,-726.1652,903.1083,1014.15094,-479.55057
side_bend_end_12152.jpg,817.9856,407.41116,-613.8168,814.40845,378.4599,-596.88446,820.071,372.82153,-596.9325,825.8189,367.0134,-596.7937,798.06006,390.79504,-578.4194,792.0123,393.92224,-578.23267,786.0142,397.20718,-578.2563,841.5367,350.45126,-431.87738,786.9126,390.36493,-349.41833,840.90137,406.63257,-548.79114,821.9836,420.77054,-524.6957,960.80054,369.04523,-326.94778,794.57654,466.09592,-170.96298,1067.8588,490.15366,-261.28067,811.0911,619.5282,-163.49774,1116.5039,636.1205,-358.35034,802.61365,749.395,-338.76248,1139.8835,662.94543,-399.65967,794.1555,783.258,-377.43417,1124.1074,676.47656,-445.6754,792.5164,783.88556,-433.0799,1111.7018,670.62225,-375.6006,803.64655,772.8353,-365.76624,1033.7502,630.1769,-56.28101,919.6144,649.4961,56.901604,1080.9977,776.8868,-677.80554,781.4001,733.32874,-569.9823,1023.9038,941.43115,-159.62492,797.6894,934.8665,-324.58737,1013.31433,954.8147,-109.00753,827.4164,964.0501,-307.01196,1007.5144,1029.0457,-283.7525,734.24005,1019.78265,-507.97498
side_bend_end_12152_flipped.jpg,1096.7522,404.33768,-598.9387,1118.9529,389.07367,-579.7716,1125.0105,393.30588,-579.66864,1131.3578,397.37967,-579.8027,1102.2509,375.5946,-596.3825,1096.1458,369.14566,-596.2981,1090.0056,362.87866,-596.05945,1132.6879,398.09732,-366.81708,1076.5312,350.79666,-441.71912,1093.9717,422.2575,-506.56763,1073.6865,404.33832,-528.60565,1127.6228,481.14944,-170.66978,957.4953,371.86642,-283.4896,1123.4004,638.5778,-106.90855,857.8699,486.40533,-154.08543,1129.0669,764.62463,-290.27826,805.257,631.10406,-303.3336,1134.3721,801.8819,-339.77524,780.3037,665.1067,-360.9629,1131.5432,792.1743,-393.132,802.49384,670.8894,-426.95792,1121.4196,778.69037,-317.95602,818.38446,663.86005,-328.63068,996.04694,657.61694,61.441532,888.40875,639.5901,-60.946785,1124.7786,667.9435,-574.05634,893.9891,719.1787,-671.8568,1134.938,914.25684,-503.26932,886.5093,968.5865,-551.0088,1112.6395,951.3873,-502.1251,889.8119,998.504,-547.56665,1194.9678,1012.65283,-724.8248,894.2593,1070.7954,-791.6122
side_bend_end_12718.jpg,1182.979,407.22455,-941.0537,1205.055,405.6616,-905.7822,1209.2286,413.1948,-905.6871,1213.6871,420.65594,-905.65704,1193.443,385.49646,-910.4816,1189.3533,377.48123,-910.30554,1185.1123,369.62952,-909.988,1207.9912,434.4617,-655.863,1169.2213,366.03732,-676.1241,1172.7279,432.37573,-843.9222,1156.1729,403.80676,-850.1187,1161.4375,532.8577,-470.18475,1026.6755,379.75458,-520.6025,1116.3857,686.9887,-469.42636,897.71686,476.36636,-449.85587,1088.1294,834.8289,-613.29266,809.0862,604.5953,-598.9537,1089.1293,883.5308,-655.7774,772.9034,629.1349,-666.5685,1075.6373,878.56036,-721.3675,794.53687,647.03296,-727.9883,1066.9531,860.1388,-645.25867,810.57526,643.9984,-625.9374,990.2822,652.8947,38.468746,889.9387,607.4318,-38.169212,1073.8241,700.86206,-612.4342,852.9242,724.36505,-712.2001,974.3811,882.30664,-150.57039,815.06586,926.142,-235.7687,950.35187,895.67096,-108.35605,814.7593,939.53815,-191.3756,958.0804,991.6357,-314.9468,796.5087,1040.1963,-397.8914
side_bend_end_12718_flipped.jpg,737.7003,407.54938,-838.3051,730.1337,384.03656,-802.3913,735.31323,376.95477,-802.5005,740.49994,369.70377,-802.335,715.60266,403.35907,-794.5876,710.2797,410.25922,-794.3045,705.0409,417.35205,-794.1841,760.24567,364.05597,-588.28906,710.53314,428.53046,-541.82385,767.16675,407.00998,-760.1737,747.6203,432.5552,-745.60626,897.21094,385.1745,-476.84946,757.4751,528.64325,-392.29742,1028.3668,480.93878,-493.39645,806.3129,679.1377,-429.56018,1109.2122,610.6126,-660.93805,831.42017,827.3996,-560.33575,1141.5685,633.9543,-737.7359,823.50916,873.17365,-585.43854,1118.302,654.5003,-781.7522,834.1527,873.7646,-659.4712,1103.898,648.9156,-683.38794,846.3669,855.9932,-593.24054,1036.9529,603.7333,-29.769081,938.3997,658.0351,30.026024,1112.2201,718.1994,-684.13306,862.9478,761.196,-668.37115,1100.4362,920.76483,-228.26955,930.2262,942.5067,-315.5864,1091.6628,941.7893,-191.56375,956.0234,960.3147,-289.30936,1117.9243,1014.8424,-421.55508,926.52295,1035.6096,-515.26025
side_bend_end_1318.jpg,794.9132,282.56857,-753.4937,803.54346,257.86584,-706.2153,812.2656,254.33842,-706.35,821.09375,250.57312,-706.13885,779.8129,268.5238,-701.9156,771.7429,272.28497,-701.54645,763.7557,276.28632,-701.4931,845.2354,258.27466,-470.60312,765.1489,291.6013,-446.12482,824.0327,300.21463,-671.59064,792.5655,313.7438,-663.7609,962.7517,339.2082,-282.00803,760.0446,442.7359,-367.97916,1069.683,448.7741,-123.30474,757.14075,620.0499,-430.5561,1136.9409,606.03906,-197.4728,743.6086,783.49524,-530.6401,1166.6434,635.01465,-226.03549,726.73065,827.2564,-554.4725,1148.3433,650.0637,-291.73517,733.9064,829.52246,-625.8761,1131.8136,644.7064,-223.95953,753.33514,816.9519,-562.8938,1006.123,617.36414,17.257338,878.5529,645.89197,-16.866821,1103.1162,735.3384,-804.43085,810.46,690.63983,-859.36475,1021.23364,924.1966,-246.09215,825.75916,902.8488,-467.93713,1003.24884,936.29486,-197.78589,842.6016,927.686,-440.26007,1007.54266,1020.67084,-423.35992,806.71344,992.107,-704.60876
side_bend_end_1318_flipped.jpg,1120.2958,273.80408,-702.7821,1138.0205,260.24512,-661.5442,1145.8848,263.94714,-661.5889,1154.0571,267.45926,-661.6514,1114.7096,250.73802,-663.14276,1106.0267,247.0795,-663.01624,1097.3041,243.62904,-662.735,1156.0627,287.4834,-435.67743,1078.7277,254.84543,-434.05472,1124.4092,306.61072,-618.37775,1093.2637,292.95175,-618.122,1162.9493,438.5159,-333.52277,954.6675,340.5921,-255.04956,1164.5388,622.9311,-343.56677,847.9096,462.59238,-137.89566,1176.5415,793.9274,-485.86453,776.7737,606.13617,-325.36957,1192.0532,842.2825,-534.3149,747.39404,641.1844,-375.77704,1177.3486,843.38184,-592.47516,767.0124,645.99536,-451.30255,1162.3405,827.5465,-513.875,785.45233,639.6366,-357.33145,1036.2441,647.75525,-17.62615,912.0399,627.8607,17.796957,1115.0111,677.65234,-765.69904,817.1951,684.28784,-741.7701,1099.5211,920.0932,-438.68073,883.0881,919.0084,-350.99127,1088.4971,943.81494,-414.94525,909.79987,939.4185,-321.6409,1111.0017,1034.9315,-705.89294,874.05676,1025.3569,-605.08704
side_bend_end_13337.jpg,1198.4054,448.25406,-1022.8677,1218.9713,444.6796,-985.97284,1222.8962,451.1285,-985.94836,1227.1565,457.60068,-985.75104,1207.7156,426.23605,-1000.74316,1203.8501,418.82812,-1000.51996,1199.861,411.57086,-1000.35333,1222.622,466.333,-724.6936,1185.5308,403.62576,-785.64734,1189.3584,468.69846,-920.9412,1174.285,442.97687,-939.11395,1174.5681,550.6976,-472.43613,1059.3923,404.96878,-680.3317,1118.3323,691.9422,-480.1028,914.04846,487.93665,-710.6198,1083.9945,838.1015,-636.5863,807.5748,584.7846,-806.77014,1083.486,886.1691,-660.0328,770.5499,601.438,-875.2503,1075.5471,883.9296,-736.2798,784.6199,621.6467,-923.0768,1066.1769,864.20764,-674.5306,799.582,621.40845,-827.1824,976.95795,648.48193,70.80159,889.24036,589.6837,-70.49063,1050.9926,771.22266,-341.9419,882.9011,733.2469,-580.10535,973.28564,973.7525,-62.683926,817.474,925.5949,-261.2241,942.3447,997.5393,-43.529354,801.9983,950.35736,-238.38942,990.3908,1073.0486,-243.33095,814.5273,1010.3513,-459.37125
side_bend_end_13337_flipped.jpg,726.25903,454.70975,-667.20044,713.84424,428.9019,-649.9187,718.07837,420.81284,-649.90735,722.2932,412.5776,-649.6673,701.2572,449.55856,-631.7203,696.30634,456.32208,-631.48364,691.5138,463.37976,-631.4533,738.59094,397.4126,-466.87485,694.60376,467.59262,-374.3624,754.153,447.2654,-595.0487,737.34283,474.1364,-567.97974,865.1444,392.5502,-382.73505,742.89575,545.2776,-157.55353,1008.9409,468.06876,-412.2474,795.46155,691.7835,-179.8269,1116.2616,581.87366,-599.0277,828.33875,839.1156,-371.197,1153.1559,596.4879,-670.18524,823.88947,889.69586,-411.67188,1136.9568,619.3345,-714.8468,830.367,886.2799,-486.75797,1122.8298,618.0571,-621.473,841.1429,869.23254,-408.77365,1052.5681,603.7676,-91.85945,956.13007,658.8657,92.09646,1059.02,667.33344,-910.0231,828.6906,720.82404,-569.2411,1094.1483,905.0356,-633.85095,925.78625,911.65015,-453.45865,1100.352,932.0095,-612.42456,964.5062,929.2817,-454.1386,1090.6106,994.01697,-877.36005,911.762,1011.63666,-685.2493
side_bend_end_14722.jpg,1254.4049,393.20737,-793.1703,1273.2133,387.0797,-752.65594,1277.2651,393.73337,-752.5187,1281.6716,400.3632,-752.6752,1259.4553,367.17883,-766.1649,1253.7473,358.69092,-766.0502,1247.9083,350.3826,-765.81006,1268.2905,409.96207,-528.0759,1221.3525,341.94595,-586.76776,1237.8801,418.77286,-710.00604,1219.1084,390.7048,-726.4388,1200.5242,531.65265,-435.1854,1059.109,352.43478,-461.64526,1153.7988,703.9672,-472.06012,912.4946,433.07596,-409.74515,1116.1439,873.29785,-591.69885,788.49713,536.2919,-555.3443,1117.6705,927.35895,-611.1366,747.0325,554.41925,-596.24585,1104.4462,921.08936,-675.0456,762.3801,571.5736,-659.51337,1094.1931,897.2773,-620.15717,784.3179,573.43134,-581.42053,998.83246,662.635,21.071018,886.8267,596.1802,-20.842314,1077.3478,781.20996,-464.26837,767.51794,665.2814,-794.7959,973.4571,876.75006,21.04591,792.35034,879.6114,-256.61426,943.7638,879.7246,66.654686,803.54663,897.9651,-204.73941,979.87964,961.30597,-84.13302,791.3834,970.28906,-382.46494
side_bend_end_14722_flipped.jpg,670.1064,395.75198,-624.90594,665.30035,367.66437,-593.4621,671.20264,359.55185,-593.4614,677.149,351.17618,-593.27924,650.3461,388.7391,-575.30804,645.4627,395.563,-575.1086,640.7203,402.64413,-575.0758,704.27765,339.53445,-422.61276,653.0942,408.35928,-334.42972,706.5861,393.71902,-565.8595,686.9573,420.31094,-539.30927,856.7872,355.45786,-277.67767,713.6353,531.2749,-271.03995,1006.9662,424.5129,-175.36621,773.47925,705.0328,-328.70554,1126.0754,533.2251,-238.67024,812.1009,868.534,-434.3021,1161.7994,546.34467,-264.02045,811.52185,920.39197,-450.40533,1150.4552,566.7843,-315.49237,817.3286,916.99207,-508.00714,1135.2897,568.04,-259.4057,830.22815,896.91376,-461.76074,1023.78534,610.4688,-4.5286703,910.36633,678.7115,4.7299824,1144.4637,675.4667,-675.35657,812.8538,725.8177,-612.0216,1120.6364,910.1295,-258.6355,931.9433,876.87305,-287.0648,1102.8462,935.371,-218.37514,965.8756,887.403,-264.1113,1144.2324,1000.9074,-426.9218,945.0061,970.93286,-475.6886
side_bend_end_15143.jpg,1214.0946,472.24078,-950.4359,1231.9146,469.32217,-916.50995,1234.0898,475.48364,-916.4149,1236.6794,481.70135,-916.3525,1224.4503,450.78058,-942.97095,1221.4373,442.9623,-942.7709,1218.3188,435.30356,-942.5637,1225.3994,483.49283,-679.6888,1201.4099,422.20688,-804.1211,1197.4126,488.21124,-858.5002,1187.4908,462.2928,-894.3184,1158.9423,553.26215,-441.75134,1065.5934,408.9617,-739.3224,1122.0798,700.3524,-432.36523,915.59674,480.8506,-765.43396,1104.395,854.0152,-596.8588,822.06836,604.4162,-882.1841,1104.9607,904.65247,-618.83386,786.7743,632.7469,-970.5517,1101.3806,897.61426,-697.1393,809.2863,655.29095,-999.3439,1093.768,877.2913,-637.315,823.97046,646.8352,-897.36285,963.0209,634.45325,117.67382,873.9398,582.854,-117.66783,1092.1519,760.10565,33.13331,895.046,739.8875,-598.97614,1035.0695,924.2871,196.0533,824.88965,949.14264,-387.71103,993.2323,943.51685,205.2564,796.7969,975.428,-372.14804,1086.1846,1018.30707,86.97727,847.8591,1034.6796,-579.3495
side_bend_end_15143_flipped.jpg,716.1543,473.4,-831.0627,700.1339,448.92944,-819.8019,702.5452,439.64374,-819.7086,704.9876,430.18576,-819.49036,693.0203,471.8772,-786.28973,690.55676,479.32346,-786.15375,688.2179,486.9955,-786.02234,721.6482,408.07013,-665.8031,698.207,484.82034,-504.64673,743.77716,457.77313,-770.74286,734.33075,487.33304,-723.272,862.2915,383.72043,-595.9874,753.1456,545.2745,-280.70926,1010.6037,458.9414,-662.82245,802.9649,689.3638,-321.62897,1101.2424,598.91547,-845.6294,817.8643,840.06915,-517.2529,1140.8345,620.7798,-938.879,810.7695,887.2758,-544.6976,1117.5918,649.3325,-970.8633,817.2243,887.3533,-616.95374,1103.6655,643.2763,-862.68115,827.97723,868.54315,-554.3618,1040.4471,598.18787,-112.056946,947.92444,649.89197,112.29355,1044.8721,676.7127,-919.8994,818.21387,750.15875,-289.6642,1067.483,922.0697,-605.9809,890.55945,913.53784,54.894363,1073.6904,953.9227,-584.7743,924.5091,930.0061,81.824104,1051.1187,1013.4007,-844.67346,851.1302,1016.5248,-98.89383
side_bend_end_15748.jpg,1209.7646,438.2242,-971.2421,1231.3794,445.38028,-943.17584,1233.5015,453.97955,-943.05475,1235.9274,462.62433,-942.8966,1226.315,423.8989,-941.102,1224.8977,415.97186,-940.90344,1223.2981,408.16013,-940.7485,1229.991,480.47647,-725.7555,1212.6744,407.12903,-721.5546,1195.734,462.6043,-886.8358,1187.7546,431.56274,-885.836,1170.9972,567.3664,-532.84296,1072.4622,393.3103,-626.32086,1117.3226,715.8587,-558.2123,931.23846,467.5901,-616.67834,1083.2109,861.7185,-676.5479,831.65826,590.49945,-737.8448,1082.7025,909.71484,-698.0731,793.9137,613.0104,-815.9595,1070.6975,904.7594,-762.6614,819.683,639.85364,-846.64954,1061.8325,884.6602,-706.0522,833.753,634.4998,-753.09186,970.2309,644.9154,40.15127,888.68884,580.352,-39.571945,986.8977,722.7259,-402.96255,846.97723,745.22375,-601.13055,874.13477,864.78656,-31.5498,828.03204,942.69037,-217.68529,850.17126,877.93774,0.5998037,820.19965,961.9127,-184.74908,851.886,944.0717,-179.5998,829.23376,1034.9977,-355.76974
side_bend_end_15748_flipped.jpg,711.4465,435.8112,-973.42645,696.44727,417.2696,-941.1915,698.8027,409.22006,-941.39844,701.17834,400.96136,-941.3291,688.7341,439.72583,-936.97144,685.76807,448.13583,-936.8105,682.9036,456.66238,-936.56805,714.7547,392.7945,-729.67535,689.2498,468.45715,-701.52075,737.36664,429.4373,-893.6284,727.69476,458.41925,-884.27466,857.1261,386.3438,-593.7035,746.2699,561.70654,-532.51965,1006.3215,455.66083,-612.18884,809.9661,712.1213,-573.1876,1089.0914,591.9648,-812.9677,841.02124,865.71844,-713.1971,1122.0065,617.6252,-902.7756,838.54144,912.8295,-744.7743,1100.5221,644.7248,-936.08594,849.78284,911.1944,-820.0029,1086.4117,640.322,-832.0838,858.1673,889.4313,-747.5829,1029.2579,588.9019,-34.652462,940.7504,655.85974,34.849323,1093.5367,720.12335,-625.06036,855.94696,777.97723,-446.49164,1097.4753,927.022,-276.56018,939.8954,900.32166,-10.456857,1092.1691,954.1175,-251.54921,966.19836,910.521,25.807547,1114.6797,1009.4367,-495.2231,935.2017,979.4086,-178.28436
side_bend_end_158.jpg,1186.0104,434.8692,-1074.0972,1205.9468,432.8793,-1039.822,1209.8152,439.3884,-1039.8577,1214.0829,445.90244,-1039.7179,1194.3859,415.4286,-1056.9038,1190.1726,408.68683,-1056.6781,1185.8635,402.1085,-1056.6536,1207.3655,456.86554,-793.11255,1170.2013,397.81998,-869.6612,1175.3373,457.2349,-977.2515,1159.9177,432.21954,-999.68744,1151.6821,539.7812,-509.62344,1042.061,408.77426,-791.28674,1108.8956,688.138,-463.94888,909.1759,500.92947,-813.8219,1084.8634,833.9816,-606.7712,823.67584,621.43726,-892.6969,1086.4792,881.3692,-629.74274,788.198,649.1706,-982.06915,1077.9028,879.9942,-711.67145,811.2535,671.344,-1023.00226,1067.9377,860.8364,-647.5812,823.75543,662.9655,-912.33777,967.06,631.32886,107.239006,880.98584,580.7242,-107.360855,1086.5192,761.2355,-99.99833,934.9473,723.64233,-591.9097,1003.1709,958.7831,111.05648,837.6108,947.0697,-358.63315,963.1154,985.80347,121.84623,808.2169,976.3333,-344.22012,1041.6855,1055.3091,-50.031662,854.0085,1037.3436,-580.0128
side_bend_end_158_flipped.jpg,750.90967,434.9333,-951.71136,731.57275,412.01892,-925.36975,734.0892,402.59283,-925.3532,736.6636,392.95822,-925.18115,722.3418,436.78824,-915.8258,718.14435,445.6397,-915.5164,714.0287,454.6028,-915.3255,747.5642,378.46213,-711.1125,716.12775,461.98727,-651.6747,776.56287,423.44522,-868.81775,764.47864,455.48886,-850.0986,895.98773,383.49454,-567.1321,755.74225,526.58765,-417.00793,1027.674,499.73984,-542.542,808.6148,676.04956,-378.79184,1110.7037,626.6219,-693.00934,835.545,826.82996,-552.1382,1145.0686,649.78235,-770.45197,832.04333,875.4114,-581.00714,1122.3461,668.32294,-820.28827,845.7575,878.4897,-672.40326,1108.1266,662.8687,-714.9358,858.51526,857.5093,-590.2894,1020.328,595.7954,-52.674713,919.7584,645.6637,52.923737,1091.1703,726.2205,-586.6297,839.7725,752.1371,-623.13385,1089.3456,926.02527,-157.2613,895.99335,954.9585,-299.62375,1083.6956,945.4736,-120.63924,918.9745,974.81244,-273.31055,1113.305,1026.3004,-332.99466,898.8744,1056.4905,-488.4537
side_bend_end_18172.jpg,872.2464,302.9293,-989.8628,876.01996,275.33987,-964.1111,883.47095,271.29575,-964.13245,891.0279,267.07657,-963.76074,854.90753,284.68518,-954.3853,847.4729,287.145,-954.1133,839.99506,289.8465,-953.9617,909.8787,261.64407,-734.5435,838.1661,292.28415,-676.14795,896.6508,310.8484,-899.41077,870.18317,322.41956,-881.42114,1016.26764,324.84164,-530.8243,821.3805,387.8394,-480.2608,1099.0756,451.42197,-555.9114,798.6843,542.07153,-482.3839,1164.1344,563.3154,-811.2164,748.3504,685.15643,-612.9286,1194.8221,588.11774,-892.27985,718.09534,721.7591,-633.2596,1176.5504,591.4129,-968.0921,720.73553,729.1978,-729.27856,1161.4602,586.9598,-848.36475,741.30566,721.2614,-654.89545,1032.2769,577.3292,-16.526957,918.84106,592.94727,16.816742,1048.673,742.2516,-636.1136,898.74023,725.2481,-711.5979,1026.5192,922.2203,-162.92465,873.91565,916.53955,-297.44965,1017.00024,943.2223,-131.08914,880.0402,937.1545,-267.3291,1035.6876,1006.76514,-418.65363,856.73047,1012.2165,-539.8839
side_bend_end_18172_flipped.jpg,1050.1188,295.17157,-837.5822,1065.9336,279.98758,-801.76917,1072.5339,282.62604,-801.74475,1079.3575,284.98978,-801.73035,1045.1577,271.9177,-810.4878,1037.7084,268.18073,-810.19934,1030.2462,264.64142,-809.67145,1079.6803,292.29312,-545.8629,1012.24835,264.25674,-574.84094,1051.538,317.00983,-736.32385,1026.2109,306.08603,-744.9847,1095.8945,397.73395,-369.06824,903.95776,333.63406,-354.2236,1128.7366,543.16534,-355.5242,831.56805,446.04056,-197.05946,1172.9364,683.67566,-500.5651,757.71136,560.2497,-356.3373,1197.9481,714.9085,-538.4299,733.3502,587.2522,-403.21777,1192.7003,721.5096,-610.1982,743.96985,587.7123,-482.14554,1175.4371,715.2981,-532.87775,760.1001,582.1756,-388.7741,997.9541,605.97784,12.3756075,887.23444,597.45087,-11.974158,1028.3915,707.40204,-687.9479,877.46106,715.99945,-680.3538,1055.482,907.23694,-389.81424,888.70245,931.1324,-388.8592,1052.3284,933.6108,-372.95456,898.03357,957.6153,-373.32343,1064.979,996.79517,-662.01196,895.4459,1028.3867,-661.6475
side_bend_end_19021.jpg,820.0095,411.12628,-730.0673,818.47656,380.3048,-723.96545,824.9196,374.49445,-723.8861,831.48047,368.48465,-723.6964,801.03564,392.87775,-695.3893,794.7277,396.0479,-695.1615,788.4762,399.47333,-695.0199,851.8556,352.8173,-581.1649,793.0313,393.68393,-445.53473,846.2089,410.73172,-670.5044,824.9675,425.6547,-630.90204,977.8541,379.91846,-472.69525,801.1122,472.5119,-223.10791,1075.8867,517.15265,-445.87347,803.1387,629.0937,-186.11888,1124.8131,660.2052,-592.0038,778.21014,773.3484,-371.6406,1151.6356,689.7927,-662.5739,761.39056,812.38916,-395.4462,1129.2881,702.6294,-709.91504,764.6821,817.8549,-475.27063,1115.7089,694.81494,-612.3408,782.5182,804.25854,-407.58273,1037.4221,636.7526,-90.18581,929.7936,656.29663,90.47242,1053.7935,741.32153,-804.0523,782.9691,745.9781,-467.69626,1010.4346,953.94977,-386.48022,798.60223,946.55865,-207.16219,1006.29663,980.9352,-349.04623,827.2777,976.23315,-188.12146,983.48944,1032.7568,-552.088,737.7885,1029.9303,-367.25894
side_bend_end_19021_flipped.jpg,1099.0188,409.40146,-816.1756,1119.256,394.70938,-789.61505,1125.0178,398.9976,-789.60425,1131.0417,403.08038,-789.7076,1102.0709,380.21115,-812.2277,1095.2996,372.95517,-812.0476,1088.4974,365.89767,-811.75574,1126.9762,400.50436,-547.32007,1067.8772,349.78424,-650.7597,1092.2772,425.20856,-713.7645,1071.2191,405.5602,-744.2365,1122.0665,472.2608,-360.33582,935.7572,374.85123,-463.32367,1132.1781,643.1299,-326.6154,849.1448,512.29803,-370.83243,1147.1857,792.34705,-502.0257,806.6935,657.78937,-518.4315,1158.947,832.0669,-548.37805,783.8282,690.59644,-584.2388,1151.7784,829.27356,-604.3529,802.26227,696.77386,-652.92694,1138.8054,816.26013,-530.01605,818.3509,689.0483,-545.8163,1009.68726,660.3462,47.740818,898.8375,649.4736,-47.09102,1102.802,706.2211,-673.87994,885.71936,750.4881,-699.4537,1139.3622,931.8482,-501.25757,895.3975,951.27014,-445.3657,1125.4706,960.9788,-490.19016,902.9944,971.37317,-429.19238,1187.8639,1038.807,-744.30865,894.73193,1051.2706,-675.9322
side_bend_end_22782.jpg,1250.6039,381.81277,-826.06244,1268.2511,375.31445,-782.6835,1272.7549,381.56628,-782.5619,1277.5966,387.8047,-782.73236,1253.0906,356.9475,-792.90845,1246.9713,349.32632,-792.82666,1240.7256,341.87793,-792.64197,1265.7231,399.65756,-555.74176,1214.7317,337.28516,-597.261,1236.7856,408.79977,-743.8557,1216.074,382.66583,-755.32794,1201.3091,530.44885,-468.39816,1055.6962,358.43423,-486.0914,1157.1267,702.6046,-516.4683,908.76166,438.69806,-442.5505,1122.2285,867.46094,-646.0285,790.1073,549.7067,-593.047,1126.1449,920.0539,-676.40405,749.5658,567.28766,-641.7491,1110.6016,914.26306,-736.4455,767.69293,587.4203,-700.0131,1099.017,891.96594,-675.41895,788.387,587.956,-619.4443,999.27545,664.76904,26.058765,885.02893,599.3531,-25.767426,1077.7957,787.3918,-490.40417,757.4145,669.171,-796.19415,939.6864,846.1108,40.73634,790.7968,881.44946,-234.03705,908.8787,842.59106,91.83913,804.10284,896.1491,-178.17351,928.8689,923.5886,-54.28257,792.0645,978.11255,-351.4171
side_bend_end_22782_flipped.jpg,669.7775,390.2907,-563.62756,668.30817,362.1905,-530.9066,674.9724,354.82993,-530.8039,681.6732,347.1709,-530.5575,651.8462,381.34833,-510.02667,646.5165,387.48694,-509.91864,641.3185,393.86566,-509.97305,711.1523,338.28146,-362.27576,654.8558,400.50534,-265.74014,706.72723,391.6591,-506.9193,684.7625,415.9836,-478.31076,862.20215,361.61594,-249.3013,715.547,527.981,-208.18346,1007.23755,434.93634,-169.81177,765.1473,699.62897,-261.73206,1129.3937,548.17896,-241.48924,797.7737,864.0562,-371.66452,1169.0992,561.9216,-272.0307,797.38214,915.8548,-389.02673,1155.6016,586.8586,-322.44797,803.96014,913.71484,-445.19495,1138.6969,587.31055,-262.72028,816.5593,893.19745,-398.32336,1028.6768,617.9571,-13.264068,916.3101,680.71326,13.595562,1142.5022,681.4509,-668.9053,792.7413,730.2379,-520.11176,1117.8861,898.29346,-195.3141,919.44794,873.02423,-121.349884,1100.9067,918.9878,-147.58284,957.34814,882.3969,-90.64961,1137.4998,992.40594,-338.10803,921.7666,970.55414,-283.5287
side_bend_end_24120.jpg,1204.9072,458.35422,-899.46924,1225.4796,453.30038,-861.82996,1229.1371,460.05295,-861.81085,1233.1115,466.8704,-861.626,1215.197,433.88754,-878.10815,1211.3984,425.69077,-877.9494,1207.4825,417.6128,-877.8723,1225.2053,473.12607,-622.77704,1190.2202,407.7493,-696.22144,1193.3229,478.9686,-808.403,1178.4158,450.63428,-829.7284,1165.526,556.1796,-418.8324,1056.7449,405.84406,-641.76746,1110.3386,697.353,-448.61768,916.448,495.4554,-685.7233,1086.6698,846.9851,-614.03735,833.131,609.81085,-799.41644,1088.6431,899.0248,-640.5764,795.51624,633.37067,-880.196,1078.3323,892.7122,-708.8459,822.2474,657.71027,-903.753,1068.6053,871.7979,-648.1203,835.78906,651.16284,-810.8419,961.8196,656.53394,87.160126,877.3288,597.1777,-86.67785,1022.363,767.8703,-279.7793,867.3749,763.886,-523.2089,898.8838,925.0493,-26.139606,790.0791,961.58264,-271.5563,862.6924,939.6417,-7.464351,768.1866,981.5305,-253.4416,903.0607,1016.537,-170.71155,794.60046,1060.4662,-450.63928
side_bend_end_24120_flipped.jpg,724.41205,454.93576,-851.795,710.6183,428.8363,-833.0508,714.94824,420.07513,-833.10614,719.28827,411.1623,-832.98883,697.8828,451.2889,-815.1977,692.9674,459.03897,-814.9652,688.1841,467.05637,-814.70886,737.02344,397.36362,-654.2286,693.406,473.8119,-565.1122,754.002,446.0329,-782.1274,736.5653,476.05673,-755.736,876.00494,394.00876,-574.3575,750.53955,551.85315,-369.57388,1016.3332,478.4809,-613.4598,809.792,695.2722,-415.35443,1098.173,609.6732,-788.65704,839.5633,844.71533,-568.82294,1132.0886,631.7654,-869.431,835.5441,893.72876,-589.7657,1109.9021,653.02905,-899.78156,842.41766,893.22687,-663.1062,1096.6149,647.07587,-806.37225,851.21014,874.60144,-603.8677,1042.1858,597.1267,-72.80043,947.969,652.2698,73.00025,1092.4906,709.24524,-801.4006,847.7964,746.55554,-481.11557,1095.7692,916.14514,-403.32065,910.4464,909.6723,-168.71786,1093.2516,938.4876,-371.92444,939.28436,927.84534,-147.01353,1101.0851,1004.5767,-613.45276,886.0407,998.5558,-355.66196
side_bend_end_24434.jpg,1170.9714,416.87497,-1029.6718,1188.9908,418.5552,-992.2593,1191.8179,425.30338,-992.085,1194.9722,432.0129,-991.9677,1180.1388,400.08545,-1000.63007,1177.2592,393.13385,-1000.4559,1174.2467,386.33505,-1000.15375,1187.7084,444.9029,-732.01404,1159.347,383.16882,-771.08813,1158.3546,439.33817,-928.79297,1146.7509,413.88058,-940.8696,1140.2406,534.83466,-505.6168,1019.45825,394.84528,-609.7588,1110.8373,683.5529,-487.91382,893.3115,486.41327,-551.31586,1092.2192,831.95886,-629.55914,805.44305,611.94867,-676.0652,1096.2717,880.40594,-663.6502,772.5039,637.9198,-747.4964,1084.184,876.1033,-733.82227,793.8175,654.95746,-796.009,1074.5204,857.7792,-663.08014,808.3042,647.10077,-696.9895,968.0989,650.12463,49.697166,873.7763,603.5815,-49.4302,1024.6543,763.4797,-423.752,830.01935,760.4923,-636.3229,980.198,973.88763,-86.98509,810.5756,952.57477,-199.01884,956.22845,1000.2616,-63.116714,807.31433,972.0332,-165.8494,1004.52277,1068.3202,-309.43863,813.11176,1046.2303,-399.60672
side_bend_end_24434_flipped.jpg,758.4535,419.07935,-882.67194,743.2917,398.35626,-852.2558,746.1913,390.02765,-852.3219,749.1284,381.5046,-852.1974,732.9561,421.00662,-844.88086,728.673,429.26727,-844.61304,724.4896,437.6717,-844.44244,761.7371,371.34537,-635.63464,727.1773,448.22464,-589.31525,783.8779,412.14914,-799.61707,770.707,441.51328,-785.20703,902.94037,379.17184,-499.22922,767.8148,528.33167,-367.22168,1034.6853,481.59906,-485.18445,812.21576,674.8407,-370.99985,1114.2781,614.7305,-645.669,825.06555,821.9185,-536.14996,1145.387,637.8908,-722.33575,815.66614,868.24506,-564.39197,1125.3224,660.2228,-764.8801,824.4542,870.41125,-647.2801,1111.4114,654.0125,-667.42993,837.84906,851.9266,-572.5412,1044.6517,603.11694,-59.018604,947.4983,656.2191,59.244797,1090.0999,724.56036,-719.9036,868.71704,784.7445,-559.839,1095.9971,941.84485,-331.79736,917.84436,968.107,-285.84103,1090.4276,966.2713,-300.49963,943.28973,986.17163,-267.25656,1116.5977,1032.766,-548.86176,905.9238,1062.7489,-501.61932
side_bend_end_25007.jpg,744.92566,309.10236,-647.58716,749.3603,282.11688,-604.54596,757.60754,276.66876,-604.595,765.9492,270.98557,-604.35803,727.707,297.1048,-593.67834,720.3746,302.2386,-593.38,713.122,307.62823,-593.30524,794.0685,272.35446,-394.86844,720.3304,320.6611,-337.07703,778.7366,320.1453,-575.942,749.8627,339.54852,-558.4294,928.3603,332.81107,-264.53214,741.7324,463.0754,-259.57812,1051.397,430.85834,-191.6589,754.29565,641.7563,-321.5169,1136.7882,575.4712,-325.58307,743.9227,805.2134,-438.71973,1171.8656,600.02057,-367.10687,729.01416,850.9975,-452.54703,1150.6744,619.93604,-421.9467,732.8339,854.52954,-522.7038,1133.8413,616.46234,-348.96204,751.02264,840.21405,-469.56265,1014.3385,614.1886,-6.1168942,888.7941,652.98663,6.370472,1114.1472,721.9478,-748.8881,793.6418,684.8357,-783.52185,1024.5162,914.12256,-252.15108,823.6985,892.2346,-488.5013,1004.53436,925.6745,-205.02446,846.2038,918.51965,-467.43542,1007.45874,1012.3881,-410.8886,800.2117,978.45404,-705.03046
side_bend_end_25007_flipped.jpg,1172.5115,299.62845,-700.8668,1190.171,289.46597,-659.93396,1196.8632,294.44263,-660.05786,1203.8948,299.3222,-660.34894,1169.8062,275.90222,-664.56165,1161.95,270.66922,-664.4684,1154.0023,265.61923,-664.03644,1199.3344,317.94263,-445.30118,1132.1857,273.1168,-460.93448,1169.0562,332.7403,-621.7078,1141.7368,313.94867,-626.3158,1178.3092,469.4976,-350.64377,988.5813,339.38654,-300.78143,1170.3245,653.73553,-364.95453,861.5125,445.1967,-195.32323,1175.46,819.56146,-520.425,782.3805,580.693,-360.48523,1184.7189,870.4254,-568.41266,752.78217,612.7784,-409.3288,1172.222,865.066,-625.06433,772.6467,616.99884,-474.66733,1159.7753,846.65826,-549.1273,789.4026,611.61316,-389.20718,1026.3986,648.5844,-6.208505,905.2994,619.91345,6.4563212,1132.5482,658.53937,-622.92,796.4711,696.4056,-606.386,1100.2488,917.3654,-307.15167,867.54877,904.70544,-153.52057,1080.5365,947.5426,-283.82578,890.86945,922.1512,-113.13808,1122.0713,1028.0706,-546.52515,864.0614,1002.43787,-344.30658
side_bend_end_27476.jpg,899.3089,308.8842,-939.27185,911.40314,281.8421,-921.15784,919.6548,280.1326,-921.26965,928.00616,278.23923,-920.96655,889.82855,284.4248,-911.32556,882.46857,284.14438,-910.9437,875.02563,284.07068,-910.7271,947.0682,273.62253,-701.1976,872.99854,280.74774,-647.3446,919.12646,320.5992,-849.37537,892.1819,323.45813,-832.6609,1034.0057,340.06482,-477.41635,831.6169,376.08322,-480.58765,1107.7659,453.78864,-471.994,799.37274,525.79205,-465.84238,1175.9457,562.4391,-723.6875,741.45087,661.80695,-604.32166,1205.0591,585.4584,-788.29913,713.1326,693.8041,-635.67426,1195.5669,588.1882,-875.3123,713.6634,702.59845,-731.4236,1179.7195,588.01624,-762.7831,734.90533,697.8476,-646.5122,1029.8741,593.2735,6.8663626,915.0213,604.276,-6.340934,1035.1078,764.11755,-522.03925,928.26587,717.1727,-780.18225,1031.24,929.1542,-127.04075,861.3269,906.3806,-466.047,1029.5402,946.9822,-103.17394,855.7786,927.2813,-444.5338,1012.0888,1015.45447,-399.1358,850.15845,993.2275,-708.5452
side_bend_end_27476_flipped.jpg,1022.60364,302.25046,-901.68774,1032.0559,279.68033,-868.51685,1038.975,279.44678,-868.56995,1046.0659,278.95773,-868.5331,1009.6259,278.36566,-880.1604,1001.2771,276.82626,-879.87445,992.9242,275.462,-879.3544,1048.4211,279.7828,-615.78436,974.57623,274.3768,-654.76935,1029.521,319.2146,-799.0353,1002.93787,317.4886,-810.3243,1085.0461,381.48654,-436.0679,887.46027,344.39105,-430.05615,1123.2646,528.5537,-461.7312,819.5953,459.4453,-326.41055,1175.2598,664.00824,-644.4182,744.2373,562.81934,-497.77112,1202.8208,693.6335,-695.9383,717.22864,588.2888,-541.4343,1199.5713,698.63873,-767.0806,725.10645,586.5823,-625.0104,1181.125,693.3654,-677.95245,742.1902,581.466,-531.3221,999.4752,603.15424,2.6603816,889.2393,599.9133,-2.09561,1014.25977,721.1233,-727.54315,870.7685,734.8081,-661.44293,1060.7257,906.2986,-418.31256,895.59045,929.8187,-310.32867,1059.7843,933.76355,-402.20438,909.1179,954.66223,-289.27893,1081.9237,978.01654,-701.9217,900.1819,1015.8265,-570.108
side_bend_end_283.jpg,1237.7694,361.32358,-799.8217,1257.3373,351.42255,-761.0186,1263.0765,357.54727,-760.9848,1269.1244,363.66483,-761.169,1239.3949,333.334,-770.51556,1232.1707,325.65002,-770.50507,1224.8336,318.15088,-770.2065,1258.5454,376.0742,-543.4731,1197.8208,314.42023,-577.36035,1226.2246,390.4112,-718.9515,1201.6772,364.89557,-728.4901,1204.2654,515.9445,-453.30252,1039.4496,348.9002,-429.7511,1155.6089,698.259,-482.05975,896.8428,451.13867,-348.11298,1122.1603,866.7838,-593.46814,769.86755,550.1605,-476.15665,1124.1661,919.78546,-614.72375,728.75964,568.92065,-499.6062,1112.2974,914.6274,-680.2198,738.4042,579.99713,-576.1807,1101.0402,892.57086,-622.38934,760.8855,583.487,-506.5928,1011.35876,669.0266,-1.4293919,895.36725,605.78955,1.8522415,1076.075,783.783,-550.5232,771.7047,678.69116,-682.34033,971.6484,904.69586,-72.11714,804.3741,890.6738,-205.55667,945.0326,912.9153,-27.653696,820.6251,909.9567,-159.46042,976.09717,986.27637,-198.11404,800.35266,985.1047,-338.75345
side_bend_end_283_flipped.jpg,684.16846,364.467,-642.20874,684.83734,337.24893,-601.6824,692.4032,330.11978,-601.74133,700.0464,322.73187,-601.584,665.97253,356.2644,-587.07104,659.9236,362.6566,-586.8159,653.9754,369.30725,-586.8478,729.8764,318.14398,-404.3512,666.0306,379.85822,-335.6943,721.7681,369.01987,-574.319,696.82947,393.54327,-553.7343,880.18463,361.8545,-225.97186,714.7462,515.13165,-265.88574,1024.2606,444.1568,-72.6607,758.86237,688.89246,-294.36398,1147.2574,544.0053,-127.97233,796.11884,854.0759,-378.51907,1183.4548,554.99426,-139.1497,794.61597,902.1411,-389.21893,1175.7407,568.4212,-204.3455,798.77856,905.9213,-458.8652,1159.8313,571.5427,-152.19446,813.7201,889.16077,-409.90784,1011.4941,611.68774,16.234665,890.7302,675.68945,-15.973066,1158.9454,704.08734,-659.82104,835.329,720.82983,-765.35266,1132.3127,910.5423,-178.70557,930.7096,897.0665,-418.09302,1110.5352,928.55035,-135.62776,953.9442,910.9455,-396.50897,1170.0579,1005.9087,-356.24054,959.03735,988.1162,-637.3082
side_bend_end_28690.jpg,801.42194,371.49805,-658.7637,798.76984,345.5155,-626.3213,805.09985,338.98965,-626.4284,811.5479,332.3072,-626.39575,780.5024,362.34818,-611.2869,773.92126,367.83902,-610.96765,767.39075,373.4908,-610.8964,833.50757,326.22388,-423.9191,772.3129,380.99057,-353.517,831.1311,374.6448,-584.9908,808.2023,395.42993,-564.28503,967.28394,376.13638,-319.00537,797.2902,471.87454,-151.74995,1078.3112,500.69592,-270.42307,812.23004,609.84155,-152.88033,1126.6475,642.08057,-421.05923,803.3564,709.96686,-458.34616,1150.6102,670.7738,-476.16028,796.8956,739.9242,-527.144,1128.0093,681.6806,-525.1946,798.0578,734.8293,-577.9408,1115.5807,673.21814,-440.5467,808.4137,724.17285,-487.9677,1035.7623,629.45337,-56.325222,920.6075,648.607,56.863045,1087.4995,753.129,-741.3402,779.0363,730.0797,-615.98926,1031.4816,955.06824,-261.20053,791.57605,935.56744,-330.34354,1019.319,977.27234,-219.84537,823.58875,967.1613,-313.01138,1024.8374,1040.0912,-446.25082,728.3628,1018.7918,-544.22906
side_bend_end_28690_flipped.jpg,1120.1593,375.19073,-625.62335,1138.4152,367.35815,-590.44183,1143.5428,372.84225,-590.35834,1148.9707,378.20724,-590.41986,1122.9557,351.81033,-604.9185,1117.162,345.4652,-604.9297,1111.3324,339.30453,-604.79877,1143.1289,388.69662,-347.06915,1092.564,336.8956,-408.78488,1113.0752,400.09943,-527.878,1093.4326,379.40958,-546.3817,1119.526,487.54346,-156.4836,960.97437,379.87494,-258.57422,1118.0985,630.91345,-121.781784,852.59357,491.9331,-126.54898,1134.7444,712.3474,-401.02658,789.79895,637.4315,-281.082,1141.3286,737.2147,-479.55835,766.13446,666.0409,-330.6924,1140.5054,722.39984,-522.58765,786.8895,672.697,-397.81497,1133.0985,713.43585,-430.35977,801.4499,665.1633,-307.55527,991.3257,661.97504,46.864586,880.91785,643.93744,-46.531105,1125.2363,685.9066,-564.37024,833.6701,749.8795,-679.55115,1139.9296,916.58716,-417.67737,875.9076,955.86523,-381.16086,1116.01,955.45844,-410.50665,885.1211,977.9142,-356.43616,1211.3938,999.36365,-636.5881,894.91235,1045.2175,-569.9913
side_bend_end_29372.jpg,748.68866,301.0478,-607.0106,752.7535,274.9625,-566.0519,760.93066,269.64417,-566.15344,769.2258,264.05176,-565.94824,730.8054,290.14536,-558.30786,723.22815,295.51633,-557.99817,715.7318,301.1072,-557.9645,795.9876,267.59042,-367.24042,720.9498,316.54184,-323.23517,781.5826,314.0689,-538.6057,752.9027,333.27634,-525.23083,930.843,332.09616,-252.63991,740.86774,459.8174,-240.96509,1050.1943,436.3557,-180.75255,747.8667,635.4342,-291.67886,1122.1387,587.2457,-294.02277,731.33966,796.21063,-402.0364,1154.0817,613.9333,-334.56406,712.1404,840.3117,-418.22974,1131.7445,633.8032,-389.44757,720.3476,843.3002,-487.90442,1115.957,630.3991,-316.57623,741.2101,830.06506,-433.2273,1013.0267,610.4409,-7.4163027,884.495,649.6342,7.5825477,1126.321,706.3407,-723.3962,767.4416,685.0305,-756.0112,1048.376,896.6865,-225.20387,808.56213,905.3676,-501.8051,1028.903,908.9238,-178.31967,836.11365,937.30194,-484.5587,1033.7552,996.8064,-383.56088,779.3917,988.7322,-733.48
side_bend_end_29372_flipped.jpg,1165.0233,294.10083,-855.49084,1181.6057,283.943,-814.17365,1187.977,288.1733,-814.0928,1194.692,292.30774,-814.28107,1161.4563,272.22873,-818.2439,1153.9719,267.64606,-818.1547,1146.3877,263.29208,-817.7922,1191.7345,309.67358,-581.39124,1125.9365,270.34155,-596.9333,1162.8557,325.3909,-769.29913,1136.4982,308.92178,-773.47424,1174.5164,462.95502,-479.93948,988.7962,340.7938,-436.9499,1180.7001,642.2295,-518.73157,874.6158,453.09848,-319.08026,1194.0427,799.37915,-655.70013,799.61334,591.1056,-466.3316,1209.6747,845.9991,-698.9013,768.761,623.7521,-516.1362,1197.3856,842.08826,-755.70557,791.04834,631.94165,-579.3628,1182.4049,824.60834,-683.0678,810.3302,623.87695,-493.211,1025.1406,646.25696,6.3720274,903.8711,615.48517,-6.109238,1143.488,724.93713,-642.9753,815.88855,716.84216,-742.83563,1110.8778,917.40894,-153.66737,872.07806,899.8985,-122.460266,1085.9598,944.45435,-113.06203,890.12756,917.5916,-67.00784,1164.8276,1001.6933,-353.03806,877.01654,984.9955,-281.4002
side_bend_end_29799.jpg,775.9317,277.4027,-716.5652,786.24976,254.28123,-671.05865,794.83655,250.9855,-671.17725,803.5308,247.40591,-670.9481,763.6105,264.97275,-663.3637,756.29095,268.804,-663.05115,749.0683,272.87802,-663.06335,831.53577,257.32645,-455.88394,755.0159,290.83136,-418.09384,806.995,296.78955,-644.217,776.82916,310.21585,-632.5777,954.74884,339.81357,-296.2211,761.4576,450.35767,-348.43842,1061.3329,447.2887,-150.88214,758.8964,629.375,-420.02368,1136.588,595.5976,-239.10709,745.1963,789.2428,-528.1117,1168.0479,621.7829,-269.48306,728.16754,832.1604,-547.3579,1149.8838,637.83734,-338.92947,735.77203,835.1114,-617.94666,1134.1315,634.2517,-267.248,756.63403,822.44354,-559.7922,1015.6948,613.3769,7.3682604,890.5547,648.04254,-7.148709,1115.584,708.45593,-778.2219,787.863,703.7748,-780.7826,1036.5991,898.42633,-191.90627,831.6645,907.86456,-365.70108,1016.56744,915.08484,-139.70294,855.8399,933.2145,-335.27798,1029.474,982.7309,-349.77542,807.1599,991.54706,-591.19507
side_bend_end_29799_flipped.jpg,1141.3202,275.78183,-633.95703,1156.9386,262.7381,-590.75836,1164.4315,266.37686,-590.8871,1172.2437,269.8619,-591.15753,1133.8267,252.95924,-594.9114,1125.0321,249.27605,-594.8112,1116.2352,245.78438,-594.3626,1170.7382,289.08545,-373.95016,1095.0005,256.7429,-384.0988,1142.8262,308.80484,-554.55493,1112.2509,295.14407,-557.8481,1168.9171,445.4467,-291.47565,966.81726,341.29797,-217.88147,1168.8091,626.0033,-316.0369,853.36804,454.6582,-108.970406,1181.6936,795.08606,-469.37463,784.751,593.5372,-277.7765,1197.5057,845.13446,-511.08157,757.5849,627.4132,-320.82675,1183.4025,845.18384,-570.68787,776.6755,631.35895,-387.7855,1167.5192,829.3333,-497.70428,793.0047,624.794,-305.38394,1034.7686,646.2102,-21.89105,913.1669,623.4596,22.108383,1108.1406,668.5943,-705.72205,815.2478,696.8543,-672.82117,1105.2971,919.49554,-471.23236,883.0836,925.51904,-346.93454,1094.35,946.3571,-455.909,908.2361,947.1118,-321.8072,1119.3865,1030.6307,-724.1288,876.5345,1023.398,-575.6653
side_bend_end_30164.jpg,765.126,306.9055,-762.0852,768.78735,280.30432,-712.4584,776.98157,275.44128,-712.5205,785.28235,270.31638,-712.1642,746.6093,294.24194,-710.3699,738.8511,299.14883,-710.1256,731.1907,304.2432,-710.31384,809.8342,273.5104,-473.58426,733.98975,318.38254,-458.80362,796.3843,319.80737,-680.08856,766.87195,337.83542,-674.94604,936.3089,336.3354,-317.80115,745.3628,462.01526,-400.5823,1052.1707,432.9325,-238.90521,753.8301,641.8128,-481.28357,1121.8527,588.2143,-392.4911,743.3146,803.5943,-586.97217,1152.3445,615.92236,-444.00946,727.72955,846.66986,-614.4161,1132.1489,634.7079,-500.32373,733.2598,849.1784,-687.55554,1116.4725,630.5529,-418.87915,753.17816,835.20654,-619.2995,1014.93713,611.6177,23.43522,888.66534,652.03015,-23.044855,1110.1621,716.73175,-713.9284,803.63684,693.1949,-795.07477,1041.2479,885.95166,-94.5467,844.364,885.07983,-338.57593,1024.0717,896.4783,-39.056427,865.816,906.0355,-302.86517,1038.1245,983.9356,-253.12265,832.558,974.9225,-555.91187
side_bend_end_30164_flipped.jpg,1148.323,301.93677,-727.96515,1168.3003,290.29578,-693.3919,1175.7811,294.9421,-693.38306,1183.567,299.46786,-693.548,1146.9022,277.8283,-695.2401,1138.9316,272.96838,-695.1798,1130.8945,268.3093,-694.8059,1185.1147,318.28452,-483.1328,1113.4082,275.83148,-482.838,1149.8395,333.8992,-647.40497,1120.7666,316.33215,-647.2372,1174.487,464.7095,-374.34445,986.5282,339.05234,-321.22482,1173.4672,647.43695,-398.46274,871.0377,444.41348,-198.37407,1182.276,814.8178,-528.78253,798.3858,582.64856,-342.9921,1196.8121,863.98535,-564.7505,770.32166,613.6442,-387.145,1182.9985,861.4922,-623.7123,790.15375,621.31384,-450.14398,1168.0842,844.6088,-557.2219,806.99536,615.9266,-369.7652,1024.6598,645.9619,-16.594007,910.936,612.7266,16.590033,1107.2804,686.5551,-692.39514,815.255,710.98627,-632.4701,1101.8599,897.3629,-419.14874,887.6727,911.22174,-275.7142,1089.176,921.084,-398.2688,910.2855,931.5158,-245.78009,1123.2559,992.21344,-630.8443,883.5784,998.21027,-463.8504
side_bend_end_33265.jpg,1170.5353,424.34918,-904.9006,1195.4167,424.9324,-887.0686,1200.1273,432.95294,-887.0868,1205.1396,440.93915,-886.9801,1184.077,404.8176,-882.02216,1180.4453,397.18753,-881.871,1176.655,389.72202,-881.64026,1205.1954,459.34036,-690.8117,1167.0527,390.0952,-667.1327,1163.657,451.4443,-824.62256,1147.906,423.26135,-817.9289,1164.385,556.6197,-487.0562,1046.218,393.6953,-538.36694,1105.9976,697.8307,-466.78098,917.7651,472.50037,-457.65723,1070.849,838.4464,-555.58276,820.47894,578.62286,-566.4125,1071.3728,884.68646,-569.8078,784.2058,597.92804,-623.65295,1062.1797,884.1108,-634.42377,804.4561,618.40424,-673.849,1052.4058,865.222,-584.77844,819.6983,617.86084,-587.79004,981.0778,657.51794,23.089323,890.91345,596.50574,-22.92764,1028.9952,720.3447,-439.19244,832.1475,699.91315,-657.6203,963.7278,896.87476,-160.7202,812.7499,918.1377,-378.33255,940.6747,915.58014,-138.18564,812.6956,940.83856,-352.81772,969.6061,992.40686,-309.75516,801.5109,1023.3508,-530.6766
side_bend_end_33265_flipped.jpg,755.72943,434.81558,-948.7488,741.1807,409.88367,-921.71344,745.4127,402.26685,-921.8415,749.6382,394.4909,-921.6641,727.4317,430.16232,-918.3402,721.56866,437.46335,-918.17883,715.8146,444.8953,-918.1631,759.74695,384.47415,-703.6413,712.4991,453.36255,-681.9486,779.6249,430.85883,-862.9662,761.9817,456.85312,-855.9643,879.70294,386.54425,-559.16534,748.9508,539.0013,-490.64536,1014.8379,478.528,-569.0813,807.2906,682.9306,-542.4061,1110.7134,597.51263,-753.2101,840.74646,830.71277,-703.57825,1145.7024,617.1656,-832.6685,835.02716,877.0788,-737.9289,1126.3958,636.2893,-878.8578,845.7201,875.1876,-811.9554,1110.3345,633.2055,-777.49945,856.0506,856.45825,-736.3569,1026.7778,589.71173,-44.358177,934.7926,647.3845,44.85821,1104.8275,700.76917,-690.11,859.326,755.00024,-589.5257,1100.1935,899.6039,-268.5119,942.3192,902.6889,-233.34824,1092.8969,920.59814,-235.6203,970.6064,913.9494,-208.08337,1121.2838,984.1584,-467.94727,938.83527,989.2204,-431.8233
side_bend_end_33502.jpg,1167.2777,347.37817,-956.3326,1188.2911,339.2276,-920.28186,1193.8827,344.3976,-920.2356,1199.755,349.4068,-920.09265,1171.3163,324.31006,-928.84143,1165.4763,318.33664,-928.6346,1159.5143,312.52078,-928.23346,1199.3864,360.88776,-662.00085,1143.3116,309.31577,-693.4817,1163.053,370.98297,-854.7234,1141.6788,350.83417,-863.8466,1184.3201,466.18753,-468.15924,1018.4231,344.82916,-514.2641,1178.0356,610.1024,-463.28934,902.82733,425.43854,-450.06873,1173.1793,741.72864,-629.62506,813.8431,526.61053,-600.14966,1183.932,779.34796,-678.9125,781.3443,546.1755,-652.4741,1172.3661,779.1967,-744.1363,795.1698,560.62744,-727.78735,1159.3278,765.41437,-661.5378,813.3035,560.49725,-632.0206,1026.5264,622.46173,29.99225,922.766,578.2755,-29.752611,1037.6655,772.0476,-584.9634,878.25653,714.65,-632.1583,997.3297,936.7278,-260.4553,845.31134,891.9905,-273.0677,977.62366,955.1306,-238.38763,846.4844,915.2333,-246.80017,1003.3003,1021.63184,-493.13187,825.1626,974.48694,-500.78275
side_bend_end_33502_flipped.jpg,754.22675,344.61374,-653.4483,752.85956,321.12003,-620.85657,758.95526,315.82242,-620.88275,765.11145,310.32642,-620.64667,734.08026,335.77988,-616.93036,727.3212,340.37238,-616.5742,720.6881,345.18524,-616.46375,781.2339,305.8156,-382.23398,717.4229,354.02017,-359.40274,778.6586,349.4717,-560.7351,755.65625,367.14423,-554.0587,896.0177,342.94034,-227.52472,728.7344,457.3543,-177.87013,1010.27435,423.0151,-183.91647,743.8897,579.64056,-137.17775,1104.7852,525.7079,-392.2161,751.00494,728.11475,-341.95642,1139.7555,543.45123,-460.18076,740.82184,769.0566,-389.6653,1122.6709,558.77637,-523.3006,746.7719,770.95337,-481.75793,1106.6929,557.4931,-421.8342,761.5504,757.5238,-384.01288,995.53174,581.1558,-22.25882,898.0619,634.411,22.864805,1022.8821,710.706,-765.2779,903.60944,745.5595,-723.28973,1062.6141,887.9279,-383.5933,911.0449,933.11053,-446.50458,1065.7919,904.7024,-356.97586,922.3933,951.3159,-431.82193,1070.2517,978.6496,-650.75134,916.0708,1020.89246,-704.28577
side_bend_end_33784.jpg,1255.9186,384.9782,-744.865,1275.0543,379.84692,-708.20667,1279.5657,386.61752,-708.0785,1284.4089,393.40552,-708.22107,1260.8955,360.2814,-717.2176,1255.211,352.214,-717.1919,1249.3826,344.32394,-716.8707,1272.8966,406.60092,-498.29602,1224.5933,340.55765,-532.9405,1241.1882,413.13736,-666.3927,1221.466,385.5278,-676.2755,1202.79,534.17456,-400.80167,1065.7463,357.8824,-393.67236,1145.7268,707.2673,-439.08368,919.24774,438.1864,-314.8623,1099.0619,869.7278,-559.30884,788.2142,535.9129,-450.38367,1096.393,922.25165,-588.1518,746.4316,550.637,-484.65048,1081.057,913.7379,-644.682,760.06665,567.03094,-553.3645,1072.8622,890.77344,-586.16534,781.46716,569.96796,-478.61542,1006.20966,666.6244,2.723618,896.80695,605.2179,-2.4862156,1086.808,725.0209,-602.6756,759.7278,677.74713,-709.9512,975.44574,895.3694,-247.97444,803.863,903.7156,-310.3539,947.24554,909.67847,-216.44019,820.87964,921.8215,-272.42856,975.0259,987.52716,-414.9984,807.0507,1006.2715,-460.70206
side_bend_end_33784_flipped.jpg,668.87787,391.85452,-610.56195,663.9161,364.1247,-574.7169,670.2918,355.96698,-574.63873,676.6938,347.53494,-574.38403,647.5223,385.6552,-558.53143,641.9839,392.90674,-558.3875,636.58624,400.3893,-558.46466,704.478,338.5946,-390.19196,648.0487,409.86423,-313.12454,705.8154,391.2086,-547.0292,683.8956,419.0124,-524.1232,859.35205,356.55936,-277.0218,709.2019,534.8086,-231.25687,1012.6292,433.60345,-191.20474,774.6552,700.33875,-266.44568,1136.2452,536.7284,-269.6821,822.14355,857.67377,-388.61197,1176.0408,547.9347,-303.9913,826.5753,906.8044,-408.11108,1162.7323,570.89325,-355.8133,833.27716,904.52264,-469.03375,1144.9692,573.34937,-291.50162,844.2368,883.5126,-416.27597,1025.6145,605.8575,-21.733953,913.54456,678.6401,22.007679,1127.802,673.3407,-702.1637,797.163,753.16205,-579.343,1110.5089,892.1536,-209.80763,910.2998,909.34204,-199.09846,1095.7941,911.0288,-161.45125,945.9449,919.167,-171.39014,1130.7788,991.10034,-367.13223,914.2229,1009.06104,-393.07474
side_bend_end_34820.jpg,1232.5262,354.97247,-769.3893,1253.0063,345.37766,-733.11884,1258.9283,351.3016,-733.0714,1265.1716,357.21265,-733.22363,1235.6188,328.63028,-738.7668,1228.7482,321.4794,-738.7047,1221.7366,314.5328,-738.3349,1257.8689,371.5494,-518.26636,1198.6063,313.70905,-534.4022,1223.3131,384.524,-687.9285,1199.3733,360.63547,-692.50073,1207.6261,509.74216,-411.7386,1048.9395,351.58246,-388.16193,1158.8718,686.9533,-445.91312,912.4485,455.77194,-314.96576,1124.9868,851.91095,-559.6729,790.2032,561.7275,-448.8732,1124.8528,905.9594,-583.6934,749.3177,583.58075,-480.60196,1112.6417,900.15155,-648.001,758.6967,594.3807,-556.3414,1102.0421,878.0932,-588.1893,780.9305,596.46466,-480.03323,1010.6172,665.9724,-1.6558626,898.9468,608.77625,2.0968275,1094.6914,729.1698,-680.90533,786.2757,672.1891,-696.6349,994.8635,924.4112,-248.09941,798.707,882.44836,-157.46054,968.26587,941.3338,-208.75587,814.3627,901.7802,-106.53017,994.9972,1031.5552,-423.7832,778.02716,980.8915,-300.39136
side_bend_end_34820_flipped.jpg,683.1176,362.52423,-601.13367,684.00464,334.83804,-559.655,691.5223,327.92148,-559.67053,699.07025,320.71716,-559.3613,665.2591,353.14954,-545.292,659.1704,359.13135,-545.007,653.20404,365.34616,-545.0346,728.9787,314.81046,-360.1755,664.4597,374.80765,-290.42404,719.8542,366.44583,-533.59705,694.6355,390.2968,-512.834,877.18964,351.01797,-220.21245,712.1957,511.42883,-247.14514,1013.5563,443.23376,-132.32097,765.8377,684.5618,-303.33685,1125.6841,557.6699,-211.819,801.8319,846.8663,-390.73663,1162.98,571.6023,-236.84956,799.99084,897.5733,-402.87274,1151.3328,590.023,-292.26102,806.05707,897.02026,-470.7407,1134.3403,591.60547,-233.91045,820.267,878.15314,-420.48364,1018.0115,609.7492,15.328123,899.6264,678.02057,-15.019852,1149.0651,684.7217,-681.0853,819.90137,725.1538,-784.76495,1117.7194,882.07764,-137.06845,921.15015,910.4679,-392.86624,1096.2898,894.5963,-85.72288,945.84784,923.93134,-363.24792,1148.8148,991.0686,-286.95163,945.6114,1009.8043,-602.2399
side_bend_end_34859.jpg,815.9039,441.44888,-996.7456,805.8412,411.90723,-1004.2609,811.12683,404.51566,-1004.3661,816.3008,396.978,-1004.2506,790.29834,429.45197,-976.08215,784.4066,434.7389,-975.8764,778.67145,440.3716,-975.60657,830.72144,376.72223,-861.07623,777.9329,437.2205,-727.96765,841.6693,434.49905,-931.52655,822.385,456.6057,-893.17633,955.9225,385.32727,-714.97107,793.5342,496.95004,-442.01404,1064.556,506.32834,-669.99274,793.8334,649.10077,-431.93027,1109.0188,645.6414,-774.58966,779.202,806.0473,-626.89044,1129.238,671.3297,-851.33295,757.8237,852.62256,-667.754,1107.864,685.15875,-887.3732,767.28,854.98376,-742.6387,1097.2615,677.0786,-790.1978,783.82965,839.80945,-664.5657,1068.1407,604.9118,-103.72737,959.5941,627.8322,103.72539,1047.2196,724.0446,-754.0175,832.9441,699.08856,-336.11008,1017.0593,956.88605,-556.5362,834.5537,860.96027,-100.148224,1014.9574,983.8856,-548.40045,853.6853,883.319,-88.419106,989.2098,1045.701,-848.24866,789.4557,939.0231,-306.00833
side_bend_end_34859_flipped.jpg,1111.0061,429.10297,-973.4523,1128.2756,420.43164,-951.2299,1132.4962,425.33652,-951.0791,1137.0311,430.14462,-951.06537,1115.447,404.54013,-965.3565,1110.6898,397.37433,-965.1212,1105.8785,390.38788,-964.7636,1132.9756,430.56415,-721.84985,1089.6715,377.32013,-790.02405,1103.6086,445.451,-879.40485,1087.7583,424.0573,-899.5295,1117.4686,509.43097,-520.71625,967.2413,388.34692,-590.82446,1122.4669,674.3809,-485.32007,856.2246,501.84656,-515.4202,1140.8328,826.1114,-632.8804,793.8897,639.7515,-656.6289,1154.5071,868.2348,-667.81116,769.38666,669.41425,-715.4591,1147.1182,864.3616,-726.46423,792.789,679.16833,-763.83875,1134.5674,847.36145,-660.55164,808.62146,669.03357,-676.9033,992.9778,649.5823,23.008745,886.49475,624.98395,-22.763422,1097.0067,726.997,-382.61526,815.49664,766.96344,-599.5582,1085.6627,923.13367,-143.2105,861.0367,950.191,-159.58656,1063.8091,953.4331,-127.03789,870.3703,964.2501,-120.70433,1129.5225,1000.4432,-325.727,873.4564,1050.5835,-286.9772
side_bend_end_37725.jpg,1250.7627,384.36234,-771.97156,1269.3044,377.81534,-730.66077,1273.6497,384.11707,-730.51447,1278.3352,390.42157,-730.706,1254.8032,358.9526,-742.1999,1248.9636,350.98065,-742.1152,1242.9935,343.20724,-741.8893,1266.1141,400.8831,-505.4853,1217.3524,336.9492,-553.41974,1236.4529,410.3167,-689.2593,1216.5552,383.4732,-702.76984,1201.1952,524.94727,-410.33176,1057.4648,353.31168,-430.2341,1156.1263,699.2076,-445.20145,910.6468,432.20242,-366.67044,1122.2937,873.0857,-585.8774,791.42444,544.1437,-527.45245,1124.5513,928.1694,-614.3807,750.5708,563.9793,-574.4834,1109.8289,921.64044,-676.72186,769.498,582.7897,-636.03723,1099.5527,898.2288,-616.0669,790.7084,581.7606,-553.96594,1001.4479,661.8143,24.136635,887.87396,601.2093,-23.851469,1094.4211,778.7803,-538.02,762.8216,674.03455,-752.1368,947.14575,852.2578,-60.51903,800.2347,882.749,-242.50677,914.7409,847.83875,-14.328149,814.5853,894.1127,-192.8262,939.98834,938.54156,-164.57578,805.95575,984.8298,-361.16412
side_bend_end_37725_flipped.jpg,672.82745,388.8416,-540.0084,669.0022,360.42935,-500.45975,675.3193,352.3844,-500.51318,681.7075,344.05493,-500.34268,652.77295,381.50528,-485.73303,647.4481,388.34576,-485.4701,642.2432,395.40558,-485.4965,709.0277,333.1658,-311.7768,653.7095,401.597,-240.33208,709.51184,387.59906,-476.2168,688.0805,414.38327,-454.8755,863.59796,357.10135,-180.8362,712.10187,526.598,-173.6906,1010.6321,429.56805,-66.17226,767.1208,697.41895,-200.51447,1125.0175,543.9119,-115.50757,803.6282,858.91254,-305.11966,1159.2723,557.4381,-132.20522,803.9533,908.13403,-313.98904,1149.4749,577.1545,-183.36613,807.73224,910.86,-381.18887,1133.7495,577.5888,-134.37108,820.9932,892.07495,-334.7326,1019.88043,612.69763,5.9763765,902.0046,682.8839,-5.6690288,1152.7295,684.491,-651.7171,811.723,719.822,-713.5413,1106.9102,901.9074,-144.58987,935.8787,888.30975,-367.46048,1081.2439,916.89514,-93.72568,965.9138,900.08795,-341.87,1136.2941,1011.05664,-289.13196,964.0345,982.058,-571.9412
side_bend_end_39705.jpg,1148.9152,330.9339,-926.7382,1167.9877,319.6603,-887.44946,1173.7357,324.00427,-887.4728,1179.7332,328.17468,-887.22736,1150.806,306.83267,-899.7177,1144.7194,301.4157,-899.4349,1138.5382,296.15063,-899.0978,1179.7825,336.55823,-626.1368,1122.2087,291.7966,-664.5793,1146.5923,352.32962,-824.522,1124.3395,334.77335,-835.7162,1178.2013,433.93387,-428.34695,1001.48975,343.43393,-536.9755,1187.487,576.8921,-463.35526,902.27747,472.99686,-555.6508,1192.4667,714.7812,-664.9355,838.8929,600.6869,-666.51807,1208.9186,755.64,-723.8606,808.84607,630.00366,-725.27673,1195.0145,755.39777,-792.86,826.19507,645.96735,-789.86865,1177.9337,742.677,-700.9219,843.2588,641.61993,-693.7276,1028.6683,621.29785,28.190685,920.0721,584.5031,-27.8671,1040.9265,758.7261,-618.45184,891.516,702.4193,-721.11383,1004.6846,926.13727,-243.06055,835.0492,883.1948,-333.11707,989.40356,946.3861,-216.87885,831.3248,905.54913,-305.09973,997.7743,1007.6946,-480.07358,818.11707,971.3744,-578.82135
side_bend_end_39705_flipped.jpg,772.83093,333.25943,-811.8187,772.6971,307.62653,-794.26935,778.9207,302.79254,-794.2994,785.2281,297.72565,-794.1692,754.9901,319.52417,-775.7578,748.68884,322.98352,-775.4678,742.4208,326.70142,-775.21686,803.62177,289.66006,-611.77374,743.31024,329.15216,-519.7316,797.9392,337.32812,-738.9121,775.70667,351.93774,-711.75604,924.0492,338.67245,-490.97876,748.11554,421.97775,-302.04605,1017.47626,472.715,-480.3623,748.7876,561.714,-237.55043,1082.3501,616.88007,-602.0712,737.366,707.56244,-382.57645,1111.6908,644.80505,-665.1812,720.98645,746.0983,-396.88165,1093.4437,662.08813,-713.3796,727.6054,753.3154,-486.25607,1077.9156,653.96533,-622.35706,745.8988,741.2285,-420.41025,998.54956,577.7035,-57.42398,896.84406,615.9193,57.635925,1024.5706,717.7774,-706.8155,880.8465,762.13104,-556.53156,1069.2565,901.1288,-300.3426,911.42596,931.8414,-168.34616,1073.4564,921.7105,-269.7666,929.7302,947.7246,-139.6947,1087.0327,986.57,-534.39056,904.8396,1023.24634,-371.4539
side_bend_end_39977.jpg,1238.8959,377.04968,-824.99347,1258.4358,372.14362,-789.0531,1263.0426,378.9312,-788.9103,1267.9618,385.68903,-789.10846,1243.5952,352.79123,-798.97205,1237.7675,344.9459,-798.9523,1231.831,337.2606,-798.7557,1257.388,398.57593,-568.9508,1208.0182,332.87128,-608.216,1225.1028,404.33926,-742.5536,1204.8898,377.18936,-753.5078,1199.4126,522.22675,-461.5355,1049.6007,352.39783,-480.05127,1158.232,694.9674,-494.8257,907.8895,430.14532,-395.99164,1119.4027,866.2652,-620.5027,785.5679,536.97876,-532.96014,1120.4103,923.7245,-651.12305,741.8722,553.60144,-573.065,1100.6769,915.6013,-714.0514,761.10236,574.6303,-637.8301,1088.8944,892.1018,-650.0181,781.26587,576.3092,-560.11615,1005.5833,662.4452,24.621635,889.34186,598.66766,-24.246405,1104.9705,800.01355,-455.53653,753.4683,651.9511,-715.47906,918.4644,817.3671,-62.614483,802.21674,912.48566,-422.84702,886.6109,804.9227,-22.581554,817.4906,930.66327,-391.99377,896.0565,875.40424,-154.27217,826.92255,1021.432,-586.8505
side_bend_end_39977_flipped.jpg,682.3212,383.1866,-680.3201,678.9878,353.92026,-646.51654,685.9046,345.86758,-646.5101,692.8489,337.57236,-646.2782,661.3123,375.04965,-629.2246,655.45874,382.05646,-629.0342,649.74255,389.31332,-628.9882,721.59064,329.1131,-461.65753,661.025,398.86295,-377.318,719.798,383.8979,-615.67065,696.29785,411.0543,-590.33887,870.8359,354.39154,-322.79025,715.2125,527.42,-295.6898,1018.96497,427.1116,-247.3633,777.0226,698.225,-352.4564,1135.7551,534.3351,-327.65323,813.94934,859.88464,-442.70978,1173.8134,548.5624,-364.62894,811.41724,910.88885,-454.49518,1158.7352,569.97314,-414.51044,816.5709,909.3682,-516.72406,1142.0559,570.70215,-349.86862,829.6762,889.7504,-471.83734,1022.9297,610.8833,-13.633514,906.51056,675.48975,13.922681,1145.2283,678.9734,-738.5827,805.7636,731.23016,-582.73114,1125.4406,911.8955,-314.54572,921.38995,869.6844,-193.69041,1108.2135,938.71643,-275.67883,956.15356,879.19006,-165.71266,1153.3969,997.87244,-498.46646,929.8563,961.2158,-381.50598
side_bend_end_40668.jpg,1134.416,344.04193,-863.5688,1157.28,333.09717,-839.4723,1163.8436,338.18692,-839.4551,1170.66,343.0884,-839.3218,1139.0005,318.4063,-844.153,1132.7231,312.24402,-843.91064,1126.3438,306.24,-843.50903,1174.9066,352.4483,-612.20996,1112.8823,300.7752,-627.03815,1134.2823,366.4067,-769.8702,1110.9648,346.541,-774.34814,1178.1307,447.2134,-429.52975,999.31274,336.366,-452.73856,1178.2087,591.17334,-407.84775,897.46814,429.26984,-394.0949,1171.7449,726.33856,-533.75854,811.5409,527.8373,-523.4926,1182.552,764.56934,-573.0447,779.32544,548.647,-569.09595,1169.3458,766.55096,-632.1224,789.49084,560.81433,-643.71075,1154.9547,753.2242,-561.255,807.9154,561.02075,-555.3197,1030.8169,620.1989,12.308905,922.08167,580.508,-11.963938,1041.7661,757.4271,-555.67444,880.8943,701.33606,-564.6904,1013.969,938.0423,-285.06653,842.48846,882.02795,-264.78906,999.5375,957.5037,-267.6127,846.6385,904.20605,-245.63144,1009.2588,1029.6356,-520.8668,816.8587,975.0867,-494.17667
side_bend_end_40668_flipped.jpg,783.90186,352.7055,-786.2134,782.7517,327.67526,-764.2544,788.92444,322.98004,-764.3427,795.1449,318.09418,-764.11566,763.67053,339.59503,-757.0033,756.7848,342.8429,-756.71466,749.96655,346.31757,-756.53937,808.45874,308.91034,-539.5024,743.4971,348.63873,-500.1764,805.3495,356.56686,-694.9152,782.74567,370.4515,-683.0462,917.18445,338.00928,-364.09976,741.3842,441.95178,-289.20905,1030.2828,426.50433,-328.38184,752.762,569.529,-250.63948,1113.5481,531.92206,-525.1817,748.38684,714.36896,-449.41217,1145.3336,551.76825,-598.7939,734.7345,754.7482,-490.82587,1128.8546,565.19586,-660.28375,740.74554,758.5845,-581.98883,1113.2899,563.221,-555.1287,757.1428,745.7166,-490.31335,1001.3824,573.45624,-40.24426,900.91504,620.9497,40.612354,1029.8,707.4611,-742.1809,892.9227,755.6682,-653.1194,1064.1033,893.7342,-330.3875,919.6995,927.1281,-279.8149,1066.2821,914.1909,-300.174,937.8433,943.23065,-252.74405,1075.8927,980.34784,-568.78326,909.26697,1019.72296,-500.84866
side_bend_end_43009.jpg,818.18317,262.24847,-822.8484,828.05286,238.65694,-765.97656,836.6246,235.98781,-766.1402,845.2983,233.06026,-765.7942,804.03156,247.51956,-764.59863,795.9153,250.62285,-764.244,787.86,253.98077,-764.40607,869.13586,243.53333,-497.28195,788.09174,270.76086,-486.67072,846.1279,282.8175,-730.4607,814.3897,293.80145,-727.08307,980.20685,340.0302,-334.5784,773.5676,425.55646,-409.89026,1066.1366,481.48578,-284.84613,760.80695,603.75024,-492.94217,1127.1963,634.81573,-501.00946,736.7252,768.88574,-661.16656,1156.6508,663.8308,-562.24066,714.6853,812.9771,-710.31793,1139.4346,675.20966,-636.80707,724.68866,813.3205,-787.9827,1122.0157,669.14594,-536.8188,746.0687,799.8055,-697.88684,1014.01337,618.69934,18.207184,884.7042,646.0974,-17.651335,1094.816,745.37946,-911.7896,798.8787,717.3184,-911.36224,1028.0797,919.8249,-220.53734,840.26526,911.405,-315.28812,1011.8092,933.9944,-162.92137,863.5228,933.605,-270.56403,1032.6699,1009.01263,-414.42078,826.20557,996.8835,-571.6415
side_bend_end_43009_flipped.jpg,1098.6207,259.3059,-923.46246,1115.8047,245.53683,-878.2495,1123.6782,249.14807,-878.3162,1131.7639,252.51596,-878.36664,1092.4413,236.7431,-880.73505,1083.6399,233.26918,-880.5086,1074.7261,230.00456,-880.13086,1133.779,272.72205,-624.49554,1054.616,241.25294,-628.9744,1102.9933,291.8031,-828.54504,1071.3126,278.87933,-829.7811,1148.2767,419.1498,-498.32114,935.72253,340.01706,-442.05643,1158.4606,608.02466,-522.8568,851.24854,485.35104,-361.98352,1186.675,774.6299,-646.6331,792.8014,628.3868,-547.7766,1209.2738,818.33655,-690.6347,764.71875,663.5317,-603.6631,1196.6797,821.73456,-757.8419,783.7704,669.0561,-683.16943,1177.8938,808.3949,-676.8975,804.12415,663.3545,-582.6958,1042.7218,628.0016,1.2586905,917.59564,613.1365,-0.9410538,1137.3588,721.3275,-756.6737,826.49963,698.9827,-843.9845,1080.4529,902.0186,-149.16125,887.88226,909.7888,-210.51591,1060.0558,916.3693,-100.2543,913.4756,927.9593,-157.95277,1092.8466,1007.535,-379.72797,871.11584,1013.01654,-444.8177
side_bend_end_44548.jpg,777.60443,286.23645,-671.83167,785.47534,260.57602,-627.933,794.1744,256.34125,-627.9937,802.99756,251.83345,-627.6974,762.33453,273.12045,-619.1847,754.6093,277.5038,-618.891,746.9746,282.11316,-619.005,830.6514,257.77625,-413.44354,752.04663,297.26367,-367.6424,809.4674,302.18726,-598.46747,779.0349,317.95105,-584.54456,958.1277,333.45972,-261.7916,757.4979,446.82043,-307.3492,1068.6097,439.62207,-163.05853,758.66766,623.5555,-372.56412,1138.0463,593.73615,-287.95755,744.86694,786.5311,-488.02905,1170.5972,621.08496,-327.61636,727.25287,830.4205,-512.8185,1149.4792,639.4262,-391.85626,736.191,833.39294,-583.93384,1132.4692,635.43243,-315.09833,757.1509,820.05273,-520.0205,1013.7348,614.8248,2.8667488,886.419,650.42664,-2.5127666,1121.2766,702.93207,-783.20953,788.6522,692.0399,-821.30444,1047.9906,886.1892,-226.93694,824.7761,905.1161,-458.65796,1031.485,897.29144,-176.49762,849.9,933.27045,-432.6357,1033.6274,982.59296,-388.22662,793.3511,991.2906,-694.1487
side_bend_end_44548_flipped.jpg,1134.1898,277.35983,-821.6261,1151.4974,267.69916,-776.698,1158.2361,272.22256,-776.7437,1165.2529,276.518,-776.8498,1130.4172,256.0096,-780.9169,1122.6842,251.64992,-780.7804,1114.8522,247.505,-780.41516,1164.9542,296.3843,-534.6014,1095.2533,256.46066,-547.58594,1133.9413,310.18536,-731.8407,1106.5746,294.20242,-735.8766,1167.0074,444.2963,-439.13434,966.9486,336.42032,-357.04916,1168.7947,625.4592,-473.74515,856.5128,450.39868,-253.90912,1176.916,796.0551,-627.9286,777.9987,589.3137,-436.19913,1191.8448,844.3743,-682.3326,748.11816,620.89276,-483.65616,1177.4713,842.6345,-743.5616,765.47217,626.0691,-566.48737,1162.0778,827.3302,-656.926,784.50757,623.042,-470.25488,1042.23,645.8727,-8.535847,919.4116,623.2814,8.712873,1104.177,686.66046,-810.9623,805.1849,679.79065,-808.095,1102.0903,921.03015,-326.0131,874.3918,894.70154,-220.77016,1090.9517,945.286,-287.58322,903.29144,915.0577,-171.64015,1123.8319,1038.332,-576.94745,857.64264,994.79474,-446.44992
side_bend_end_44650.jpg,836.48425,400.48758,-900.78827,833.74005,368.54913,-883.4093,840.5895,362.98364,-883.4012,847.4749,357.26807,-883.11847,813.43695,381.0822,-871.717,805.7158,384.40933,-871.4726,798.04,387.92776,-871.5263,863.30237,343.82584,-681.26,794.26483,385.10556,-623.0124,860.6997,401.6102,-818.4481,835.895,416.82175,-801.3214,980.18396,375.62006,-521.9172,791.5303,464.15173,-417.95804,1067.9349,520.0365,-454.33722,795.85846,627.2126,-428.01135,1114.6978,659.93353,-597.22955,777.2218,773.74304,-599.47394,1138.7018,687.7606,-656.73315,759.7786,811.469,-639.15906,1121.0685,696.5109,-717.0856,765.0493,816.95685,-710.1078,1106.9231,690.7569,-622.9287,782.0021,804.61163,-632.49603,1031.9481,632.34735,-56.20722,915.8969,647.50757,56.697754,1090.6145,754.86017,-786.5918,783.8656,724.22656,-639.6634,1034.3511,956.8946,-278.97943,791.70984,938.1592,-315.79617,1024.752,972.75964,-235.62596,819.8143,968.4112,-293.60254,1018.4508,1054.2711,-460.8512,730.23566,1026.9673,-522.39056
side_bend_end_44650_flipped.jpg,1091.6398,400.49945,-822.2191,1111.2681,384.96027,-801.8261,1117.7074,389.06314,-801.8008,1124.4382,393.03183,-801.80194,1093.6941,371.82208,-813.0336,1087.1561,365.69427,-813.0078,1080.5583,359.70248,-812.7263,1125.6409,396.1221,-586.8777,1066.1252,351.44507,-633.74817,1090.6223,420.94247,-731.2609,1068.513,403.57343,-744.8187,1124.9445,491.64157,-392.5991,952.3816,384.44577,-462.51703,1133.2571,662.54614,-360.51862,859.99603,516.59015,-372.91086,1139.8064,805.7714,-501.36703,803.955,653.45874,-491.38602,1149.6145,847.31793,-555.5042,780.2658,684.1351,-547.0738,1138.2284,839.64496,-603.9943,797.7059,687.9858,-604.81384,1127.1548,824.00964,-529.4223,811.7836,680.48627,-516.69666,998.14154,658.769,38.87114,888.58966,639.72925,-38.56317,1124.7128,685.7435,-532.5444,870.4858,770.50775,-479.09744,1138.8622,916.1402,-384.32806,876.854,978.9053,-199.06152,1116.7646,953.26434,-375.16394,879.3665,1002.9607,-177.09502,1203.4395,1002.33026,-594.3255,887.08044,1071.9375,-399.4766
side_bend_end_47738.jpg,829.31067,415.78226,-825.8392,825.561,383.55676,-813.22034,832.05927,377.5298,-813.27637,838.59595,371.3572,-813.23773,807.13306,396.86456,-794.8894,800.07355,400.57123,-794.7388,793.07214,404.4969,-794.506,854.7312,355.73904,-639.5279,792.0686,400.156,-550.96234,853.7185,415.20987,-756.3707,830.7481,431.54224,-730.5713,964.89246,376.20966,-512.1634,797.23157,485.19983,-354.02066,1073.8666,488.42175,-471.05435,796.5628,640.4695,-386.0463,1120.7172,636.7904,-608.881,781.27856,799.7702,-545.0013,1143.2367,661.8908,-677.6665,763.5523,839.27686,-579.2891,1124.2593,676.785,-706.8608,771.9702,844.21936,-654.5785,1111.919,670.84454,-623.0882,788.523,831.17847,-580.5786,1058.5631,631.79236,-63.171356,948.76953,657.81134,63.778923,1104.635,755.7087,-766.25415,825.374,732.5384,-440.30533,1035.6428,945.1541,-409.95126,845.37726,904.87573,-188.14377,1023.60834,967.8174,-382.71527,867.9559,927.1049,-172.45934,1001.69977,1019.61865,-612.0923,810.8425,988.1555,-380.78214
side_bend_end_47738_flipped.jpg,1090.2009,420.54486,-891.634,1111.2394,405.16995,-874.7316,1117.5454,409.68503,-874.68616,1124.117,414.02347,-874.82245,1093.6016,390.60107,-886.58606,1086.9989,383.69016,-886.4259,1080.3689,376.96588,-886.12646,1124.8866,415.50842,-645.1149,1064.3009,365.11978,-699.1795,1087.9353,439.1568,-792.62714,1066.0319,419.71323,-808.6446,1120.3608,498.47034,-457.68063,950.2744,383.8723,-486.60272,1117.4269,661.9608,-433.20447,849.37915,493.3815,-356.5575,1132.6675,814.9065,-604.1778,799.97955,631.6337,-519.0193,1147.4261,859.51544,-651.75354,774.74475,663.26263,-587.0174,1137.0586,856.231,-712.5428,798.17004,669.977,-648.6572,1123.074,840.16364,-634.25415,813.2016,661.7038,-543.8287,1001.0003,662.0042,16.12606,893.5089,642.682,-15.664068,1078.7908,704.5709,-632.2153,817.10486,747.4697,-674.02844,1080.5148,912.07214,-355.0912,869.42914,955.8609,-341.61478,1065.6362,934.7462,-332.75052,887.06903,973.3118,-315.30038,1111.0195,1018.2201,-568.313,873.00476,1062.6034,-548.4957
side_bend_end_48243.jpg,1143.8062,331.62994,-824.6442,1160.98,317.83984,-794.3231,1166.9281,321.4452,-794.34515,1173.143,324.87305,-794.20807,1142.6727,306.22736,-805.2715,1135.9592,301.04257,-805.01434,1129.1796,296.01,-804.6458,1173.0515,330.14557,-556.1414,1111.5579,289.91943,-597.4985,1142.7269,351.35556,-727.79895,1119.7521,335.89603,-739.7482,1177.0907,431.14392,-382.14343,996.3043,326.55487,-425.91913,1170.6278,579.6026,-363.5839,896.5655,423.20688,-375.15088,1169.2189,713.76514,-533.0097,817.04626,523.42737,-533.92847,1181.3198,749.8867,-587.1345,786.6792,546.41125,-596.0889,1170.9553,751.45667,-650.176,800.31854,555.1729,-667.77893,1157.3668,739.0115,-563.8354,816.50916,552.0285,-565.3284,1030.2219,611.2152,15.541869,919.8532,573.0052,-15.024715,1044.496,756.0163,-599.9448,884.0725,699.7853,-624.5891,1017.53,925.55255,-277.47034,839.4526,881.8285,-312.99945,1005.0364,942.6989,-256.75055,839.6613,903.15674,-295.36484,1003.9402,1014.3096,-530.57104,826.28955,978.9417,-575.3754
side_bend_end_48243_flipped.jpg,790.4319,339.38538,-676.4422,790.725,312.82324,-656.5608,797.44385,308.1582,-656.62256,804.2501,303.29993,-656.4283,771.203,323.72894,-647.0483,764.107,326.58286,-646.6879,757.07916,329.6698,-646.54724,819.1416,293.94812,-440.02774,752.1717,330.2792,-392.32077,812.64966,342.59805,-587.88184,788.55676,355.77863,-573.7674,922.5992,326.0277,-266.19116,745.12427,426.18967,-201.65573,1023.1847,418.3352,-229.80327,756.51044,559.1024,-168.5843,1104.239,518.52057,-443.90924,743.8276,707.98267,-366.11197,1136.498,539.30524,-511.6775,728.70715,749.279,-404.02298,1121.7953,549.7616,-572.47974,731.2119,751.5802,-492.6325,1105.7651,546.9647,-473.30084,746.4222,737.8712,-406.81195,997.26324,575.9529,-37.938892,895.41455,621.72394,38.661407,1019.65967,696.5175,-712.8215,883.92566,746.46796,-623.58563,1069.4788,894.1439,-443.10934,913.0605,927.60913,-356.88837,1073.8829,914.41846,-426.4177,929.05035,944.2099,-340.59906,1081.7463,986.53,-695.2966,912.536,1020.1444,-574.65594
side_bend_end_48527.jpg,1158.3273,371.12762,-834.74664,1175.2234,355.45087,-810.57605,1180.7029,359.13184,-810.54785,1186.4374,362.65387,-810.40106,1157.8096,342.49393,-826.9512,1151.2147,336.39084,-826.75836,1144.553,330.43518,-826.4111,1183.5056,362.0529,-580.44073,1124.2351,317.2019,-645.9605,1154.0826,387.373,-737.2929,1132.9237,370.4598,-756.4953,1181.4474,449.2343,-404.16235,1004.3128,335.62695,-462.41327,1174.749,589.0632,-355.6785,895.1549,417.61395,-381.62518,1166.5865,721.7549,-490.83148,815.2458,524.24994,-491.0835,1174.4462,757.47186,-532.6495,784.91223,546.8541,-532.61725,1165.6996,759.3261,-593.50977,798.1865,559.3068,-602.49036,1152.3119,745.9871,-518.6371,815.5757,556.73236,-518.52216,1026.0358,618.52136,6.230596,919.8083,577.8914,-6.037275,1026.3851,758.6224,-556.7518,865.9594,708.8483,-532.0908,1006.3861,916.0099,-239.37828,840.0131,886.90247,-203.92557,995.8254,931.9117,-218.06482,847.0288,910.9345,-184.0244,995.56915,998.27356,-467.8688,808.6555,971.28094,-439.33884
side_bend_end_48527_flipped.jpg,771.98413,372.61163,-790.65283,772.3123,344.63748,-781.0854,778.74884,339.93756,-781.0737,785.22034,335.04572,-780.8527,754.41223,354.77017,-765.3324,747.9956,356.99872,-765.1043,741.6243,359.4835,-764.8698,801.14636,320.24512,-592.5763,739.0999,354.22458,-515.85956,794.1191,373.8476,-711.1748,772.5381,385.64478,-688.2269,911.59607,337.38,-413.78433,732.6401,440.77676,-337.51685,1025.2969,423.4268,-405.3206,750.9287,572.4745,-287.00537,1105.2319,524.66705,-602.7361,753.1312,716.13196,-444.96194,1137.8169,544.13043,-673.96985,741.38525,756.18396,-478.53717,1119.4956,557.89417,-732.7766,748.2303,762.0831,-568.5482,1104.2235,557.23737,-630.6177,766.20245,748.8675,-484.12222,997.49133,573.49994,-26.07887,897.55273,620.8788,26.419268,1032.5635,698.4252,-662.1279,902.15344,743.3334,-600.5777,1067.9967,869.9135,-239.2876,917.98865,923.6086,-242.08289,1069.2883,887.5466,-206.24335,929.8906,939.7171,-214.3643,1087.0176,960.5319,-452.45886,921.708,1022.0765,-439.84222
side_bend_end_5084.jpg,759.4947,294.40042,-660.8867,766.86774,268.9238,-619.1985,775.4423,264.32635,-619.1906,784.13696,259.44415,-618.9002,744.7499,282.05664,-607.6563,737.52466,286.52936,-607.4164,730.38885,291.23462,-607.5164,814.0511,263.20477,-417.99353,738.64703,304.94485,-360.02948,793.2684,308.10303,-593.0241,763.842,324.85883,-575.4307,946.6566,332.43384,-287.586,753.3851,450.82544,-306.04565,1065.9089,437.47134,-211.92944,762.77625,627.86914,-372.70132,1153.2281,578.4951,-320.2481,752.1306,787.036,-476.6974,1188.8467,600.6947,-351.28107,736.1445,830.4755,-491.93915,1171.733,618.8512,-411.99167,741.11444,833.4341,-559.1763,1154.3916,616.926,-346.45105,760.1617,820.30975,-506.9063,1012.7932,613.98193,3.9581425,885.6668,651.06104,-3.7848954,1108.69,706.3273,-725.067,773.3215,696.1321,-765.9385,1038.0452,884.94415,-136.06769,818.1329,905.18115,-370.78348,1020.3861,895.007,-80.74389,842.7367,929.9345,-340.29202,1033.6565,984.7511,-273.60248,797.91437,996.7226,-582.5971
side_bend_end_5084_flipped.jpg,1155.1215,289.32547,-707.58276,1170.7528,276.91925,-666.5537,1177.8136,280.92102,-666.6389,1185.2009,284.78992,-666.9037,1149.0531,265.8226,-672.18616,1140.6525,261.48203,-672.0588,1132.1917,257.34488,-671.5416,1182.063,302.4347,-444.32144,1110.3884,265.9346,-461.3363,1154.4142,321.384,-624.27673,1125.6289,306.11102,-629.5355,1171.6333,454.39755,-345.398,978.46826,338.15436,-296.58203,1170.699,636.41864,-375.16568,858.76074,452.11078,-197.98572,1178.737,801.48456,-536.65234,770.5458,584.29816,-358.1692,1191.0062,852.33417,-580.87305,739.5077,614.0302,-396.69522,1176.3389,847.7647,-641.5187,751.97656,619.13055,-472.96075,1163.0073,831.0852,-565.86816,770.552,616.17487,-389.5036,1027.1506,648.8715,-8.105028,908.7456,623.1434,8.358947,1115.8683,656.607,-713.6161,812.5089,704.8801,-672.3214,1106.649,926.8304,-419.58038,882.73816,927.82526,-262.2041,1091.8406,958.3139,-398.37595,906.0902,948.29346,-227.50435,1129.4368,1038.6946,-675.7612,881.1187,1025.7904,-477.65186
side_bend_end_5538.jpg,899.0456,306.70572,-895.96857,902.8518,279.53848,-868.4724,910.37604,276.0593,-868.58044,917.9975,272.4101,-868.37415,880.77264,287.31305,-866.1824,872.5127,289.24054,-865.803,864.204,291.4009,-865.62427,931.29944,267.9126,-621.38007,855.44354,293.6428,-602.13257,919.18274,315.95816,-796.33,891.3666,325.49747,-790.0781,1020.691,331.78244,-421.29575,823.89496,388.3066,-373.2372,1098.6703,452.03772,-420.66104,793.76196,527.7121,-370.77942,1162.5594,563.6499,-690.87085,738.26227,668.12134,-585.0978,1190.7457,590.1307,-768.542,710.5403,706.64703,-623.389,1176.9731,591.9327,-843.7426,709.7725,710.025,-724.7789,1162.3322,587.2564,-726.81323,729.6814,701.5179,-631.21216,1027.6016,587.444,-22.148691,915.11725,604.44666,22.940664,1040.1324,731.3027,-750.2483,893.5079,722.3237,-746.95435,1024.2856,927.4648,-407.7051,858.69745,924.0331,-456.7547,1020.5509,949.24097,-387.34787,865.0751,951.1444,-439.16464,1006.69305,1009.9774,-683.62695,832.7186,1004.2715,-707.5624
side_bend_end_5538_flipped.jpg,1025.649,303.91217,-665.90094,1040.6301,284.54846,-631.5961,1048.1093,285.72144,-631.68024,1055.8071,286.6111,-631.66724,1017.8318,279.7781,-641.15186,1010.05725,277.19775,-640.83246,1002.2954,274.8184,-640.2681,1061.0955,290.65048,-387.95938,987.6615,273.82654,-414.2817,1032.1229,323.34546,-567.87866,1005.37823,317.47632,-575.6745,1092.7747,394.6136,-211.8009,892.2697,340.08514,-212.13441,1126.6641,537.4194,-191.8335,829.3047,458.03915,-31.09227,1174.9388,681.30994,-355.90192,755.7891,562.4925,-178.4558,1203.6068,709.7427,-397.856,734.08405,583.42365,-213.43991,1195.5262,715.6769,-471.1996,738.3397,582.787,-304.10583,1175.6481,711.54987,-388.42093,754.9697,582.1676,-212.52803,994.9293,614.5793,16.281342,881.6887,606.441,-15.839068,1011.0456,707.0968,-758.2233,887.48,717.67474,-756.9375,1067.1831,895.81036,-689.9473,898.50964,928.44714,-680.59094,1068.1471,931.3997,-698.7066,906.6706,960.2926,-688.09406,1085.2523,951.84,-990.05585,915.5018,1009.26843,-981.9813
side_bend_end_6159.jpg,1259.4814,387.4518,-824.4525,1277.652,382.40384,-783.6923,1282.0037,388.8121,-783.5543,1286.703,395.21185,-783.643,1263.2238,363.78485,-794.23804,1257.4832,356.19647,-794.15656,1251.6298,348.7838,-793.8802,1275.2543,408.14297,-557.64496,1226.6288,344.87778,-600.3118,1245.2314,414.65558,-740.79987,1225.5325,388.3911,-752.66656,1210.0824,532.1917,-454.63263,1068.5857,365.8318,-471.37753,1165.6918,701.5837,-489.15396,919.84265,444.2176,-427.7067,1118.5684,861.8172,-609.3198,789.259,545.7699,-554.6331,1116.8925,915.50415,-650.0835,745.427,558.52136,-597.8069,1098.3445,904.37854,-706.80457,761.4172,580.7859,-664.521,1089.2167,881.69855,-637.2743,782.7701,583.87805,-582.7415,1011.3152,662.8993,19.087845,902.06586,600.1946,-18.970953,1094.0138,759.71625,-563.3343,774.2232,656.6816,-800.16943,969.1278,880.47076,-102.71622,793.97437,885.048,-321.614,937.3937,886.17206,-59.658936,806.53876,902.8873,-275.7745,972.7745,973.7128,-229.43785,795.82764,991.1013,-477.75134
side_bend_end_6159_flipped.jpg,662.48224,396.60513,-580.8186,657.2988,368.41946,-547.19464,663.4646,360.23734,-547.1872,669.64624,351.79102,-547.02484,641.42737,389.7965,-530.6209,636.10675,396.8842,-530.3548,630.9359,404.2242,-530.33636,696.82275,341.03793,-369.35135,642.42645,411.39532,-289.67865,698.8545,394.7396,-518.57367,677.8402,422.21014,-495.00537,851.3488,358.86093,-268.67065,700.5809,532.5868,-204.94028,1003.21,440.01144,-206.31879,761.1639,695.237,-232.4928,1127.0071,541.25433,-301.8716,809.717,847.5009,-367.94617,1168.0068,554.003,-338.36816,814.32526,897.08496,-390.0298,1154.5685,576.344,-389.90402,821.5925,893.16504,-449.9758,1135.9342,577.2681,-322.19223,831.8195,873.135,-395.26456,1013.6877,605.8379,-14.654806,902.2679,679.0061,14.916134,1119.941,657.1777,-693.51,798.7736,761.3596,-633.0889,1108.3727,881.36316,-206.31735,907.5709,935.01685,-309.05927,1091.8308,902.8968,-159.05873,940.80176,949.3101,-285.3786,1140.1326,977.9335,-355.24057,918.83075,1030.042,-503.94104
side_bend_end_8752.jpg,795.3301,408.95938,-895.4259,792.2694,378.62424,-879.8845,798.8995,372.31537,-879.9673,805.5437,365.86203,-880.0368,773.874,393.89496,-856.6039,767.2274,398.52634,-856.44604,760.6259,403.4285,-856.0309,826.5749,354.06467,-704.31586,764.07697,405.3564,-590.5752,823.98206,409.24582,-828.32043,799.7298,428.82883,-795.0814,948.7967,383.09485,-606.013,787.3818,499.16742,-394.85986,1063.8925,500.51187,-640.7006,799.35333,657.6654,-460.61023,1112.5061,646.4199,-806.57764,786.47943,811.8994,-629.7889,1139.872,670.8187,-881.3316,769.1066,854.2251,-660.09125,1116.7946,688.6544,-904.72095,776.2593,857.29626,-731.0457,1105.169,681.5721,-820.09406,790.46936,843.89246,-664.4899,1048.1194,619.5147,-67.56486,939.48083,650.7576,67.88425,1106.7323,743.4891,-825.5726,816.572,726.5498,-467.3997,1036.5421,938.29297,-418.3321,852.84393,896.3326,-145.47093,1022.90094,961.3959,-386.02673,878.7516,916.22656,-122.51906,1011.1913,1013.5753,-629.9772,817.7548,989.0833,-338.52142
side_bend_end_8752_flipped.jpg,1132.3884,405.975,-868.23596,1151.2133,394.11572,-832.4897,1156.4382,399.0345,-832.40137,1161.952,403.82816,-832.3958,1136.0819,379.31265,-845.4393,1130.2432,372.67258,-845.3746,1124.3508,366.22998,-844.9657,1156.826,409.6717,-578.65765,1106.0796,359.76093,-633.8913,1126.6132,427.25317,-768.5273,1106.1562,406.6052,-784.77625,1128.5516,510.92944,-401.9007,978.4543,383.87854,-450.61847,1114.1921,675.95734,-403.4897,864.59045,490.78387,-346.55173,1132.543,829.0601,-569.08954,811.35315,636.39996,-501.47147,1146.3125,873.51715,-611.8666,787.5189,668.24207,-566.9672,1138.9595,870.2368,-672.57324,814.0513,678.09033,-617.6656,1126.8549,853.9816,-600.27765,827.90173,667.3434,-523.42487,990.8011,656.9024,30.452911,887.8826,634.5069,-30.275158,1103.62,681.9734,-662.3811,829.7454,761.68646,-516.42633,1090.108,935.51196,-571.5139,870.1855,949.9745,-119.47154,1066.7563,972.6852,-568.1015,878.858,965.02655,-84.12988,1137.9904,1032.2595,-826.67645,885.97034,1050.2336,-285.908
side_bend_end_9858.jpg,764.0519,290.10187,-613.20685,768.7853,264.55878,-568.3668,776.9972,259.67136,-568.42114,785.3302,254.50995,-568.1743,746.86707,278.58063,-561.0111,739.3176,283.54562,-560.72534,731.8529,288.7317,-560.81244,811.76337,259.22256,-361.9736,737.0024,304.07034,-320.46445,796.3853,304.13196,-543.39166,767.3108,322.09402,-530.7163,943.66113,331.889,-247.68108,750.8056,452.62714,-262.99802,1056.0112,444.4268,-176.09868,759.08704,632.5433,-320.62366,1132.4303,590.6191,-310.10413,750.869,795.95746,-432.4832,1166.9878,617.1253,-350.08832,736.2833,841.1008,-447.35086,1146.1013,634.7739,-410.68555,742.79645,845.0411,-516.4668,1128.2744,630.8407,-335.43698,761.70233,830.5909,-462.74182,1013.85095,615.98596,-2.5160723,885.87146,653.50494,2.8302796,1113.2192,713.1647,-736.1639,765.8902,695.4429,-783.6681,1037.6869,899.84546,-176.54303,813.0081,907.14215,-420.68173,1020.3139,909.046,-124.338745,840.3312,934.0347,-393.8034,1026.1477,1003.8036,-325.06522,787.21027,995.1086,-645.3682
side_bend_end_9858_flipped.jpg,1152.3297,284.01624,-657.64105,1171.5607,275.81564,-613.6308,1178.6902,281.06934,-613.6884,1186.1378,286.18365,-613.79333,1150.2489,262.1476,-613.92255,1142.4406,257.1552,-613.8145,1134.5718,252.35529,-613.487,1184.7686,308.2345,-385.82413,1115.2217,262.5926,-381.61578,1151.491,318.30225,-574.06866,1122.9219,299.23242,-573.42865,1173.0594,457.2468,-292.93738,978.559,339.76215,-210.50797,1169.9573,637.15405,-293.22827,869.8409,452.88373,-87.5611,1173.0818,805.4062,-433.11792,790.8167,590.5405,-277.28268,1185.6895,855.5722,-476.04852,761.3,621.784,-322.61475,1168.3033,853.22253,-531.0706,778.5966,626.88196,-395.55475,1155.0692,836.05536,-458.9751,795.7456,622.40283,-308.29626,1035.007,648.6582,-11.665096,910.4994,621.54474,11.9795,1106.2374,669.2824,-767.69635,816.7244,704.0207,-779.79333,1088.7119,889.37915,-414.91235,886.14874,939.02734,-392.17496,1078.2572,910.72046,-386.08,909.41736,959.7611,-360.73236,1093.2463,995.7303,-655.6446,885.3676,1043.4536,-633.07837
