side_raise_end_15176.jpg,1166.6119,122.809746,-577.67487,1183.547,105.16082,-544.98395,1191.857,106.38632,-544.82367,1200.5056,107.46908,-544.61224,1159.9519,101.80991,-542.63495,1151.678,100.082466,-542.5222,1143.4261,98.6201,-542.35614,1213.4473,120.45267,-313.90192,1134.4125,107.42495,-304.08194,1181.375,145.77553,-490.58612,1150.0449,140.26384,-487.5198,1271.4723,230.43779,-164.85693,1050.9233,195.024,-159.65678,1433.6198,249.63779,-236.26627,891.0465,188.85286,-160.21053,1597.9312,265.11356,-515.71436,739.9066,132.79947,-358.49728,1645.8782,272.9519,-578.5925,698.59644,121.41243,-399.5095,1647.9126,259.30475,-647.4233,697.25604,104.49794,-482.04266,1628.3917,258.23224,-559.8692,716.75684,111.10184,-404.84918,1160.4674,549.7144,-1.8847916,1039.8015,528.4493,3.015066,1140.9058,796.84564,-30.493286,980.08167,763.62335,-23.648127,1139.2008,1015.24963,234.42778,955.6398,972.37744,293.60214,1126.3295,1044.6172,247.50812,974.6211,1002.9111,310.25183,1159.6384,1105.6117,-27.221584,881.96014,1053.4915,43.466434
side_raise_end_15176_flipped.jpg,758.6726,123.492966,-688.41113,768.09436,101.58863,-655.0133,776.58405,100.3285,-654.9979,785.3423,98.820786,-654.90784,742.77216,105.79139,-659.329,733.5127,107.02587,-659.2228,724.3571,108.536995,-659.1025,798.6391,109.86385,-420.42203,713.9406,122.861725,-441.53076,779.00104,144.29872,-599.53546,745.587,148.9583,-605.10516,887.07874,204.9941,-250.44711,655.6034,234.7241,-274.75287,1042.7062,158.52615,-175.18687,489.29404,248.96988,-337.58487,1182.046,137.69597,-298.4809,318.32095,252.70631,-554.50116,1221.2184,135.12772,-336.79996,269.51816,257.3657,-589.2227,1220.2357,122.33628,-409.53186,269.0408,243.6698,-662.77264,1204.5344,126.21888,-339.0485,290.9015,245.13863,-596.62256,875.2225,537.3551,6.656818,749.2872,553.6292,-5.816872,929.14136,763.3929,40.286167,759.6944,785.8403,-39.164055,964.5914,964.81305,328.5583,801.0837,995.594,263.9527,953.55035,998.48816,343.46765,830.91473,1021.27277,277.6777,1029.1069,1042.1753,109.44173,745.6975,1094.8875,26.749334
side_raise_end_20751.jpg,1165.8517,120.36132,-629.55554,1182.1642,101.31518,-594.12006,1190.8134,102.20748,-593.9675,1199.8126,102.97143,-593.7985,1157.3207,99.07326,-592.67566,1148.4679,97.782486,-592.5508,1139.6323,96.79861,-592.374,1213.1177,117.29195,-359.21417,1129.3948,107.77585,-352.39398,1182.0192,144.39821,-542.9025,1148.5745,140.23941,-540.4839,1274.8254,228.56444,-212.32814,1043.8893,199.87001,-202.55815,1442.7383,219.27481,-290.4563,883.4037,182.58888,-233.58432,1602.9673,222.29262,-558.96,732.82605,123.152275,-445.87683,1650.052,226.52855,-624.30524,691.7362,111.42831,-492.70145,1651.1323,214.05354,-686.1303,692.48456,92.80127,-569.01794,1632.4104,214.24692,-601.63306,710.6226,99.438705,-490.98883,1157.5642,552.97675,-2.224491,1030.929,531.5024,3.3619921,1140.8558,796.89105,5.045816,982.35443,762.5421,-3.5184703,1142.4442,1001.04675,313.29324,965.25366,966.48615,335.3677,1128.3961,1028.8843,330.98596,983.2842,994.9301,354.42267,1175.3451,1094.2373,71.16924,901.49414,1054.345,96.270325
side_raise_end_20751_flipped.jpg,754.004,121.91142,-705.4033,762.7904,98.181404,-674.2448,771.4451,95.93736,-674.1332,780.4063,93.45829,-673.9554,737.78143,104.623726,-673.43335,728.8426,106.50284,-673.2994,720.02325,108.6751,-673.1959,797.58307,101.61155,-438.6903,713.96136,121.808136,-436.54388,777.6509,139.34254,-615.4991,744.57983,146.89268,-614.18994,893.48364,196.4771,-250.4468,662.6223,224.81982,-282.68085,1051.7107,159.93762,-231.07251,485.60095,224.25586,-348.94965,1196.7828,128.0031,-448.0462,315.1623,211.61333,-579.2238,1238.5767,122.01802,-506.64944,266.2421,212.92871,-627.89246,1237.3002,107.94817,-579.26135,266.98734,197.10161,-701.2549,1220.4702,112.093925,-493.0078,286.7941,198.68433,-624.0332,876.6602,535.93915,14.424856,748.78217,550.00854,-13.58645,929.67017,776.12317,55.954086,764.4198,797.6377,-41.967472,967.4311,979.1375,376.4893,792.36536,1008.80664,288.25754,957.1688,1014.7436,394.29477,814.7353,1034.0015,304.84317,1032.7489,1050.9637,139.93948,757.8443,1107.3861,32.41801
side_raise_end_27461.jpg,1053.611,151.38615,-479.70404,1066.0602,132.8588,-443.14685,1073.6454,133.07399,-442.97467,1081.5598,133.17055,-442.878,1043.7286,132.85303,-445.61328,1035.5701,132.47852,-445.5005,1027.5038,132.39015,-445.58246,1093.179,145.80478,-224.28044,1018.2122,144.32803,-237.04411,1069.4188,173.48206,-401.75616,1039.1628,172.71973,-405.1707,1159.5946,246.70969,-130.77707,943.84357,245.74283,-154.25067,1303.7305,209.68613,-211.32503,796.12744,216.68916,-232.60732,1440.0773,170.7336,-496.97314,674.8524,171.79796,-478.04816,1479.1936,166.9515,-574.28973,641.20264,162.39513,-550.60114,1471.004,151.18695,-626.03973,649.9127,148.68697,-603.40704,1456.4949,154.18486,-536.0954,666.51807,153.85863,-517.42096,1111.7229,572.26184,16.468428,990.5709,573.9662,-15.405595,1114.3624,771.14056,-84.57653,1002.9287,784.9369,-49.805233,1090.624,953.5606,218.27612,1022.1057,969.08026,268.96872,1074.3524,977.35297,239.1623,1031.0096,990.37115,284.36505,1116.5217,1034.6436,22.072058,1031.7568,1052.9305,35.989967
side_raise_end_27461_flipped.jpg,863.1273,147.0861,-610.9984,876.5471,128.53604,-573.2632,884.2218,128.49275,-573.1096,892.2344,128.36926,-573.0424,854.9107,129.61281,-568.98004,847.3665,129.79997,-568.8766,839.8971,130.28915,-568.9989,907.5787,142.0612,-367.18896,835.0354,143.9885,-328.04007,881.5169,169.78046,-538.8886,851.95074,170.27931,-527.292,980.41876,249.4293,-277.531,768.31,249.5623,-237.8971,1132.8314,217.61565,-435.94598,616.51184,214.11569,-263.00644,1257.2363,188.64716,-837.7459,483.10605,148.44566,-446.515,1294.4586,186.80685,-949.3982,449.84882,134.8408,-486.25604,1283.8452,171.77405,-996.8581,453.72147,117.664314,-550.71136,1268.526,176.02538,-878.28296,469.0391,125.52361,-488.23306,924.2683,562.13153,-28.61597,808.5957,560.1619,29.64042,915.4247,757.90936,-149.48056,825.2202,769.9785,40.60654,909.6069,919.63324,195.66449,853.02747,945.79,368.33838,904.9772,940.6567,220.09077,864.01666,969.51697,387.84143,906.45325,990.4597,1.3882788,856.12445,1018.05774,160.45123
side_raise_end_28068.jpg,1167.7053,113.60489,-648.7973,1182.778,97.06827,-609.97845,1190.657,98.06051,-609.80237,1198.8772,98.89156,-609.6398,1159.0411,94.72583,-611.13043,1150.7076,93.626816,-611.0433,1142.4137,92.79309,-610.86176,1209.8159,113.739204,-358.22302,1131.3987,104.42629,-365.81107,1181.3932,138.20126,-555.8494,1150.4877,134.18372,-557.8658,1269.9951,231.72702,-200.6116,1044.9219,201.88997,-213.27202,1431.115,265.11465,-289.53302,878.1741,202.44682,-254.157,1598.3749,285.492,-587.4928,719.3816,159.28273,-499.3638,1649.258,294.5578,-648.2876,673.9215,150.29758,-544.9259,1651.3069,281.04022,-724.35187,671.7997,133.37111,-633.0684,1631.2924,280.5041,-634.7384,690.26025,139.41084,-549.50714,1161.837,552.44006,8.489475,1039.0103,532.8796,-7.2864423,1148.9424,791.3837,4.2714934,978.5326,755.6034,-39.068718,1140.2727,1002.8532,289.35135,954.6796,964.60266,276.71393,1123.7878,1033.7589,302.18008,972.8807,995.8282,290.30533,1176.246,1085.9701,20.936743,886.0906,1042.2272,7.7512436
side_raise_end_28068_flipped.jpg,767.56555,127.55594,-767.0983,776.9068,103.57474,-737.17175,785.49854,102.450264,-737.09,794.3447,101.071526,-736.8984,751.24615,106.9932,-745.4535,741.6126,107.73622,-745.3138,732.0825,108.74251,-745.09937,805.4953,110.6135,-486.51706,718.9933,120.871826,-528.929,786.02313,147.98346,-668.9457,752.02545,151.46182,-680.8989,889.56995,208.50014,-292.09106,653.8718,228.38702,-344.6377,1054.7578,185.63185,-283.1049,487.38864,255.41417,-383.5663,1208.3094,165.13017,-549.43005,323.3955,264.89178,-619.39,1251.2769,164.49304,-612.9876,275.4568,272.0172,-662.80426,1252.5242,146.40178,-689.5858,275.41266,261.09805,-752.1356,1234.7008,148.44373,-595.7792,298.86176,260.50366,-666.62964,869.88855,537.992,20.167307,743.4115,551.0897,-19.379217,933.9734,763.98114,35.256527,752.27856,788.9853,-66.51243,968.9977,974.317,320.25616,787.51337,1005.7214,235.32884,956.07324,1010.6081,335.00955,814.7821,1034.9926,249.0752,1038.8745,1047.6353,86.55134,735.81903,1098.6647,-16.967026
side_raise_end_30776.jpg,1163.928,128.07382,-625.0969,1179.7349,107.99281,-593.22644,1188.5367,108.70253,-593.0946,1197.6735,109.29147,-592.8584,1154.8944,106.04399,-588.6435,1145.8544,104.73811,-588.49176,1136.8531,103.733864,-588.2775,1211.1461,122.839615,-372.47,1126.6921,114.410545,-347.8243,1180.6447,151.4813,-542.97565,1146.8165,147.638,-535.4676,1273.433,232.0193,-230.88345,1048.614,203.08836,-187.80771,1442.491,226.9171,-298.80927,889.49445,172.26878,-183.48483,1603.7732,226.6914,-563.01544,741.44586,103.713005,-377.54956,1649.0497,231.26637,-628.00037,702.2763,90.76225,-416.35257,1651.4927,215.9548,-692.3908,703.49695,73.156975,-496.11734,1633.2238,216.15898,-605.97644,722.3889,80.06255,-422.66025,1166.7345,550.5412,-20.211094,1042.6038,531.068,21.247585,1138.2953,801.4916,-41.303894,983.42065,771.72797,12.595977,1138.8671,1018.7513,229.9684,953.11285,978.13385,333.33093,1127.353,1048.2996,244.01701,969.9915,1008.7884,350.74075,1156.3817,1110.4515,-25.57017,885.7127,1061.2906,90.49346
side_raise_end_30776_flipped.jpg,757.3193,118.23933,-609.074,768.79156,97.28414,-576.0267,777.0525,96.74186,-575.9523,785.5995,95.9764,-575.8964,744.01166,99.754486,-583.2234,735.17554,100.36848,-583.1352,726.4549,101.24788,-583.14636,798.50446,107.43071,-330.0774,716.97345,114.028786,-370.80792,775.8478,139.20636,-514.2762,743.58685,141.60152,-525.4213,876.1561,199.0826,-148.11803,654.55786,223.04506,-228.4561,1025.1555,144.46808,-45.575993,487.23816,230.03453,-347.2937,1168.4296,111.27661,-192.79799,317.44968,210.9223,-598.23474,1209.8529,105.70516,-235.04193,264.2928,209.73177,-652.2555,1206.902,94.34429,-307.9628,265.88235,193.46384,-712.12115,1190.922,98.489914,-235.92632,286.52377,196.88635,-638.0003,869.308,535.6556,35.103718,744.2521,551.6978,-34.105614,929.8561,772.7913,54.07013,753.29926,792.66656,-100.59854,965.5242,978.5369,333.506,790.72144,1009.18414,190.44756,952.77,1015.95465,347.52246,813.6805,1034.0406,201.30203,1041.339,1048.1703,108.79152,757.8377,1107.9736,-71.73501
side_raise_end_32634.jpg,851.00964,166.73004,-563.93536,862.7536,149.85194,-519.2932,869.7402,149.88745,-519.13916,877.01324,149.74338,-518.90356,841.3451,150.4949,-524.624,833.84326,150.54036,-524.5334,826.45087,150.79182,-524.6556,886.64,162.22421,-270.62668,817.9583,163.3033,-303.49072,865.4151,187.7963,-475.57184,837.3207,188.07925,-484.61655,947.04785,260.89935,-135.185,755.42737,267.98456,-195.22559,1096.4758,250.32635,-192.30202,597.0638,263.41748,-257.86856,1235.7922,234.5278,-518.5463,454.93237,250.39214,-494.8199,1278.3077,233.29936,-597.58276,417.9844,248.49432,-550.1522,1274.1649,220.77765,-667.5596,415.6272,234.57257,-620.65344,1260.2992,224.0189,-564.3698,430.63397,236.54614,-540.6392,915.44446,548.6312,33.64146,807.9142,554.43005,-32.88078,922.33813,765.5731,39.52131,794.47345,779.2118,-122.423416,921.67346,958.4864,305.56485,791.88525,989.33203,109.7236,911.1436,985.59595,316.0475,801.86444,1013.9633,115.06257,943.792,1035.8275,43.40582,781.94226,1072.1018,-184.70677
side_raise_end_32634_flipped.jpg,1062.4648,164.77043,-532.391,1073.2592,149.21545,-497.76965,1080.2924,149.32428,-497.69818,1087.6189,149.28232,-497.58328,1051.8085,149.66324,-497.0568,1044.001,149.62941,-496.861,1036.3159,149.81631,-496.62473,1096.5463,162.42393,-278.98068,1026.2114,162.32944,-281.80624,1076.3966,185.56413,-453.19452,1047.526,185.17523,-454.20126,1157.6425,268.60303,-178.21805,962.43933,263.2615,-127.99411,1321.1981,273.74313,-228.73651,817.3812,249.94632,-157.59923,1473.2731,258.11804,-489.0254,686.4489,232.91592,-470.04483,1514.0385,264.01437,-546.0701,653.25226,238.12541,-528.22327,1513.3601,243.73973,-618.1002,653.03925,224.75291,-607.196,1499.1018,241.55173,-529.21277,671.03906,223.50146,-517.4846,1100.7247,548.5359,-6.0634255,993.281,548.91943,6.9902515,1114.1978,766.39056,-58.460606,987.3705,770.694,-59.834576,1130.7327,982.9273,131.0856,984.7038,975.83325,176.06671,1124.1168,1011.5626,138.44293,994.939,1002.3024,185.0567,1140.4303,1059.1968,-134.63907,975.4274,1052.792,-89.54182
side_raise_end_33591.jpg,1068.0698,150.6225,-523.16693,1077.8956,133.55247,-484.6495,1084.8226,133.73407,-484.54434,1092.0752,133.79796,-484.3951,1056.158,133.7632,-490.5399,1047.9446,133.58466,-490.44296,1039.8136,133.67549,-490.49777,1099.2598,147.20471,-262.06534,1026.8665,146.96623,-289.42966,1081.0184,173.04915,-444.0593,1052.0261,172.61197,-451.75085,1163.1737,248.19368,-174.94818,950.90796,247.93492,-188.52765,1307.091,209.89769,-282.9199,806.16156,212.44406,-292.8423,1440.1149,160.73672,-591.5641,676.93463,169.61923,-560.76135,1477.5776,153.87671,-679.555,642.38495,161.59015,-633.4502,1472.4454,137.3837,-730.1807,648.49036,146.10625,-689.73584,1458.7686,141.44148,-631.67706,664.4835,150.49188,-602.3108,1118.4829,557.01184,6.531103,998.9587,559.00006,-5.5807934,1113.4495,761.3312,-119.626366,1003.9703,770.3025,-34.57032,1092.4327,952.87695,160.04543,1021.1682,956.8739,267.6867,1076.8401,978.20386,178.08516,1032.2178,979.8531,281.77716,1117.2109,1033.6709,-55.499447,1022.58246,1039.4121,30.466621
side_raise_end_33591_flipped.jpg,858.9586,147.54594,-547.2962,872.9849,129.761,-514.79877,880.6521,129.896,-514.58875,888.65656,129.93706,-514.50525,851.6383,130.50667,-508.82812,844.1977,130.5208,-508.7016,836.85376,130.82274,-508.7312,904.8994,144.23367,-320.72443,832.9278,144.65634,-282.8246,877.6258,169.89236,-478.21393,848.2737,169.84389,-467.13123,972.5613,246.85085,-215.72308,770.38226,243.52428,-200.60722,1120.4238,212.21158,-335.37125,618.3735,195.72757,-253.86737,1247.9587,182.04553,-678.657,490.0034,133.67137,-448.86063,1286.5759,179.10559,-773.578,453.98178,118.36994,-503.03323,1275.6727,165.49518,-822.2854,463.804,105.55047,-560.8552,1259.6552,169.22173,-717.612,479.67957,113.81281,-488.82413,917.018,555.7019,-15.05474,804.7284,554.4356,16.052118,922.00494,761.61035,-192.35565,828.43884,774.65015,-20.812973,915.84515,952.9681,102.40379,859.4764,965.45105,253.13596,907.2908,976.35944,122.56269,872.5695,990.0807,267.05908,923.9573,1034.1292,-103.12236,856.087,1043.6188,39.67921
side_raise_end_34668.jpg,851.5956,175.80313,-589.34625,863.56335,158.43651,-551.1795,870.7667,158.5749,-551.01917,878.242,158.54224,-550.8013,842.1732,158.66397,-556.7673,834.5448,158.53432,-556.62836,827.0183,158.62991,-556.6792,888.1041,171.52393,-308.8482,818.21375,171.26527,-347.61325,865.9774,196.94754,-500.59323,837.2898,196.66458,-511.27515,945.18176,270.47546,-148.893,754.2802,271.07748,-224.56732,1095.7615,255.11539,-163.69067,594.21924,260.1072,-287.57007,1233.969,233.03888,-460.77878,450.0202,243.8509,-514.342,1274.1826,232.0747,-528.83923,412.66882,242.26373,-566.949,1273.2574,217.13692,-599.67096,409.1788,229.47728,-639.5106,1259.9807,219.30551,-505.2258,424.96606,231.01405,-558.8207,913.0054,554.5934,44.539585,805.1418,559.7318,-43.71766,924.37085,771.3732,55.58049,794.2823,782.6801,-129.75122,926.59796,974.67725,290.9336,788.33563,990.6791,101.79408,915.3293,1005.9185,298.70367,795.01166,1015.30536,106.89535,957.26294,1044.2227,31.435535,787.62085,1069.9811,-187.92378
side_raise_end_34668_flipped.jpg,1059.1617,174.37025,-453.16785,1071.353,158.48514,-425.86667,1078.6144,158.60803,-425.77563,1086.1842,158.604,-425.70398,1050.351,158.98607,-420.3641,1042.8788,158.91403,-420.23087,1035.5275,159.05342,-420.12466,1098.3147,171.6611,-234.86426,1028.4435,171.30612,-214.56305,1074.5784,195.06798,-383.06204,1045.8636,194.67508,-377.2176,1161.9077,276.74344,-141.41568,967.6211,269.6753,-94.02282,1326.6915,272.27744,-220.57588,817.00696,241.74649,-210.88599,1477.5029,251.70319,-475.33057,691.05005,214.36832,-574.4413,1518.0829,255.6956,-526.8608,654.8551,215.40515,-645.3177,1516.4297,235.26819,-593.7434,662.47516,202.54735,-709.26965,1501.5078,233.96713,-513.5416,681.07166,203.93195,-618.6563,1100.3505,556.5995,-10.83021,992.375,555.9638,11.829305,1119.0067,776.1134,-85.67228,986.2008,777.7851,-67.52407,1136.5347,994.56024,81.164474,988.33673,987.56573,138.84805,1130.7289,1024.874,85.66683,999.58777,1016.7584,145.0158,1145.1449,1067.5552,-167.46198,974.1847,1059.231,-104.64769
side_raise_end_34690.jpg,1005.5459,147.30487,-509.52777,1017.93,130.77107,-470.67575,1025.2902,131.18079,-470.45074,1032.9796,131.44873,-470.36508,996.0941,130.57217,-469.2671,988.3162,130.24721,-469.1705,980.62213,130.17673,-469.28375,1045.0494,145.43964,-243.43881,972.28784,143.17142,-239.08792,1021.23114,169.5509,-429.32416,991.68274,168.54854,-427.85822,1111.8618,245.35585,-151.95554,904.4328,247.21556,-124.7843,1260.3735,213.03027,-228.48526,760.7117,228.73547,-169.39702,1393.9187,176.86145,-510.065,638.3529,178.90732,-414.33847,1433.7289,173.71747,-587.27185,604.91956,168.49431,-484.94867,1425.9475,159.62013,-643.33856,610.16364,152.33968,-541.44867,1412.0071,162.34412,-550.4608,624.46576,157.88918,-456.08456,1068.7572,559.591,-2.4481125,953.6155,562.15466,3.5047808,1074.1326,770.43994,-22.330196,974.3922,774.4598,-10.127148,1059.9646,961.21246,278.43433,993.1634,962.5625,321.33844,1045.7711,985.206,296.6131,1000.88446,983.24054,337.38535,1081.9253,1044.6345,45.834396,1005.6614,1046.0521,59.6311
side_raise_end_34690_flipped.jpg,907.298,153.05074,-536.4656,922.4825,136.20213,-503.58975,929.73035,136.99054,-503.44876,937.32733,137.67554,-503.39236,902.34344,135.04042,-498.84,895.28613,134.29022,-498.7406,888.3071,133.8158,-498.84882,951.2914,151.775,-304.225,883.41516,145.62634,-273.06024,922.6792,175.91565,-465.40652,894.996,173.33597,-456.30453,1015.8753,254.32701,-204.06128,811.43713,247.53883,-180.70004,1169.3105,226.44531,-290.54465,666.1116,216.37509,-217.4896,1294.6498,199.07452,-612.78046,538.28436,154.68759,-439.07837,1330.4363,197.33069,-703.6888,504.55273,141.23244,-501.44943,1320.6427,181.8258,-759.7655,512.1112,125.66926,-565.41864,1306.4982,184.48917,-652.45087,528.86,133.03557,-482.10962,956.48755,561.6543,-20.074009,847.0425,560.23206,21.089243,950.3915,762.6709,-120.40565,860.5437,772.3801,23.247475,949.2581,937.3028,171.56679,889.7651,956.28485,320.45462,944.4313,958.674,190.5452,905.1441,980.0304,336.3061,947.5365,1014.9637,-35.48923,876.6691,1033.7313,106.028046
side_raise_end_35131.jpg,1174.1516,117.4506,-517.8292,1189.8522,100.92588,-479.14932,1197.9921,102.00217,-479.00903,1206.5023,102.96677,-478.90448,1165.7289,98.4537,-478.86044,1157.2095,97.201675,-478.7034,1148.7048,96.275604,-478.65076,1218.1791,118.602104,-237.16148,1137.8337,108.33892,-240.76532,1188.7738,141.79657,-429.65253,1156.4878,137.46269,-430.20618,1275.6212,230.30482,-106.882935,1055.3029,202.86789,-104.151505,1440.924,209.47655,-155.0972,904.655,180.98767,-101.14837,1593.2954,211.78697,-425.8975,760.6626,113.58097,-275.15714,1637.383,218.9512,-495.092,720.5015,102.040085,-330.4502,1634.8596,205.02824,-556.5165,726.0872,84.14979,-399.87775,1618.574,204.04486,-468.1217,743.3318,89.85099,-318.24854,1162.3809,558.0695,5.063709,1038.9303,535.81116,-3.995643,1146.0507,800.38574,15.592834,979.5877,764.3984,-27.699234,1137.8744,1000.21106,331.20294,953.876,967.2815,308.88858,1120.3313,1028.9965,350.89984,970.84766,996.0748,327.65073,1177.6451,1093.7645,98.63651,888.27155,1055.6829,62.53203
side_raise_end_35131_flipped.jpg,747.4153,120.546135,-593.4181,757.89606,99.51923,-561.709,766.21405,98.64305,-561.67487,774.8336,97.54147,-561.618,733.1009,102.98218,-567.34735,724.13293,103.981415,-567.2739,715.309,105.250626,-567.2995,789.0733,108.52518,-330.52914,706.4363,118.53934,-359.6317,767.5194,140.96538,-504.59125,734.85944,144.67369,-512.64655,870.6684,198.48834,-151.3026,649.0105,227.41821,-218.549,1015.0755,151.62555,-46.8735,483.72958,226.542,-299.3885,1155.6329,114.53292,-182.31364,319.7343,202.90114,-491.5919,1196.2897,108.28587,-224.2811,269.6676,200.84459,-537.8888,1192.2108,96.42476,-293.88623,273.84985,185.62213,-598.4416,1175.2653,101.97027,-224.4461,293.95883,188.95331,-529.2002,864.2101,529.56195,17.583284,740.93317,549.73486,-16.80279,930.6186,755.7011,25.884768,757.0421,787.3364,-41.11537,962.8189,968.4452,282.595,795.91205,998.8457,264.98706,949.24756,1006.455,295.2276,823.20605,1026.0444,279.43488,1037.5347,1038.8893,70.9425,744.0886,1092.6836,38.681263
side_raise_end_41697.jpg,854.46295,177.3458,-501.14783,867.27435,159.64528,-464.99158,874.75635,159.9243,-464.87012,882.5259,160.0226,-464.69568,845.69354,159.44353,-470.32553,837.9828,159.11353,-470.2122,830.3579,158.98303,-470.45447,892.9071,172.58145,-238.19734,821.6046,170.61523,-274.58005,868.9327,198.44405,-417.49475,839.7825,197.60196,-427.19772,944.50946,266.92755,-84.64212,756.6856,266.21457,-173.7752,1090.7585,247.54623,-101.6753,600.6268,251.29214,-248.14557,1231.0231,222.1088,-387.51816,454.9023,223.21774,-453.77127,1274.0675,217.63885,-448.91486,415.3817,216.78586,-499.359,1275.1987,207.19955,-517.2268,412.557,202.00256,-566.68097,1260.5692,212.30672,-431.0431,427.4641,207.11577,-496.0663,910.8966,546.5187,46.033222,802.5173,554.6371,-45.07438,926.6196,763.25903,55.596264,794.0723,787.7273,-150.8842,925.5104,974.02496,270.42886,794.6669,1013.6699,18.803318,915.6673,1005.52246,275.19598,803.399,1041.9319,17.894869,951.9831,1046.4982,32.015106,784.90204,1091.1521,-258.1885
side_raise_end_41697_flipped.jpg,1062.3207,183.13618,-598.4789,1073.3989,165.81259,-569.0095,1080.973,165.70834,-568.883,1088.8254,165.47075,-568.7965,1051.4338,166.74542,-566.8267,1043.4698,166.80394,-566.652,1035.6459,167.09909,-566.4283,1099.3862,177.85579,-358.83768,1026.7163,179.29668,-348.84937,1078.1201,202.70352,-519.7397,1047.8739,202.87346,-517.0639,1156.1682,273.74536,-231.18979,968.30054,272.9193,-183.82333,1320.4539,251.69351,-300.07535,812.90375,249.82095,-239.19392,1471.2218,228.4739,-562.66846,683.37537,217.51224,-531.0675,1513.2798,232.844,-624.4274,647.09705,218.10486,-578.8331,1510.1322,213.83809,-688.49976,648.93066,202.02757,-653.5248,1494.8685,212.46597,-602.25806,665.0249,202.5823,-576.51733,1096.0244,552.13745,-7.3557434,990.02783,551.165,8.084991,1115.8474,777.28217,-86.14197,980.7651,774.58453,-40.4838,1128.2643,1002.9996,88.92297,978.9133,984.12976,197.17264,1118.5841,1035.7639,93.189674,990.95294,1014.1684,205.26181,1150.0974,1076.8387,-179.21722,959.73944,1057.4225,-59.67877
side_raise_end_4342.jpg,855.11926,171.94183,-476.52533,866.8957,155.14374,-438.58496,874.04987,155.256,-438.43048,881.4935,155.19426,-438.24542,845.349,155.47655,-444.11008,837.7594,155.43733,-444.05484,830.2584,155.59435,-444.2767,891.3693,168.03743,-211.14441,821.22144,168.27383,-246.98077,869.7646,193.63017,-393.45575,841.20715,193.59918,-403.35425,949.6833,269.8813,-67.76295,755.36505,270.0004,-148.6064,1093.6884,263.8451,-72.421715,595.31946,258.87354,-216.59212,1231.2935,250.55289,-369.2839,447.91434,247.99234,-435.75632,1272.1759,252.66403,-442.54083,407.2294,247.68227,-494.3053,1271.0391,239.32545,-513.96136,408.26776,233.43661,-561.38635,1256.7805,241.69264,-415.27838,422.8375,235.37473,-480.43756,915.0676,556.4433,40.29798,803.7057,561.6956,-39.24595,929.33527,769.54956,28.455244,794.97046,784.7308,-134.6591,921.3792,972.511,262.98865,794.2138,996.7389,97.70507,907.82666,1002.6025,271.29544,802.78467,1021.43896,102.41457,952.79517,1047.556,28.52869,790.16034,1079.0638,-178.2918
side_raise_end_4342_flipped.jpg,1068.6885,176.12361,-473.86987,1077.6428,159.94699,-442.7285,1084.5431,159.70534,-442.58426,1091.7401,159.32292,-442.50186,1056.4097,161.09808,-444.2769,1048.5814,161.3182,-444.1384,1040.8608,161.74216,-444.11752,1099.3268,171.6389,-229.47801,1029.355,174.34073,-248.18655,1082.3777,196.01079,-394.8824,1053.8381,196.7596,-400.47925,1159.0126,274.5605,-120.35387,963.42957,272.08646,-119.96321,1321.116,276.51013,-181.98547,814.8502,257.83453,-238.64839,1467.545,253.11464,-467.88007,683.1001,246.68552,-585.2915,1509.4047,257.88934,-530.7081,645.27637,250.71745,-651.2139,1505.1719,240.52504,-599.0309,646.4281,238.19229,-720.9374,1489.9172,240.44519,-508.83636,663.95703,238.93358,-631.47174,1100.7668,556.5838,15.450016,989.71106,557.082,-14.556208,1118.1735,779.2686,-31.359705,983.7402,784.22437,-97.71738,1128.2751,1000.5164,143.83261,974.76,992.55194,131.49094,1116.5222,1032.6562,148.19672,981.0995,1018.3991,137.8101,1154.5862,1069.9337,-120.17183,975.51404,1068.4054,-139.15912
side_raise_end_43597.jpg,1044.386,146.2769,-546.7758,1055.6122,128.62791,-510.54153,1062.7876,128.9278,-510.41592,1070.2725,129.09976,-510.26614,1033.5919,128.68697,-514.6495,1025.5228,128.46414,-514.544,1017.5277,128.50586,-514.5726,1079.4484,142.94872,-290.77856,1006.30176,141.77644,-310.95493,1058.572,168.88167,-468.24365,1029.2069,168.16614,-473.72845,1144.9993,242.89803,-192.44717,933.6666,245.61705,-201.8941,1291.97,200.07967,-281.31506,789.86945,217.81984,-287.32785,1426.3723,166.20264,-583.9824,660.5085,171.35425,-550.9167,1464.5686,163.50192,-672.00507,626.1238,161.21086,-622.3166,1458.6271,147.57086,-724.4966,631.5118,146.1569,-684.8442,1445.0455,150.7537,-624.3214,648.0486,151.41525,-593.8667,1104.0798,557.7733,11.325318,986.4671,559.5042,-10.450911,1100.2325,766.0766,-42.551502,998.4595,765.93524,-42.22998,1084.3281,951.1977,232.90912,1013.68665,952.3144,258.41702,1070.5409,975.7067,249.37329,1020.71606,975.01227,272.31845,1105.5872,1029.2109,21.836111,1026.3643,1031.5264,23.43964
side_raise_end_43597_flipped.jpg,875.0029,141.82242,-531.6348,888.3406,124.31482,-497.68924,895.77997,124.54473,-497.52463,903.57,124.66636,-497.4619,866.81244,124.50546,-493.98004,859.25653,124.31099,-493.85037,851.7781,124.3866,-493.85593,916.98517,137.85939,-295.16614,845.1813,136.76466,-264.933,891.4879,163.5627,-459.1602,862.42114,162.93785,-450.37424,981.7962,239.6585,-210.92546,776.0651,236.95418,-159.74344,1127.793,215.32349,-378.40268,627.6861,200.59073,-207.07652,1256.4845,187.3863,-800.9276,500.6262,145.19202,-453.71262,1295.8356,186.95714,-911.8346,466.8758,134.58891,-516.8277,1284.0847,173.40157,-963.2658,476.12228,119.308205,-579.50745,1268.5002,176.51727,-842.4268,491.0822,125.99654,-496.44183,927.0858,549.51013,-27.30377,812.049,550.4716,28.21902,925.8575,759.83344,-150.4157,827.102,770.48926,19.763144,918.31024,948.9953,149.8297,844.62506,959.3631,321.8578,912.25616,970.3984,168.96548,853.8244,982.2317,337.11154,914.2998,1033.8478,-69.34414,850.11914,1041.7231,90.26427
side_raise_end_43626.jpg,849.6791,171.57333,-461.88812,861.4674,157.18593,-425.29132,868.45044,157.57797,-425.16135,875.73126,157.7878,-425.0344,840.2699,157.37291,-427.81076,832.84546,157.42694,-427.75784,825.5302,157.6797,-427.86774,885.5701,172.83405,-217.22871,816.5605,172.39696,-233.43788,863.8101,194.444,-387.3533,835.6248,194.01799,-392.03864,945.5322,276.7957,-119.57945,751.8769,278.9144,-125.144104,1092.4946,260.04953,-205.69684,590.3034,254.56638,-193.34447,1230.5942,241.8821,-517.63464,446.18192,241.4906,-418.08658,1272.2808,242.16263,-595.78204,408.17365,241.41165,-463.91522,1270.4397,231.93756,-654.1074,409.11505,230.44269,-535.5823,1255.0775,234.96138,-558.3178,425.1879,233.03865,-463.043,909.19434,555.02106,4.0692253,799.99506,560.2661,-3.2330062,921.94055,771.75604,-33.422913,787.7573,785.88934,-90.871376,920.3069,982.10455,173.99614,792.24133,1005.90485,104.322426,909.96234,1011.1612,180.76184,806.2165,1033.64,107.381165,939.33795,1057.5413,-65.71858,771.0897,1083.9438,-157.76717
side_raise_end_43626_flipped.jpg,1068.8527,170.4246,-476.8176,1079.3009,155.7136,-442.60773,1086.0525,155.79628,-442.4923,1093.1174,155.72966,-442.4111,1058.4182,156.28845,-443.04358,1050.9202,156.35803,-442.8871,1043.5153,156.64497,-442.8486,1101.741,169.47147,-229.06767,1033.7554,169.94308,-243.09706,1082.3602,192.01332,-400.5248,1054.58,192.03851,-404.1761,1163.6211,277.4983,-119.65112,965.9648,274.88916,-123.48845,1326.0361,271.00012,-158.97708,822.5985,263.98883,-205.53189,1472.5498,247.7326,-435.2462,686.28064,237.14694,-521.4912,1513.3495,250.16603,-494.2413,651.6378,235.90965,-592.83496,1510.3109,233.0224,-565.29596,649.3187,222.90846,-662.11176,1496.4579,232.80511,-476.56064,667.2932,224.60234,-567.84045,1106.2411,558.5979,19.9926,994.57935,560.2329,-19.005915,1116.4359,780.6874,-9.658068,992.9107,789.26355,-110.48906,1123.6953,992.24207,203.86346,980.4712,998.5941,121.19193,1114.2129,1020.4214,212.26093,984.2766,1021.3127,128.51941,1141.6462,1069.1361,-47.10623,990.2277,1083.3878,-146.22508
side_raise_end_44636.jpg,1054.3839,152.74188,-566.73535,1065.0825,133.09473,-533.79376,1072.4387,133.19537,-533.6738,1080.075,133.15688,-533.5128,1042.342,133.08516,-539.73315,1033.8833,132.6343,-539.63257,1025.5128,132.42377,-539.6959,1088.0686,144.28098,-311.22745,1012.40295,143.12169,-341.69467,1068.115,173.9872,-485.0825,1037.9673,173.19418,-493.50003,1152.0254,237.96587,-207.2787,940.2181,243.51581,-220.2044,1295.5894,202.02795,-308.44458,799.32544,228.88936,-309.25073,1426.6849,158.8411,-594.1202,668.6744,186.4072,-574.31177,1465.9325,152.07166,-674.9088,631.71545,177.16475,-641.25854,1459.6862,138.85991,-725.2061,635.63824,161.13763,-700.6819,1445.6904,143.54716,-632.98193,652.43225,166.00436,-615.7662,1115.4589,546.4663,13.274835,998.01324,552.09076,-12.486942,1102.117,760.0666,-13.172546,1005.5374,771.8336,-52.483017,1079.0415,948.9394,249.29237,1019.47565,965.5961,223.45628,1064.1792,972.58923,264.28592,1027.8726,986.9818,234.80339,1099.0104,1034.6573,44.26909,1027.4031,1053.7087,-16.514688
side_raise_end_44636_flipped.jpg,867.7575,150.01952,-630.37555,881.68646,132.33554,-591.082,889.1941,132.7128,-590.883,897.02136,132.9729,-590.7108,860.04803,131.91322,-589.9432,852.59283,131.43361,-589.83685,845.1964,131.22768,-589.97656,910.8811,145.63438,-367.68604,838.9773,142.81227,-347.63565,884.4236,171.53072,-551.3585,855.03876,170.0907,-545.1914,974.8954,246.28691,-255.75099,770.1029,240.02412,-239.43878,1125.1718,222.71729,-390.1575,620.0028,206.73671,-274.9995,1248.4062,195.86227,-776.26013,489.2777,143.67004,-469.6052,1284.841,193.16132,-882.68756,456.4138,127.58581,-516.00104,1276.0771,179.16162,-932.1204,458.6674,111.32251,-576.56665,1262.1597,183.133,-817.34686,473.1183,119.21117,-510.8863,919.2512,542.9086,-7.895761,807.0432,542.5813,8.448708,914.2025,749.9065,-80.79309,825.1588,764.8051,35.438015,911.3018,929.17413,225.96638,844.98425,949.46893,349.76306,905.477,946.78577,244.20172,852.92914,967.8589,366.45303,909.1823,1019.63446,-5.753522,859.3771,1040.1139,110.59567
side_raise_end_47180.jpg,1169.2013,115.20131,-559.3347,1185.5295,96.77537,-524.99414,1194.3756,97.63011,-524.8667,1203.5962,98.37362,-524.6991,1160.1971,94.58617,-521.7641,1151.1997,93.358734,-521.64233,1142.2239,92.42887,-521.5635,1217.2933,113.45036,-300.03857,1132.0049,104.21921,-286.2973,1185.9517,139.54773,-476.71555,1151.743,135.5278,-472.27823,1277.8789,229.41052,-154.44272,1048.2408,195.50272,-160.4501,1442.7982,235.93068,-198.68298,890.9123,171.2106,-183.93246,1603.3096,236.47511,-444.43658,738.7296,88.83157,-353.40768,1648.9978,240.46814,-500.67908,697.24963,70.83301,-398.61874,1652.0623,225.50203,-565.668,697.9333,49.968365,-468.1047,1633.6005,226.00237,-487.99197,715.06335,58.05738,-396.63977,1160.8257,550.23615,5.465728,1032.17,529.9829,-4.1587663,1139.8846,798.3557,15.755474,981.0783,770.8322,-38.980896,1134.293,1005.7477,307.67325,954.70514,978.4338,276.53873,1119.0804,1034.1394,323.76614,968.71674,1006.0883,292.55466,1165.5583,1099.0371,70.066765,902.1829,1068.4075,28.677097
side_raise_end_47180_flipped.jpg,751.09155,118.07414,-641.1786,760.3111,96.0138,-608.9374,768.5707,94.46734,-608.84595,777.1238,92.69904,-608.6644,735.79297,101.13271,-612.30096,726.9455,102.6253,-612.2173,718.21234,104.44055,-612.21136,791.46796,103.10471,-369.94553,709.8793,118.52418,-391.7211,771.9138,137.34499,-550.7174,739.55194,143.0959,-555.78314,881.6322,195.66507,-182.44598,651.4341,231.05966,-256.50867,1033.5319,132.2037,-107.502335,487.0444,242.13042,-380.21832,1175.9683,93.02995,-247.26111,319.8058,224.19603,-649.93805,1214.9531,83.557076,-286.28128,269.80832,223.60698,-711.22296,1215.1998,71.535286,-358.95178,271.17252,206.76337,-769.7902,1199.8695,77.080894,-290.1951,292.66965,208.21278,-689.89905,872.5438,534.6922,29.402996,745.30206,552.76807,-28.578196,923.4952,769.4253,106.29249,755.2697,795.94824,-75.51579,963.4068,975.95917,418.2231,783.806,1014.49963,239.12758,954.04944,1013.236,434.9377,807.0464,1041.104,254.16295,1030.7625,1043.6162,200.08809,741.6932,1112.9214,-1.7441219
side_raise_end_49705.jpg,1038.3805,130.96175,-513.50964,1052.5679,116.300865,-474.60568,1060.0068,116.986115,-474.4753,1067.7665,117.52942,-474.3231,1030.4517,115.94646,-473.57535,1022.9505,115.7759,-473.47272,1015.53723,115.87133,-473.53192,1081.9017,133.98393,-258.4985,1009.1663,131.16489,-253.37968,1055.051,155.41771,-437.7221,1025.8179,154.08931,-436.0531,1151.9325,240.78337,-168.51796,937.8021,243.21802,-163.1804,1296.9562,197.91354,-273.01367,791.53827,220.70642,-224.32414,1428.4365,168.91103,-577.4968,664.67816,186.31177,-466.26526,1466.7277,166.84328,-667.4139,630.7074,178.52756,-532.10767,1459.4296,154.43187,-722.12286,637.1423,165.37167,-597.54803,1446.0546,157.55173,-618.6029,653.4425,170.41307,-510.4095,1106.9515,552.4428,3.7106595,987.0758,554.8135,-2.8420722,1101.8798,767.92285,-76.75192,995.365,780.8655,-49.017887,1079.0431,964.6302,217.24951,1011.1713,983.35785,244.32266,1062.8629,990.6082,235.14537,1020.46533,1007.2658,257.1727,1101.6898,1044.203,6.748658,1018.5965,1065.6902,0.2777294
side_raise_end_49705_flipped.jpg,872.44824,133.00189,-613.81714,885.3898,116.54963,-569.5699,893.15326,116.707085,-569.3898,901.2663,116.75195,-569.3477,862.9672,117.11122,-565.7318,855.1704,117.22098,-565.6642,847.3913,117.616486,-565.8055,915.87573,132.65846,-336.81885,841.38605,133.07968,-304.45343,890.6438,157.0663,-533.18176,859.8376,156.97615,-523.7305,987.6598,245.73401,-241.00381,775.5701,240.7257,-173.95273,1146.2117,217.79016,-379.3957,624.32635,213.64243,-180.07277,1261.3357,200.75584,-764.2765,488.094,156.97029,-417.4033,1296.4395,205.07298,-863.8465,454.7203,145.22346,-468.31995,1284.094,190.38445,-922.189,457.36807,129.62212,-528.94183,1272.2555,192.24219,-805.786,472.90936,137.683,-457.89435,925.212,559.32855,-28.116396,810.80066,551.7055,28.998352,911.12744,761.70715,-117.93695,819.06055,763.5153,102.447716,907.6791,934.1405,249.83122,845.6145,945.9321,496.9536,902.7725,953.3691,273.32867,861.78546,968.42084,519.8373,900.14197,1016.59424,8.347442,831.8163,1029.4409,256.23825
side_raise_end_49980.jpg,1161.3898,116.77474,-559.9624,1176.3845,99.50861,-523.1467,1184.8263,100.48811,-523.02747,1193.6321,101.34653,-522.9185,1151.5513,97.33815,-522.3518,1142.5104,96.171326,-522.19434,1133.4833,95.31979,-522.04504,1204.9977,116.968575,-294.56073,1121.0358,107.74978,-290.8891,1176.4773,141.43341,-476.73923,1142.8611,137.45622,-475.32776,1264.4337,227.7024,-173.84471,1038.6619,203.56473,-145.50305,1430.5155,216.38916,-228.73615,880.3955,185.91008,-116.61017,1589.3225,209.75246,-471.44217,732.2814,114.52561,-229.71645,1634.4896,213.46954,-531.3566,692.81085,101.017,-267.31476,1634.7902,197.81699,-593.24384,694.5415,81.74188,-337.90674,1617.1523,198.07297,-512.76105,711.8516,88.18408,-271.14688,1160.0037,551.47546,-10.627625,1034.037,533.9918,11.724089,1150.7704,791.4693,-18.021828,987.2991,763.4532,18.627832,1148.7112,995.77356,277.40247,966.00336,961.45807,350.41205,1133.888,1024.0585,295.52405,982.60345,990.4641,369.33008,1177.9247,1089.5382,46.96464,905.07697,1047.7863,113.75306
side_raise_end_49980_flipped.jpg,759.0734,118.11138,-761.35767,770.6432,97.74293,-727.3752,779.0867,97.01023,-727.2966,787.8112,96.05159,-727.1799,745.67975,100.86576,-730.8413,736.9386,101.77303,-730.72906,728.3047,103.033356,-730.5773,803.36926,107.921005,-476.3966,720.9874,116.81266,-494.75623,779.71405,139.10378,-665.192,747.2623,142.23618,-669.696,888.51086,201.47627,-274.34167,661.1052,224.07526,-332.72528,1038.2661,145.36635,-160.32973,493.60806,225.10179,-452.80798,1189.5181,116.77822,-262.1478,324.4041,194.50793,-695.9057,1231.6509,110.29335,-294.20898,274.91528,190.79866,-745.0068,1230.3053,98.29183,-370.6359,274.243,172.50555,-808.0186,1213.7018,101.790924,-305.47736,293.90475,175.80496,-735.4546,872.6399,531.9885,19.961174,747.9583,545.5949,-19.22018,929.62164,767.98,73.39363,759.71375,790.88275,-27.900757,964.72205,970.576,418.05215,792.11444,998.5122,332.7174,952.7027,1006.1368,438.54297,818.4943,1022.5143,352.4501,1033.6931,1045.4789,201.88727,742.94586,1100.623,89.28059
side_raise_end_7829.jpg,1177.2137,129.47061,-585.665,1191.3333,109.59194,-549.53186,1199.7732,110.54057,-549.4314,1208.5635,111.37395,-549.2573,1166.5403,106.82268,-552.6536,1157.1415,105.17547,-552.47296,1147.7528,103.84253,-552.33374,1217.307,124.62416,-315.24258,1132.9519,113.734665,-327.89526,1190.8394,153.37238,-498.99948,1156.9937,148.64511,-502.51157,1271.5242,235.88469,-182.88866,1049.6434,201.37373,-173.98181,1431.4636,236.2687,-220.94351,895.25323,173.26599,-144.23244,1586.1118,228.20612,-486.41354,748.79846,100.437515,-269.30743,1628.5688,231.72679,-553.13086,709.9653,87.22663,-307.52795,1630.4503,212.57054,-616.90796,711.09143,67.88598,-380.98898,1613.5863,211.8831,-529.20544,729.0411,74.76073,-310.92767,1167.3684,557.16455,-7.3865447,1041.4465,536.72595,8.439442,1149.1304,802.5425,-30.06828,989.74316,772.2646,29.415995,1141.2537,1012.45404,267.8367,961.8839,968.0682,388.6885,1126.8711,1040.0197,286.25064,976.65894,996.42926,410.55017,1159.609,1110.769,29.152534,902.7312,1056.4695,148.53297
side_raise_end_7829_flipped.jpg,755.77094,122.188995,-595.6429,765.5341,99.122795,-561.0799,774.1089,97.49139,-561.0055,782.99786,95.63863,-560.9718,740.2587,104.12686,-562.07794,731.1467,105.52421,-562.0057,722.14136,107.206856,-561.9533,798.4985,105.06168,-330.67877,713.75507,120.35849,-333.78708,777.64465,141.76828,-509.50104,744.23535,147.4564,-509.9647,890.8278,201.73557,-184.09245,656.12085,231.69104,-194.02116,1042.7655,152.36855,-187.69429,488.871,236.66985,-247.00136,1179.4064,110.4107,-394.09476,323.25308,215.46475,-459.57224,1220.4131,102.81761,-453.6715,276.4413,214.9358,-505.4005,1216.0042,91.63499,-515.59424,278.64047,197.64708,-571.95685,1199.4175,96.82268,-434.8339,298.14264,200.58066,-501.71088,872.3444,547.5336,-2.2590053,741.9928,561.62445,3.243795,931.7001,780.32886,16.293148,759.21704,798.3716,-25.908705,973.21027,973.00134,334.0881,799.81903,1004.93384,302.04666,964.00336,1004.92285,353.6101,826.71436,1030.2941,319.40884,1033.0784,1051.808,117.129555,755.8472,1103.7722,65.86955
side_raise_end_8017.jpg,1024.9326,136.12479,-553.3,1038.4758,121.43622,-509.90558,1045.6265,122.04187,-509.72522,1053.0691,122.492065,-509.52783,1017.1557,120.913185,-511.8151,1009.9601,120.569695,-511.72708,1002.8535,120.48369,-511.89365,1066.8029,136.39806,-267.61978,997.1388,133.34097,-281.1968,1041.1075,158.38016,-467.8342,1013.10767,156.94125,-471.45483,1137.9277,236.61461,-157.29822,929.61194,236.58644,-191.21736,1284.5018,192.4927,-239.6254,784.10236,221.10634,-277.80133,1406.5813,157.82274,-530.4039,661.7901,181.47716,-535.4339,1443.3572,153.09251,-622.8921,629.3834,172.73322,-613.79706,1436.0925,141.59586,-674.4414,633.3537,158.53091,-672.53723,1423.304,144.03485,-571.42096,648.56635,162.19754,-577.8925,1100.1898,545.2357,19.01109,985.34045,546.3038,-18.0776,1095.973,757.8529,10.933014,997.25134,761.7085,-31.281574,1083.4746,949.4958,310.13898,1014.6936,953.5048,320.6464,1069.7303,977.65594,326.9209,1025.4205,975.7917,338.07843,1114.1243,1021.91956,76.43572,1017.27515,1034.1522,58.007217
side_raise_end_8017_flipped.jpg,885.67694,139.56955,-616.51715,898.7423,121.9803,-580.5904,906.11176,122.23695,-580.4163,913.82556,122.36834,-580.3539,877.83984,122.12154,-575.6926,870.32196,121.84457,-575.6172,862.88495,121.834015,-575.78613,926.943,135.9306,-366.91382,856.4973,134.4426,-327.0098,902.06464,161.29132,-540.36505,872.81055,160.46368,-528.67993,991.04785,240.50969,-261.9266,791.52423,234.82024,-193.87907,1149.7334,221.99263,-363.72772,642.62366,201.8329,-187.03592,1276.1046,196.0793,-708.6764,514.16547,142.11151,-403.3711,1313.9858,194.00952,-803.3406,480.8328,130.82753,-449.29105,1303.8516,180.52588,-864.19025,485.6037,113.9806,-518.12805,1289.188,183.99942,-750.2622,501.06778,121.48981,-446.9886,931.44183,541.20715,-39.60476,825.133,540.25287,40.350864,921.4039,750.92316,-100.043045,840.1957,760.06616,91.10109,919.40485,932.5995,193.48125,862.68555,946.89014,412.11215,916.9151,950.9478,210.19482,875.5072,968.6152,430.04745,905.44275,1021.6076,-43.182167,856.9359,1032.5936,180.1732
side_raise_end_8574.jpg,850.331,172.17863,-521.31177,860.4735,157.74019,-485.1635,867.4476,157.88908,-485.01578,874.70667,157.86604,-484.8072,838.7284,158.6568,-487.94855,830.99023,159.01567,-487.8787,823.355,159.597,-487.9141,883.57776,172.96753,-270.64658,812.52435,175.42844,-285.9807,864.2336,195.39528,-443.52222,835.61896,195.99568,-447.9073,945.4441,280.28464,-159.32436,750.6753,282.77243,-164.03299,1093.5302,276.05847,-235.98022,590.0181,269.8344,-242.62561,1232.2439,266.03854,-546.61523,446.75626,266.84427,-492.69778,1272.674,268.38168,-617.04785,406.40613,267.7259,-539.5976,1272.1968,255.36795,-682.30176,406.93707,258.69708,-613.1973,1257.3447,257.5105,-588.5017,425.00815,260.8926,-538.2215,912.9864,553.54425,-0.033713944,803.1459,558.2829,0.87828636,936.48315,753.4254,-172.40198,789.1123,782.8754,-102.614716,929.5043,978.8475,43.60909,792.68146,1005.34393,77.68004,917.73486,1008.77936,50.94619,805.3052,1033.7343,78.59434,946.255,1054.7144,-208.49841,776.0281,1082.6791,-189.03607
side_raise_end_8574_flipped.jpg,1067.3738,179.54044,-611.0451,1077.7593,163.0926,-581.8634,1084.8424,162.97458,-581.73206,1092.2236,162.674,-581.6157,1056.4291,164.1611,-583.0393,1048.7361,164.3473,-582.8974,1041.1427,164.76277,-582.7035,1100.7012,174.97873,-366.72882,1030.9512,177.06906,-378.4648,1081.1492,199.70776,-530.61536,1052.6064,200.18692,-533.7508,1157.9333,281.14432,-221.46988,967.50757,275.59235,-230.89351,1322.0635,284.66806,-263.3041,815.93274,269.35446,-285.1761,1472.4984,271.71045,-541.1092,679.4561,253.588,-586.6573,1514.9642,274.7085,-595.9218,641.467,254.98123,-639.31494,1514.0604,260.62323,-672.3157,641.4269,245.70639,-719.0817,1499.2213,261.28958,-583.2922,661.1092,247.3424,-633.33716,1099.5221,555.27295,23.155205,993.95374,555.2892,-22.535238,1122.0377,772.9448,-20.457445,987.18225,781.062,-109.249176,1136.3556,986.1538,175.87222,977.9713,995.59686,98.641266,1127.8695,1016.96454,180.91776,984.6128,1024.4956,102.87833,1156.8992,1052.2778,-86.88465,972.61127,1065.231,-174.7715
side_raise_end_8898.jpg,857.5634,167.67639,-477.50397,868.55206,151.7226,-435.23267,875.758,151.83679,-435.1119,883.2728,151.77838,-434.96143,846.12946,152.4085,-440.74072,838.2259,152.59041,-440.62793,830.4292,152.98586,-440.69907,891.7875,165.98798,-201.86165,819.1652,167.44977,-234.47758,871.66534,189.9696,-394.00485,842.14484,190.27382,-403.29648,951.45996,269.62064,-91.06071,751.3313,273.2074,-130.76115,1101.6136,253.40135,-166.94989,594.10754,258.56262,-186.66095,1240.7284,230.52544,-508.4384,450.52103,240.88614,-415.90985,1282.473,230.94138,-591.2502,413.0477,240.89561,-467.05838,1277.9119,217.25104,-653.52966,412.66437,226.32027,-539.13605,1263.4409,220.01146,-551.35815,427.723,228.22049,-460.5937,913.2199,553.41064,23.327305,800.43506,558.82275,-22.499468,931.0691,769.3786,20.641207,790.3482,787.1253,-109.72807,932.2254,965.1779,281.6681,790.0266,998.15436,107.30751,920.848,992.9514,293.40695,800.3038,1023.884,112.53472,955.653,1040.059,38.425682,778.7294,1077.9114,-171.85101
side_raise_end_8898_flipped.jpg,1056.967,170.42148,-551.3521,1068.8123,153.3447,-522.9361,1076.0013,153.07205,-522.79266,1083.5088,152.63875,-522.66925,1047.9187,154.72145,-519.69257,1040.5698,154.98003,-519.55566,1033.3228,155.48717,-519.47705,1096.1368,165.14137,-319.1428,1027.2603,168.00157,-311.5248,1073.1136,190.4026,-476.27823,1044.844,191.31937,-473.78192,1159.272,269.49203,-183.07722,966.679,266.24036,-194.30879,1320.4431,267.9059,-236.25826,813.09595,251.87268,-266.40527,1464.8322,245.87376,-505.8335,676.40674,225.69418,-538.8899,1506.2954,246.0799,-560.3681,637.9949,222.71483,-596.5132,1503.5894,230.3842,-633.55316,637.96796,209.72292,-662.7372,1488.6519,231.9504,-548.34406,655.17584,213.05827,-582.1072,1098.9465,553.7051,20.119093,990.6024,554.1197,-19.316868,1117.8751,772.03625,-7.7227335,986.6956,779.86224,-91.15606,1125.7448,977.25366,208.91835,975.3097,985.5015,140.12605,1114.7457,1007.6293,216.45787,980.44885,1011.6275,145.99905,1153.8785,1044.8804,-40.340504,976.8997,1059.5779,-129.70996
side_raise_end_9626.jpg,852.2279,165.81627,-535.7813,865.0118,149.6926,-494.3609,872.3187,150.03242,-494.17535,879.9248,150.18994,-493.98593,843.1541,149.76231,-497.17868,835.5901,149.67429,-497.12735,828.12555,149.79231,-497.2418,890.4913,164.06097,-261.452,819.594,163.16783,-276.79227,866.92834,188.06409,-452.58963,837.9557,187.52052,-456.68222,949.1129,264.962,-142.7844,755.4215,269.41406,-161.89386,1097.1553,252.94872,-242.2603,595.6983,255.70848,-207.60231,1236.6444,234.89024,-598.57275,452.99646,233.7421,-425.18716,1280.1088,233.70183,-686.0054,416.3607,229.77484,-469.49652,1276.3053,222.38364,-748.7855,414.9436,216.52312,-545.10504,1260.919,226.6478,-643.0885,430.4327,220.30705,-471.7228,913.5706,545.7812,14.656824,805.7191,552.49744,-13.948361,928.9133,759.20557,-11.408474,793.29724,780.0708,-109.04248,923.1495,955.96454,247.83917,795.7025,998.0969,104.71614,912.7024,982.63257,257.88162,808.4169,1026.0717,108.918274,939.088,1035.838,0.55970734,776.99457,1078.0414,-173.04672
side_raise_end_9626_flipped.jpg,1060.6777,169.77362,-604.2828,1071.6776,154.30473,-570.9587,1078.6963,154.25928,-570.8768,1086.0017,154.06285,-570.7848,1050.495,155.43126,-569.57074,1042.9474,155.72595,-569.42035,1035.5323,156.26106,-569.17303,1096.1705,167.74646,-354.4389,1027.2201,169.86436,-351.15897,1075.6199,190.3404,-525.2858,1047.0125,190.73651,-524.3984,1157.1935,272.19858,-238.64627,968.2424,271.18643,-185.60182,1319.6771,263.3521,-291.8207,815.8863,259.37228,-213.00247,1468.1104,237.92432,-541.5418,680.7608,233.7345,-492.00192,1508.6323,238.91977,-598.57764,646.38403,234.38239,-536.48804,1507.4904,220.67032,-668.46735,645.7311,221.37224,-617.35846,1493.9109,220.45392,-581.90234,663.4242,221.9783,-538.4953,1100.3563,546.16473,-7.2095246,997.3353,545.0258,7.791142,1112.1306,766.8375,-57.06959,982.955,769.4732,-60.659374,1116.9601,979.8598,149.78479,979.5376,982.13916,161.3984,1107.1244,1010.3261,157.28217,992.59656,1012.4554,167.74187,1136.5885,1051.0847,-111.10911,954.7136,1054.1123,-105.02433
