side_leg_curl_end_1009.jpg,1168.5999,112.98919,-208.08961,1182.301,92.9051,-258.58972,1186.4932,92.321686,-258.56192,1190.9055,91.61484,-258.5227,1181.7119,92.997375,-191.45317,1184.2494,92.43733,-191.51933,1186.7349,91.95409,-191.5561,1222.2592,97.830635,-365.75928,1217.1467,97.155815,-53.567547,1184.7045,133.63966,-239.49619,1182.6075,133.63142,-149.61554,1260.3765,221.72533,-492.51553,1251.9974,204.6921,174.00194,1197.4208,399.91846,-512.05096,1200.9951,372.36133,223.15244,1084.6532,468.50253,-404.4669,1102.9352,438.8051,85.580025,1062.6487,489.1324,-461.3469,1082.6945,452.5467,80.48777,1052.1013,472.38324,-457.09494,1071.1443,440.2743,39.505314,1063.4103,466.27655,-401.11307,1075.8118,436.57788,59.464508,1214.8046,517.80493,-205.74297,1213.3508,491.27353,206.22289,1160.5002,748.0397,-151.43129,1199.6667,666.75165,355.26675,1193.0116,977.6259,-46.753105,1245.8738,828.39935,599.77527,1223.4618,1013.96,-40.985027,1274.962,858.93805,619.88104,1102.1938,1032.9902,-161.53299,1185.552,868.49536,578.64606
side_leg_curl_end_1009_flipped.jpg,760.9978,121.3395,-217.94998,748.67334,97.27558,-201.72061,747.0186,95.68286,-201.59544,745.5634,93.99896,-201.68214,746.6616,99.519394,-267.50806,741.7181,99.27413,-267.518,736.84454,99.127365,-267.64166,716.6256,97.0289,-81.609985,706.28033,104.83786,-370.88922,748.1211,138.73154,-162.32123,741.76666,140.84709,-246.71548,678.8453,214.76506,143.70876,670.12854,212.18907,-499.1323,719.68317,376.0084,284.09485,722.8654,390.5856,-518.2274,803.0126,425.09497,203.78407,837.6025,471.65887,-388.79443,819.098,437.87665,193.74258,859.6126,497.84903,-416.35684,831.8882,420.73495,148.51569,875.2406,478.87805,-410.41226,824.04114,418.13727,177.06712,866.14825,469.8982,-375.65762,718.6866,512.8329,204.10728,714.8341,519.8583,-203.22803,714.5484,686.48505,438.45325,758.39014,734.336,-88.79805,630.49896,836.8218,660.71075,727.7541,925.9735,75.827385,599.5794,865.0388,677.31616,692.73627,958.1513,90.46494,681.18634,876.4009,651.8597,818.1871,983.9723,-4.2
side_leg_curl_end_10459.jpg,1172.7777,117.05515,-208.39052,1184.5408,98.03064,-248.78354,1188.1133,96.96765,-248.7375,1191.9795,95.79597,-248.73471,1183.4316,100.065926,-191.28735,1185.5825,100.54704,-191.32428,1187.624,101.02051,-191.4455,1220.5232,103.22487,-335.40784,1213.3513,108.30628,-67.418,1188.0459,136.12035,-232.83212,1184.9884,139.03587,-155.81491,1252.4005,218.95474,-452.34427,1244.2689,217.19208,157.94685,1192.2511,391.79987,-461.0741,1181.5354,372.3567,188.24202,1091.4348,463.9391,-303.506,1083.0881,461.0044,13.504423,1074.658,482.13623,-338.5279,1058.4465,482.46732,-5.8003416,1069.5426,469.077,-338.77548,1059.6909,474.90717,-52.941402,1077.7317,463.7672,-298.24667,1067.1157,466.82437,-16.638048,1221.6866,501.6508,-210.41905,1207.5725,485.17645,210.67499,1181.7141,745.6934,-270.62634,1152.0814,682.2604,350.66666,1324.9662,803.18365,-30.038631,1132.825,869.58057,465.57556,1353.4596,793.6114,-2.143636,1149.907,902.30176,467.6362,1329.739,880.25964,10.2374935,1062.3844,928.3296,393.3834
side_leg_curl_end_10459_flipped.jpg,753.9533,115.49491,-254.61568,741.76666,91.048935,-245.03122,739.3885,88.63183,-244.7927,737.28217,86.095436,-244.8812,741.06213,96.826416,-305.24152,737.507,97.74312,-305.36322,733.91284,98.816284,-305.5394,712.6806,89.03339,-134.43271,707.4901,104.92908,-410.15033,743.97406,132.50667,-201.16109,741.04395,138.44196,-281.44006,684.9726,207.58492,106.534355,676.17267,225.24933,-521.2731,747.4516,370.41766,205.9977,716.6337,376.6776,-517.30414,837.8364,466.5715,110.48692,835.2503,474.27457,-436.99823,862.31824,484.20016,104.091034,858.02765,503.77942,-478.3325,872.2337,485.09192,44.841568,878.398,490.24933,-472.92877,862.31555,481.04135,80.26484,866.4811,483.7242,-427.6776,723.64105,512.01495,213.3699,707.2479,527.169,-213.41875,748.1493,754.6456,361.18585,761.73206,774.09106,-296.89584,742.38495,931.77203,510.0291,538.098,701.58026,35.163868,724.07043,965.6108,513.53705,498.9153,672.6081,70.362236,817.0856,985.2963,448.08807,500.87286,755.7217,116.662506
side_leg_curl_end_11811.jpg,971.47,227.35078,-441.81412,977.7807,205.87958,-450.79166,984.8644,203.07341,-450.6428,992.242,200.11064,-450.6515,963.34283,211.07365,-405.23532,959.04834,212.14877,-405.28244,954.7741,213.26851,-405.29398,1017.08093,200.23271,-414.18384,969.4111,216.2983,-192.50558,998.14386,237.0583,-424.5977,976.47833,243.90028,-360.85355,1053.9333,288.09305,-552.7142,1045.0536,286.18262,102.127975,996.34485,440.7811,-610.5655,997.7909,430.62103,166.42108,884.53937,542.1545,-571.3105,914.0394,522.7362,55.026318,871.0928,573.48486,-639.0953,891.3605,549.57513,75.43264,847.4485,561.2609,-620.8937,888.18866,545.4313,9.299819,861.5383,555.39825,-561.5051,896.6163,539.64624,24.281878,1032.6052,560.66284,-210.9365,1022.7113,549.05096,211.01814,993.4179,769.85815,-253.00932,967.88293,749.56067,365.61765,1161.4353,708.21985,51.734024,986.71155,909.3789,451.92682,1190.6965,680.99725,88.25226,1004.2684,931.7296,457.12982,1189.4261,772.7049,140.88673,925.9779,980.27856,395.2531
side_leg_curl_end_11811_flipped.jpg,949.0836,231.77013,-466.2095,955.60114,210.93451,-438.20044,959.7641,210.77557,-438.0582,964.09503,210.53497,-438.17014,941.61237,209.61032,-479.22247,934.99725,207.83781,-479.2129,928.4123,206.16211,-479.54333,951.81055,210.21585,-219.87215,908.329,202.49855,-411.7223,947.4851,246.1197,-372.11734,928.99896,243.10892,-428.75497,876.87427,291.6037,105.722885,893.61194,285.86102,-503.41965,899.42944,439.64447,203.43143,950.11505,436.90598,-536.71234,961.4473,514.9346,157.0291,1047.3347,550.44525,-472.41504,977.2513,534.7485,180.26317,1065.7272,588.5425,-524.9884,990.75635,532.24677,124.72229,1081.9084,577.8302,-510.94556,985.657,525.1034,131.58742,1069.1028,565.7178,-461.62473,908.3489,545.8465,203.0625,918.3843,560.7467,-203.27199,922.0721,753.09,310.6574,1009.04913,759.44025,-311.98975,919.9501,924.86426,424.7083,786.28284,711.06793,25.251373,909.36896,960.05164,430.05762,748.881,687.1356,64.089355,982.74445,966.54297,374.8237,736.87537,770.6583,135.3978
side_leg_curl_end_12138.jpg,972.9317,183.00171,-486.95114,986.2762,163.39449,-495.7591,994.3841,162.3781,-495.7032,1002.7813,161.26535,-495.82318,969.10455,165.56984,-440.7477,963.1664,165.94424,-440.66504,957.3206,166.48047,-440.68076,1024.0692,169.14798,-445.84937,968.73206,175.12776,-189.15587,994.93604,199.49487,-462.72876,969.40533,201.52069,-389.61115,1033.1864,279.94812,-570.8738,1030.5238,266.67282,120.32918,972.6441,441.96494,-607.23474,1007.4043,421.7015,178.96272,873.7708,541.7647,-571.6156,938.7175,524.70465,19.440437,856.0632,569.8533,-641.9713,923.904,552.7064,21.034836,844.02124,556.6478,-626.0295,910.8408,547.6984,-46.41981,855.7331,550.1222,-563.7942,916.2345,541.8504,-14.164137,1011.83887,568.35504,-211.0954,1019.09296,546.75226,211.67343,970.25256,777.899,-87.9926,1031.9307,696.4058,437.328,1001.27893,966.6561,86.627106,1090.7382,833.342,715.4866,1034.0021,996.8643,98.89531,1114.4615,855.19904,737.50684,922.2206,1025.0808,-51.56045,1047.7019,879.14075,653.6977
side_leg_curl_end_12138_flipped.jpg,949.1139,192.63647,-440.62228,950.84467,172.94165,-405.87268,956.441,172.75594,-405.52118,962.1477,172.53465,-405.629,934.44714,172.77756,-444.348,926.1764,172.43803,-444.21173,918.0731,172.17384,-444.36694,950.3501,181.23325,-186.55185,897.94995,179.9762,-357.52136,953.17285,210.70633,-349.40094,928.46405,210.42235,-399.68137,861.9028,275.73593,109.532196,918.3273,276.08957,-458.91183,872.6407,431.5806,253.71466,957.6919,447.192,-487.92493,928.24585,521.71954,275.8717,1045.5204,551.84326,-407.38898,939.26154,547.4011,299.80554,1063.016,583.68866,-446.77396,951.3574,542.60657,251.36919,1074.0199,572.6904,-432.67755,947.7472,537.9543,256.999,1061.6656,565.35065,-394.6912,882.51825,539.9162,194.79427,926.6495,560.17377,-194.39919,902.5047,658.34827,485.56516,1006.2697,745.44293,-75.0132,800.6268,776.4747,678.836,921.55743,895.9568,129.88068,768.58575,794.42053,700.5765,882.45654,916.0832,153.69481,844.409,814.665,728.0384,979.8547,956.80597,129.52013
side_leg_curl_end_1283.jpg,1160.751,106.97968,-242.87315,1174.0892,89.11897,-300.71844,1177.8959,89.097115,-300.6543,1181.937,88.93696,-300.5961,1174.836,88.706406,-228.39923,1177.9987,88.29825,-228.38594,1181.0812,88.03162,-228.44705,1210.9567,98.30307,-427.09082,1208.9991,96.72776,-95.139404,1173.6394,129.56429,-281.65097,1173.1759,129.32607,-185.93892,1242.4546,233.3582,-577.6898,1230.8654,197.63904,152.1376,1183.9349,400.78522,-576.33325,1212.24,356.83136,262.92126,1065.6472,466.45975,-474.8346,1128.9645,383.92365,200.6561,1048.9988,490.1857,-535.1817,1117.2725,391.31577,203.32315,1029.4431,474.4742,-538.43335,1102.6057,376.98288,154.33263,1038.8369,466.144,-474.25705,1104.5786,376.7275,172.75475,1194.1796,522.6663,-206.7837,1183.5457,496.72943,206.74164,1180.3083,746.1432,-74.02485,1156.9749,652.4191,408.07986,1198.3127,943.47925,98.60521,1267.132,764.4391,638.13086,1221.6488,972.5582,111.36249,1302.2236,778.48724,659.26764,1113.4764,1001.66797,-10.732226,1240.0973,816.4828,636.191
side_leg_curl_end_1283_flipped.jpg,768.8094,113.70972,-291.5505,753.83636,90.51499,-277.53226,751.5336,89.17442,-277.44144,749.43774,87.778305,-277.57285,753.6205,92.72077,-340.07553,749.5457,92.72675,-340.07712,745.551,92.7948,-340.14178,719.6149,92.18062,-156.44885,715.0983,99.86459,-427.90973,754.92206,131.05615,-235.93651,750.76886,133.76134,-314.98138,686.67194,214.09035,46.413246,684.09436,213.27194,-518.8001,714.6625,368.61523,158.01802,734.2165,389.5694,-535.90216,795.0384,423.40903,47.726177,845.47766,465.78976,-393.35703,810.06085,437.69873,24.83131,871.138,490.35318,-424.14673,824.1674,421.6572,-22.578367,881.22485,472.3129,-424.12778,816.1272,418.05115,20.566214,870.6102,463.82858,-383.8266,724.1374,508.43625,167.69208,718.58276,520.1356,-166.56325,753.7817,625.9146,491.7765,742.7226,746.04865,34.335026,623.3503,743.55493,874.4976,729.2037,949.72406,242.81009,587.65936,762.4649,910.6056,700.2089,985.3274,260.6176,644.8873,778.32904,945.5451,815.61414,996.3196,157.64711
side_leg_curl_end_13581_flipped.jpg,779.1581,111.74538,-229.42746,765.3506,87.75896,-210.62894,763.95807,86.00357,-210.49294,762.8051,84.160126,-210.63173,762.19476,90.86213,-274.5489,756.774,91.01704,-274.58527,751.4284,91.27228,-274.79657,732.6278,88.110855,-85.66817,719.0429,98.44672,-364.3553,766.84,129.85152,-173.17993,759.26556,133.05983,-254.46268,699.4229,206.98059,122.83257,679.3043,216.5853,-469.03735,728.3822,364.66098,244.27997,718.35266,396.7106,-482.21347,800.74207,422.5925,144.4711,843.761,475.79984,-356.16055,813.98553,436.75647,122.748116,867.8533,500.06393,-385.90295,827.75366,421.18802,81.00775,883.78,480.52487,-380.39496,820.50073,418.49423,117.46506,873.60785,472.16522,-345.27112,733.9566,512.54004,188.53046,720.86615,528.31067,-187.71039,746.4638,700.098,382.53052,749.65344,747.1875,-34.80196,712.32294,875.3364,611.1882,740.49713,948.165,135.29645,685.9845,908.49066,626.0646,706.5066,982.96375,146.4545,790.9797,917.8436,586.29767,853.5193,997.9625,33.369614
side_leg_curl_end_14989.jpg,1197.4229,119.545006,-529.34784,1216.06,98.00219,-526.9894,1225.5677,96.94637,-526.8441,1235.3815,95.76668,-526.67706,1195.0225,100.439064,-488.9725,1188.316,100.698616,-489.1333,1181.5082,101.01681,-489.40018,1260.2063,105.83594,-418.49893,1192.6233,111.07973,-233.81532,1223.2849,138.27794,-483.7959,1192.479,140.08679,-431.3266,1266.1572,215.28152,-541.05164,1231.3827,216.9428,115.57002,1191.072,376.55774,-592.36224,1168.09,364.84277,184.28072,1076.8083,459.77823,-551.06366,1085.0244,456.83682,57.56359,1060.419,484.31497,-605.33105,1060.3201,486.7683,69.0113,1044.4111,469.63864,-593.79987,1062.0358,481.5902,0.5383325,1058.8485,465.7576,-541.75916,1072.6473,473.61407,25.240417,1234.0327,496.26492,-212.34352,1207.2501,489.68936,212.18152,1194.9507,752.0265,-322.64584,1179.8934,707.5099,339.7052,1373.8737,740.8644,-11.816782,1186.5631,907.40454,393.53052,1410.1654,723.1065,29.13446,1205.6589,940.8438,394.36978,1388.267,822.0052,89.595726,1109.8271,976.70654,324.9445
side_leg_curl_end_14989_flipped.jpg,724.7257,116.74317,-572.3513,723.73663,94.02335,-542.5234,728.87317,92.54448,-542.27545,734.252,90.89354,-542.2083,706.3309,98.149155,-584.02924,698.4923,98.89716,-583.94824,690.6347,99.77721,-583.97205,727.7667,97.567184,-303.29138,672.00476,107.940994,-499.86536,733.07104,134.37581,-469.9992,709.92804,138.95293,-527.1452,705.14606,217.2007,48.472343,663.09406,215.75708,-598.2807,746.878,371.4155,158.02576,704.4953,372.57462,-635.67914,842.05756,464.29477,58.395138,820.8347,470.45746,-600.863,870.7841,485.73398,71.29171,841.8224,501.02472,-657.6439,886.10394,488.3407,1.8297414,860.7678,490.0248,-651.8364,874.1303,483.3634,25.904198,848.2344,483.16653,-594.62915,716.44806,496.79214,218.82936,692.7729,515.89124,-219.33072,759.72424,736.2101,329.00024,806.4421,787.0306,-356.12003,749.4752,925.09174,480.12067,573.5813,715.6113,12.83942,731.12726,958.0837,485.6023,531.83246,675.79626,55.266384,828.53125,988.98816,400.67044,528.9065,800.9117,98.94592
side_leg_curl_end_16496.jpg,988.2006,178.65134,-491.4104,1005.3352,163.65851,-497.85626,1013.5143,163.58562,-497.79584,1021.95154,163.44334,-497.94394,989.282,165.00291,-443.8711,984.1885,165.49878,-443.72284,979.0235,166.21048,-443.66458,1043.9697,177.3628,-443.62338,990.82635,180.20775,-194.75935,1007.2308,198.81729,-465.7165,983.15356,199.63997,-394.64594,1042.9131,297.2995,-573.5821,1033.8579,278.50964,116.720955,982.72144,446.8976,-612.6979,1016.8897,419.014,277.61676,867.3745,551.96436,-553.3607,938.3022,496.56528,264.9914,847.38245,583.1913,-615.9134,924.1555,519.6281,269.76593,831.77234,570.7805,-613.2052,913.92395,512.0897,212.70523,841.718,563.08276,-549.3287,918.09314,508.2649,237.52496,1015.55145,586.32074,-200.60048,1021.26697,564.4496,200.93294,983.0259,778.9912,75.02014,1063.756,671.4112,613.9884,996.39746,949.72125,344.73486,1143.9192,753.3644,1019.3194,1023.18835,977.5475,368.51114,1166.7445,765.0032,1056.167,922.59827,1002.8734,252.77853,1119.5071,789.2287,1008.0971
side_leg_curl_end_16609.jpg,1221.6747,133.00842,-371.16705,1237.112,111.94731,-392.30634,1243.5074,111.44009,-392.14062,1250.1324,110.74409,-392.06366,1227.1501,112.14494,-335.23196,1224.7504,111.90225,-335.084,1222.4163,111.92504,-334.87195,1275.321,118.5769,-399.42813,1242.6636,118.213806,-136.82162,1240.2198,154.52266,-366.18832,1225.0122,154.92712,-290.18085,1276.8816,231.0871,-497.604,1311.1731,220.89796,146.94418,1161.149,365.61707,-527.7671,1256.505,342.67142,352.323,1040.5668,473.23407,-469.49152,1157.9916,411.8347,442.24063,1019.2771,498.74777,-535.18787,1137.746,421.8656,480.37418,1004.77527,485.45844,-512.2288,1124.596,413.8128,429.43164,1017.7557,482.38596,-458.09412,1127.0112,418.52765,423.56314,1341.4004,532.617,-196.61682,1354.5724,513.3043,197.00693,1254.1901,736.80945,-121.78871,1314.7294,656.02637,437.25812,1250.7885,946.92377,42.140007,1436.3955,726.6397,710.97046,1277.7998,982.3438,57.942368,1466.9587,732.1458,740.71924,1157.8306,994.4628,-52.331966,1427.7834,757.58795,718.35175
side_leg_curl_end_16609_flipped.jpg,700.96826,131.5591,-276.0829,694.5898,108.43017,-245.63344,697.7497,108.03704,-245.36702,701.0789,107.604454,-245.60518,680.73785,108.68473,-294.9987,672.09064,107.890656,-295.05234,663.5521,107.212326,-295.21368,677.78674,114.77905,-66.70729,632.44165,114.44257,-285.74667,697.256,154.10597,-200.76532,677.40356,153.73181,-264.22208,623.94836,225.64969,203.8747,626.3282,223.29013,-413.93338,691.00885,371.82913,299.083,739.09796,367.3989,-448.97217,781.28864,479.54395,249.51593,873.5878,470.78333,-337.82126,803.4772,499.08,255.97833,900.6229,496.36197,-375.44278,815.8059,502.5333,212.7356,915.70874,485.70407,-362.76562,804.62225,501.75226,226.38966,901.1673,482.92203,-328.01544,583.7988,523.65784,191.79031,581.50415,535.96295,-191.32591,601.0448,701.4886,322.8523,680.5077,743.2977,-147.48048,532.4483,862.6846,467.22525,635.5714,922.98376,29.93335,501.19388,891.0974,477.57706,599.92615,948.8527,43.35914,604.80786,913.27716,433.94373,716.0523,989.46405,-30.150444
side_leg_curl_end_1718.jpg,1221.1598,179.6804,-112.3322,1227.2977,157.90724,-142.56625,1231.6562,155.64761,-142.54033,1236.25,153.14679,-142.73975,1223.1461,159.89923,-85.3294,1223.927,159.39972,-85.29654,1224.6633,159.04291,-85.00894,1262.2745,149.4117,-231.9933,1248.5009,156.24184,38.393246,1241.2275,192.69908,-138.52197,1234.855,196.42696,-60.1332,1298.7607,236.29468,-362.06863,1310.3372,245.02826,233.63284,1191.6008,364.12912,-401.57532,1222.3168,354.97217,393.75854,1058.9482,468.28076,-295.62967,1110.773,428.2337,395.53622,1037.2938,492.35056,-328.59534,1084.7654,441.67618,423.16718,1026.196,482.97128,-311.72333,1079.182,433.90332,383.16345,1038.6827,477.197,-283.88724,1083.3987,433.50937,376.46826,1328.1346,531.7778,-186.32353,1319.2518,533.69824,186.50272,1250.3646,745.20984,-262.01376,1229.8325,745.4012,269.22562,1442.8129,735.2582,23.165062,1249.4796,955.2326,311.84534,1471.5563,717.83417,54.90641,1276.4404,986.7215,309.63483,1478.2594,790.43536,97.906395,1182.4464,1023.7921,232.58575
side_leg_curl_end_1718_flipped.jpg,711.32007,187.34615,-214.62318,710.64526,161.48483,-205.36577,708.66626,159.03856,-205.37523,706.92896,156.50116,-205.46509,709.04614,164.3689,-261.28525,705.33844,162.58742,-261.0198,701.66516,160.90512,-260.63312,679.0026,146.93579,-106.22206,671.4556,149.89865,-364.63272,690.6024,197.77068,-165.72955,688.6729,198.10262,-240.27136,606.66223,213.6988,116.81767,617.412,237.96497,-461.74368,714.193,356.33008,229.0985,724.23047,361.55084,-468.45984,846.27856,465.85623,241.23894,858.6985,474.67987,-339.84946,877.6375,476.03745,256.45728,882.4678,502.40802,-376.9386,891.2701,480.3842,212.53632,903.0533,487.08615,-364.83972,877.64417,482.43524,222.82863,890.9066,481.88293,-329.59222,610.8595,524.5462,189.6558,596.6445,546.08167,-190.23744,681.2006,740.76965,304.39487,698.99457,749.6254,-212.5685,665.93414,927.83044,445.9211,497.35342,726.2736,100.65945,639.77545,965.7988,453.5999,460.62076,710.5755,132.5898,750.2409,982.8323,402.9406,472.334,782.78906,187.24513
side_leg_curl_end_17981.jpg,1214.4166,162.55832,-280.05695,1221.409,140.3492,-309.07205,1225.8354,138.05042,-308.99628,1230.5421,135.5236,-309.10425,1217.1945,143.96687,-255.01324,1217.733,144.3804,-254.95233,1218.1626,144.90176,-254.71155,1257.7362,135.0131,-365.93817,1242.5771,146.2282,-107.39707,1234.6077,177.06938,-294.8333,1227.9609,182.44046,-220.23587,1294.4379,232.23866,-477.72693,1300.4568,241.3656,126.924164,1187.4008,367.21426,-520.65906,1211.753,364.75494,245.17534,1050.7599,464.93768,-450.50333,1098.0477,445.6322,207.73145,1031.2996,485.79425,-501.5894,1071.7817,461.28525,220.1212,1014.9194,476.2489,-490.2488,1070.2117,456.19064,171.74883,1028.8896,474.25128,-441.8625,1077.0985,455.5209,184.06693,1314.8334,530.9047,-195.14607,1300.0363,529.08966,195.43861,1274.3829,765.10376,-254.20892,1234.4081,741.56,336.3311,1477.3151,729.09174,88.83803,1256.8849,939.22327,410.98978,1507.6241,706.1155,126.72862,1279.677,969.22766,412.4479,1514.2462,789.97107,167.57649,1196.7244,1008.4754,334.18555
side_leg_curl_end_17981_flipped.jpg,721.2247,167.9925,-219.0712,716.7244,142.24097,-212.47227,714.3382,139.22609,-212.3402,712.23517,136.13905,-212.54152,715.3617,146.95712,-270.10117,711.4091,146.07921,-270.1137,707.4494,145.3394,-270.25186,682.1802,127.351456,-120.674515,674.2912,137.24762,-387.002,700.9299,179.37065,-172.59442,699.10535,182.28004,-250.4056,611.287,206.8203,106.1165,618.868,227.43565,-487.7574,700.5752,352.51288,233.44873,719.5196,350.667,-473.0737,806.4369,460.0172,246.64519,865.5199,468.86426,-333.72705,832.20264,473.72556,266.70532,892.5033,501.08896,-364.4454,845.8573,479.91003,223.10739,915.7266,486.55334,-353.59476,834.32275,478.7106,228.37054,901.10425,479.9715,-321.74246,610.41064,515.04834,190.93286,592.99945,531.29016,-191.2567,667.3603,742.267,334.26562,692.93024,761.8221,-247.15141,655.74664,927.31335,439.02164,470.51828,700.1076,44.92801,632.20844,963.8041,440.92413,430.01547,674.5868,75.76627,741.90173,983.7963,385.19733,438.50366,761.4974,139.08704
side_leg_curl_end_18984.jpg,944.85455,223.88748,-450.063,951.888,201.02036,-463.7292,959.41504,198.5521,-463.69727,967.18713,195.9971,-463.76117,936.83765,204.83487,-405.77206,931.88654,205.215,-405.6259,927.0218,205.74536,-405.65338,991.2354,193.51262,-439.2135,942.8314,205.49738,-168.90797,970.696,233.68584,-434.94614,949.2291,238.5841,-357.30515,1031.0408,290.08914,-560.29816,1019.2608,270.99493,119.85788,969.2069,453.6936,-594.54095,991.65173,420.887,196.58218,872.2693,550.5123,-534.3459,918.373,526.64343,46.776825,854.3145,578.1205,-595.7968,901.54675,552.8707,46.467735,843.6802,561.2953,-586.67316,888.35986,545.51855,-15.177704,854.9177,553.6108,-526.86316,892.6386,540.23944,15.020594,1018.33307,567.0809,-208.10075,1016.2841,543.1693,208.52156,987.4004,773.8198,-76.870476,1012.3899,694.9654,432.91925,1004.0547,971.58887,94.855125,1075.1943,820.67554,725.6991,1034.118,1004.40265,106.92313,1100.993,839.5438,749.2983,922.4419,1027.5581,-47.882084,1037.9019,865.64905,672.92926
side_leg_curl_end_18984_flipped.jpg,984.0271,224.18832,-329.15588,984.09705,202.60135,-305.5914,985.20685,201.6572,-305.4172,986.48206,200.66649,-305.61816,977.44867,202.96944,-356.47916,972.1802,201.76901,-356.41763,967.02344,200.62816,-356.57343,964.14667,198.93129,-145.76456,940.70166,197.9225,-371.19824,972.43744,236.59999,-257.82108,961.99963,235.33327,-323.81934,878.31903,270.38397,89.314354,906.693,284.08414,-461.86832,904.7659,427.55322,225.79868,952.1065,455.9522,-482.59735,970.3372,517.6229,183.88289,1046.1416,560.8669,-374.32928,980.8927,535.4176,182.05038,1062.4375,589.624,-415.61597,997.17786,528.82837,134.58888,1075.5789,574.3153,-408.18686,991.8686,526.88055,160.41307,1066.1307,566.00037,-365.10123,892.9646,539.90845,185.92479,915.71857,566.76587,-185.13568,903.3173,668.52435,474.4359,977.8219,753.90485,10.035822,830.60114,796.9345,750.3552,942.85284,930.2307,259.72885,801.8459,817.50183,777.0549,908.4573,955.495,283.398,878.3324,831.31415,756.4213,1024.112,982.4083,204.96655
side_leg_curl_end_20309.jpg,1197.3286,190.15953,-109.666405,1200.2603,164.97162,-150.15526,1204.2577,162.17445,-150.04666,1208.5255,159.2668,-150.0356,1197.3105,166.9192,-82.783325,1198.2261,166.39987,-82.79666,1199.2825,166.13754,-82.77119,1234.219,151.43185,-253.97487,1224.8553,159.87271,51.65529,1218.9185,200.06966,-138.74309,1213.6268,204.2682,-49.12953,1273.8871,234.40862,-386.4405,1311.9971,242.91599,264.6813,1165.2639,361.93604,-412.59705,1238.1298,353.22717,409.10385,1042.0956,475.80447,-314.50244,1137.5381,423.78943,397.52478,1023.6774,492.8546,-366.32623,1118.9836,425.41632,431.21762,1014.2364,483.81458,-325.42664,1107.7838,415.486,381.91727,1025.801,479.58148,-292.80652,1108.0284,420.06793,376.12854,1318.4017,542.4555,-198.27405,1338.9028,532.3108,198.37381,1216.5864,724.0286,-39.05771,1285.4222,699.61884,277.17343,1247.8119,931.7779,230.78181,1410.1312,766.22534,458.8241,1278.1233,959.75507,261.03088,1445.9958,766.3123,480.41702,1174.7449,989.05225,218.58282,1409.2308,806.738,448.19595
side_leg_curl_end_20309_flipped.jpg,735.44885,203.15445,-108.58943,731.105,175.26239,-95.76816,728.2904,171.87866,-95.655876,725.65607,168.51079,-95.94799,730.68616,179.27264,-161.46657,726.6381,177.69286,-161.4425,722.6858,176.18982,-161.42361,689.7277,154.7908,-2.6817229,685.85864,164.16461,-294.42383,709.6373,209.6558,-59.7254,708.8741,212.05704,-143.87071,592.2352,217.68617,167.40436,632.76855,233.43329,-387.86005,693.33435,366.85834,284.05127,739.86346,372.03445,-405.26105,799.10724,466.1746,263.2516,871.75977,469.65976,-275.365,822.59814,476.47522,274.34933,900.44366,490.09363,-299.17673,838.4924,481.10532,233.68893,912.1019,478.1085,-289.6336,827.4042,482.49765,244.75421,900.69116,473.31165,-266.09952,544.96185,512.037,184.54776,570.95526,543.34607,-183.65428,569.9874,635.00146,492.39728,697.7806,754.5626,-38.8062,453.26276,714.3572,798.01514,674.2366,968.83606,160.53809,417.66898,724.5171,827.90216,638.87177,997.8544,182.92133,476.84778,741.78033,825.9285,751.3972,1026.232,131.51709
side_leg_curl_end_2094.jpg,1167.7035,141.39233,-184.80832,1174.1095,119.93771,-219.95575,1177.8475,118.13144,-219.91544,1181.9338,116.20987,-219.9013,1171.8066,122.34262,-168.34232,1173.124,122.38138,-168.31097,1174.4839,122.44762,-168.46825,1208.4937,116.17527,-292.5585,1198.3582,122.558334,-46.150024,1186.2002,154.79022,-203.36725,1181.3032,158.39319,-132.77434,1243.6843,213.3699,-410.4544,1256.769,215.59839,165.58049,1173.9148,379.7267,-445.30392,1196.7532,371.40164,185.74101,1075.1089,459.65482,-340.09415,1100.1865,463.25436,66.75832,1058.1418,478.10437,-377.27994,1076.1216,483.81705,69.52764,1052.3384,467.7651,-362.319,1075.6403,478.64725,21.572784,1063.18,464.15082,-327.02228,1083.307,472.91745,40.69153,1217.2095,506.1301,-194.7207,1211.7222,500.38,194.9899,1193.9065,755.92,-227.66977,1172.4116,728.83765,363.10437,1361.1432,755.43567,33.803825,1191.8916,897.3868,476.23868,1385.4768,736.504,62.980606,1212.4257,923.1658,480.2124,1389.3198,823.51294,82.80483,1133.3585,959.19934,413.13147
side_leg_curl_end_2094_flipped.jpg,764.75525,144.72708,-237.93573,756.1988,120.40879,-224.4333,754.57434,118.18001,-224.33603,753.18835,115.85611,-224.43663,754.015,124.18002,-285.68274,749.8625,123.8896,-285.69296,745.6879,123.7222,-285.84265,726.73865,114.62337,-102.66797,716.44415,124.435844,-382.68604,751.41486,159.29808,-181.15889,746.6807,162.71053,-262.89667,685.12274,218.40425,134.2079,666.39764,226.0079,-494.63144,746.5974,374.78015,213.07278,706.0618,381.27536,-504.66183,846.80133,464.5463,85.637405,829.6076,476.14728,-416.76227,873.6773,481.94867,84.52074,853.9811,503.3863,-457.59702,885.1168,479.11368,25.380995,873.9226,489.74753,-444.22968,872.45605,475.4145,57.387444,862.1458,483.76767,-403.2861,717.7181,506.50964,208.18791,698.2856,518.8999,-208.34552,759.16187,745.6127,319.713,785.18134,764.75903,-293.3786,754.1647,933.0087,443.40366,585.81036,733.66437,15.276255,735.7085,969.18085,446.80292,548.3077,710.4975,47.717003,829.50195,986.99963,379.75745,559.0896,804.9427,85.82275
side_leg_curl_end_23683.jpg,979.2422,210.44798,-335.97128,990.35754,191.65926,-356.08942,996.0932,189.91951,-355.92462,1002.12146,188.02206,-355.85587,980.89966,195.18352,-306.83313,979.0656,195.99838,-306.9957,977.2468,196.88226,-307.29926,1027.323,193.69194,-359.53513,995.1257,203.42465,-129.66016,1000.22723,224.53433,-332.11032,985.0613,228.64964,-266.14026,1053.1667,289.0376,-494.77975,1050.534,292.05756,118.82669,993.5859,448.7259,-548.90674,1005.9129,438.98935,144.86768,881.7153,540.529,-503.8227,921.6565,517.0985,24.887068,865.77435,572.1565,-563.69006,901.08606,541.2478,35.38404,844.91565,558.5426,-543.99567,898.85065,535.5631,-24.2318,861.3789,554.2589,-492.317,906.49426,530.07776,-4.7833786,1020.63654,560.5759,-193.17868,1017.2848,555.7567,193.59128,956.3915,759.67255,-191.98967,962.68823,752.71875,329.9769,1133.3801,717.16644,102.231735,990.015,924.50275,391.58572,1163.5034,695.61127,136.35965,1009.22894,948.6792,395.60333,1156.4537,772.1497,185.84485,926.80347,988.593,338.62845
side_leg_curl_end_23683_flipped.jpg,943.61523,215.4281,-420.96985,943.83777,194.04994,-398.27426,944.86786,192.87169,-398.1105,946.10547,191.63042,-398.25748,936.5305,195.64659,-446.31116,931.88947,194.88348,-446.2938,927.3027,194.25494,-446.5432,928.8326,190.6341,-217.15657,906.5693,192.38864,-437.35812,937.3861,228.74083,-341.93042,927.2609,229.15686,-406.7069,871.8884,282.4974,81.89334,883.52454,286.74393,-535.1238,912.73627,425.8779,171.89221,940.4494,428.9422,-568.0962,977.7692,507.2759,89.755,1047.4333,545.6239,-489.0659,992.4424,525.26044,105.69016,1067.8236,583.77765,-541.93427,1005.7174,524.5384,43.994022,1085.059,573.96857,-527.272,1001.32544,518.0565,61.10854,1070.7365,561.76184,-477.94568,913.20074,549.4485,201.42792,920.04486,562.59106,-201.7543,932.14014,756.3854,333.99768,1019.4634,736.38684,-276.4272,922.5996,929.2872,495.03687,809.756,705.7897,121.648575,910.07574,964.79944,507.2697,770.6422,684.9883,165.74458,990.51807,967.63855,469.02426,777.3395,765.03546,247.65009
side_leg_curl_end_24007.jpg,1220.4241,137.44801,-381.7671,1236.5393,116.057884,-390.41058,1244.1469,114.76672,-390.15955,1251.9988,113.32982,-390.09882,1221.8044,118.85235,-341.00427,1217.4551,119.47365,-340.90152,1213.1656,120.32382,-340.6637,1277.6073,120.77826,-341.19534,1231.7113,127.61603,-113.87799,1242.8141,156.01741,-356.65878,1221.5897,159.13158,-291.12787,1285.5688,227.50264,-417.70557,1301.4513,234.86331,157.15169,1177.2239,359.22614,-441.41006,1222.5945,354.18677,268.58154,1054.1119,463.05264,-355.69943,1113.2731,431.16977,200.07117,1031.2722,489.8689,-410.4642,1084.4697,446.9631,208.34984,1016.88025,478.7192,-396.16238,1076.2372,435.99515,166.35852,1031.9252,474.23422,-348.30646,1080.6324,437.8458,178.37856,1339.2427,534.385,-174.38419,1347.7117,515.49725,174.60805,1248.8749,740.6896,-130.75844,1324.3895,637.81683,343.59674,1256.2383,941.7888,16.526918,1423.5638,702.1367,600.47644,1283.7084,974.23706,30.172749,1451.4685,708.80786,626.3761,1170.5709,989.9412,-75.116394,1408.692,727.5569,603.4857
side_leg_curl_end_24219.jpg,1139.586,187.86586,-174.73192,1141.4755,164.0129,-206.40343,1145.3182,161.18536,-206.504,1149.4453,158.19926,-206.69781,1137.5323,167.04077,-150.56949,1138.4067,166.51926,-150.48584,1139.3525,166.04749,-150.24263,1176.5509,147.78319,-287.60574,1164.4469,156.94055,-18.616234,1161.5627,194.67337,-197.71933,1156.8661,199.32303,-120.39073,1241.4172,221.70119,-418.97272,1232.0555,226.04694,183.27927,1173.5575,369.1544,-483.8637,1174.5212,365.6752,281.0379,1080.2805,461.35834,-401.7673,1090.4503,470.42062,191.32576,1065.0371,482.88962,-436.91696,1069.0037,495.2136,204.95348,1058.2789,473.32574,-428.99374,1065.0829,491.90305,150.87827,1067.2201,466.96283,-393.1137,1072.5449,484.43332,166.10382,1239.5251,493.42758,-193.78784,1226.3871,491.8283,193.93379,1190.5823,710.1995,-284.6655,1171.2313,712.7366,256.40298,1372.9221,733.96075,55.68218,1172.6887,922.58673,338.19586,1408.0153,721.51794,97.59819,1196.3167,957.64954,341.5569,1385.9064,808.3367,134.84286,1100.0406,985.84515,253.68004
side_leg_curl_end_24219_flipped.jpg,789.3328,184.53915,-227.23067,791.677,158.36989,-213.18257,790.46313,156.33476,-213.2372,789.5101,154.24,-213.3374,789.26715,159.53925,-277.43152,785.83716,157.32872,-277.35956,782.4092,155.2616,-277.53714,767.38684,143.89403,-80.572464,757.3646,143.881,-372.64255,772.8045,193.76204,-165.32794,769.17834,192.98416,-250.97385,704.5669,217.15001,190.3196,682.2252,227.33835,-522.20026,753.8009,361.4388,281.6068,722.9144,372.6971,-557.3372,830.83685,444.45624,113.8952,840.01154,471.26706,-441.239,851.55054,461.71182,111.01007,858.9882,501.63354,-486.7082,863.29913,459.3925,48.573273,881.2679,490.3082,-473.98325,853.26697,453.41476,80.36039,870.82263,479.57675,-427.8293,707.78094,511.79868,222.47429,683.12335,528.3897,-222.61876,749.36523,739.3254,331.4205,770.69226,748.0804,-308.32544,738.9533,920.0345,500.4415,586.3755,706.49255,109.67152,714.42554,954.72046,510.39648,553.4648,682.3943,156.18976,826.61237,976.3529,441.15695,553.8761,771.91583,218.28973
side_leg_curl_end_24613.jpg,951.9413,200.07986,-431.58646,963.3639,180.63345,-454.79132,970.2521,179.44893,-454.7625,977.4434,178.15074,-454.822,951.4859,182.4621,-388.97403,948.1884,182.56326,-388.83887,944.98663,182.8308,-388.80505,1003.39667,181.5783,-470.26035,964.39374,186.8599,-164.53296,974.21747,214.19736,-431.59766,956.3742,216.52689,-343.6386,1035.1826,289.39465,-578.3286,1024.7563,267.86493,88.29031,971.32886,445.9601,-607.6959,1000.83673,412.5207,166.66177,869.5705,549.4972,-542.21606,924.0447,503.97678,25.475775,851.8892,579.809,-598.64374,908.8551,528.441,22.201885,840.52747,566.96954,-591.4606,897.4759,519.27,-35.27463,849.2312,557.957,-535.93933,901.45715,513.8648,-4.265998,1013.35077,568.48755,-206.17386,1015.1269,542.502,206.87234,984.89685,783.7573,-46.03903,1023.34534,666.77814,539.91565,995.2516,980.46454,116.48283,1098.3525,776.4641,857.0697,1022.1039,1010.2316,128.28822,1122.7341,791.7419,885.8774,915.5244,1040.4723,-21.05217,1070.8842,816.2544,821.51764
side_leg_curl_end_24613_flipped.jpg,985.31195,205.28886,-253.89482,975.93317,183.16643,-236.92511,974.0864,181.3386,-236.77405,972.42975,179.47841,-236.9816,975.2361,186.3839,-296.9218,971.222,186.41318,-296.86224,967.28094,186.509,-296.99875,943.37683,180.07225,-112.814606,938.4078,189.2303,-376.14725,970.2136,218.22543,-196.16739,966.26245,220.84203,-273.02615,869.2799,268.53748,82.641174,909.1276,281.076,-477.9811,906.9488,424.8666,200.18202,951.8704,444.27325,-499.93497,973.6243,521.9027,143.24318,1046.4883,553.1192,-392.36435,985.32477,543.66833,133.73273,1063.3279,584.6356,-436.1176,997.9421,537.42786,88.52712,1075.8511,571.52594,-429.46216,992.8323,533.36383,119.86501,1066.2584,562.49207,-383.57233,902.09326,545.8474,188.22287,929.40894,568.50256,-187.45111,915.7235,671.3364,508.80798,991.5176,751.29297,46.770042,838.85876,800.89355,781.7197,945.1405,922.5363,323.49005,810.2495,819.7507,807.61005,910.4671,944.32666,350.2142,881.9236,837.98645,778.5246,1020.2361,978.33466,267.599
side_leg_curl_end_25844.jpg,1193.1746,193.93118,34.531662,1192.7087,168.87598,-11.814508,1195.6196,165.60773,-11.648199,1198.8248,162.21591,-11.621363,1192.6658,171.2588,52.489376,1194.8116,170.40709,52.459896,1197.1499,169.75644,52.45363,1223.1389,149.1538,-148.70345,1223.6278,158.57256,148.09862,1212.8953,200.09071,-3.960861,1212.3657,204.14296,82.587265,1261.3739,209.13647,-288.92487,1328.2904,233.06566,307.60754,1163.1556,342.51434,-303.11874,1258.3354,361.7957,421.15073,1038.1235,463.7226,-188.12967,1150.3484,433.85944,398.29907,1017.71875,482.95813,-228.48117,1133.4354,432.7589,435.0293,1008.8489,476.68866,-184.14769,1114.5255,424.4834,397.3011,1022.2781,471.67746,-164.97028,1114.6488,428.18884,382.11746,1318.5402,513.7015,-187.52417,1358.7308,507.90045,187.61218,1231.3984,729.78357,-46.231304,1311.5304,667.7584,339.3162,1251.2213,934.77075,114.44739,1380.0144,794.7063,539.61584,1279.8052,963.78394,133.85953,1414.4128,811.97754,561.73944,1175.7638,980.35016,89.39043,1345.0336,830.618,545.1265
side_leg_curl_end_2625.jpg,1183.3317,195.49094,-44.404865,1182.2869,171.61029,-92.2683,1185.0005,169.29437,-92.12496,1187.9928,166.86342,-92.05287,1182.4329,171.37065,-28.900568,1184.637,169.51656,-28.885014,1187.0426,167.84029,-28.865738,1212.4333,155.13112,-230.47972,1213.5131,155.39032,61.723587,1203.2946,204.16875,-83.77357,1203.1519,205.05597,1.4755936,1262.1344,226.9433,-363.74344,1317.004,226.72354,244.98701,1162.6202,368.31097,-363.7978,1249.9642,354.26166,359.21173,1041.5874,468.40005,-210.36676,1147.3583,421.2637,294.95807,1020.1951,483.68097,-253.28397,1127.9413,420.52625,314.50803,1012.84766,473.01508,-217.12979,1113.6177,411.34207,270.34042,1026.7003,468.25943,-190.4206,1114.9716,415.63297,273.65912,1319.0452,532.6054,-189.16457,1348.8668,518.0447,189.50266,1235.7894,752.698,-68.74408,1298.3176,684.9762,299.75537,1257.9344,960.04346,102.35747,1368.5365,817.3413,524.3495,1288.5001,991.3913,119.77364,1404.2488,837.02686,546.0703,1173.4985,1004.5467,54.27962,1324.9814,851.6738,520.1686
side_leg_curl_end_2625_flipped.jpg,738.135,201.59874,-113.00926,740.50037,175.59436,-105.76843,737.75964,172.89758,-105.70491,735.2084,170.17165,-105.980736,740.78467,177.42749,-165.27818,737.75275,174.78307,-165.26183,734.7825,172.19987,-165.26642,705.5024,153.46536,-18.747816,704.33813,154.79132,-286.5069,712.2975,206.05919,-66.33974,713.6972,205.35907,-143.8115,616.42706,202.64095,160.02092,635.48083,211.85861,-375.05563,716.6349,352.80338,267.73593,737.6194,357.97717,-389.62802,835.4182,465.80365,234.17683,867.2735,467.4921,-263.04623,864.7156,476.42926,243.46556,894.11053,489.5496,-292.23392,880.2603,482.5017,199.08888,907.0063,476.9678,-280.3086,866.5881,484.4514,214.00906,896.0594,473.17233,-253.675,579.44275,492.3195,177.65637,583.36816,516.17816,-176.83748,607.12506,636.37256,374.88974,675.39465,727.8984,-55.142517,515.11017,768.0528,620.88385,663.7089,947.11334,122.67792,480.10403,787.9018,641.5197,630.19385,976.6592,137.92592,555.945,809.8166,598.8744,748.85205,1010.95233,61.948143
side_leg_curl_end_29053.jpg,1205.588,111.98256,-520.58685,1224.7678,93.25323,-512.47595,1233.7247,93.000725,-512.3487,1242.9459,92.665215,-512.267,1203.6667,94.67558,-480.69736,1196.8074,94.914406,-480.82986,1189.8635,95.199066,-481.1032,1262.9174,107.0858,-382.1525,1196.7471,108.34526,-229.06363,1227.4155,133.02243,-466.4828,1196.8795,132.98222,-423.74335,1252.7019,215.88718,-513.39557,1235.6721,220.34648,128.65121,1174.6805,384.06354,-562.88916,1169.5956,366.9557,172.64156,1069.2819,461.3355,-501.683,1078.3303,457.3451,25.915949,1051.1312,483.6042,-549.16724,1051.8555,487.58704,35.359875,1042.2444,469.3382,-539.74774,1052.3593,482.2789,-28.450762,1057.9236,468.05252,-492.0658,1062.6659,473.8213,-4.364348,1228.5183,501.8168,-204.90718,1210.6632,498.51245,204.97813,1186.0703,718.3385,-303.31354,1177.8086,708.3885,333.53848,1361.7725,700.0999,25.013258,1181.2081,910.27686,380.26962,1397.2484,687.5606,68.150444,1201.3949,948.5332,378.93253,1376.5822,760.6132,160.91151,1091.9086,966.6426,328.36765
side_leg_curl_end_29053_flipped.jpg,714.7665,117.633934,-622.4751,716.40704,93.22037,-589.16547,723.0917,91.26929,-588.86346,729.9481,89.17217,-588.7561,696.31915,98.41907,-627.6448,688.1676,99.6202,-627.72144,680.0258,101.00281,-628.0254,730.9291,95.896706,-334.36606,666.35376,110.56706,-516.529,729.1895,135.88911,-515.024,702.9766,142.50879,-568.1621,714.66425,220.67891,43.874165,673.7327,217.31082,-632.791,764.4125,369.5398,163.83167,726.8749,368.9211,-691.3617,844.24756,460.40045,64.73718,832.17523,468.34653,-688.0076,870.6978,482.1898,77.909065,849.90466,500.29214,-758.91016,883.55975,484.4294,-1.974826,871.6973,491.3711,-753.8591,872.7356,478.1348,26.155993,859.6473,483.87714,-683.9488,730.58984,501.03546,231.56522,710.5787,515.8871,-231.76096,762.16797,735.08215,373.20847,799.3215,773.86163,-361.0476,740.1628,916.03625,575.52716,569.6569,692.2863,37.15648,721.7479,949.2857,587.45905,529.9318,654.3774,82.58912,820.08704,973.8351,528.2058,522.07227,770.3564,132.80444
side_leg_curl_end_29986.jpg,1188.5203,122.56368,-174.84366,1200.0553,102.30202,-211.04442,1203.9102,101.04436,-210.99327,1208.0892,99.66745,-211.00383,1198.2609,104.44992,-155.52534,1200.0995,104.75762,-155.6447,1201.9512,105.05657,-155.89899,1236.3401,106.22031,-294.66983,1227.261,111.51228,-33.927834,1205.0198,139.90639,-198.5214,1200.0547,142.64474,-124.088684,1267.9055,216.13321,-446.66064,1263.028,214.18904,187.01682,1201.2089,388.1959,-491.60223,1195.3346,369.10315,216.59747,1084.6896,451.53784,-387.8489,1095.2078,463.379,68.887856,1061.7411,472.2308,-430.28564,1070.7953,489.35046,66.66931,1056.0515,454.80234,-419.67783,1071.5511,483.19516,13.766663,1069.3907,449.38843,-378.41605,1081.12,472.7556,40.42968,1223.5813,499.73044,-210.33588,1217.6226,493.78525,210.76817,1132.4967,692.367,-287.5198,1162.613,724.68066,308.5899,1314.2551,705.1642,44.65527,1180.5555,919.16455,403.74875,1351.756,689.5694,85.2936,1203.7319,951.77673,407.82343,1321.3553,777.76556,156.01123,1105.1882,980.25507,348.80536
side_leg_curl_end_29986_flipped.jpg,743.0521,124.43391,-293.0874,731.53723,100.82861,-279.65808,729.1363,98.96524,-279.54016,726.9937,96.99681,-279.57556,730.91113,104.87217,-340.01886,727.5762,105.19893,-339.9794,724.241,105.66042,-340.1679,702.8577,99.68567,-143.48544,698.57526,110.35766,-417.28705,733.47424,140.69383,-229.6249,730.6289,144.61842,-309.64093,674.3285,218.98991,117.84758,667.23645,221.24812,-524.93805,748.29803,375.32498,212.7726,713.13477,373.09198,-539.83746,852.06384,465.56235,111.263695,830.079,470.1145,-453.90283,878.186,484.18958,122.57934,854.5919,499.03784,-495.76196,889.42017,483.4152,59.162132,871.3839,488.181,-485.98727,878.51996,478.31104,83.515045,858.93604,481.03622,-441.94467,714.73694,500.33713,209.99211,706.4101,511.77786,-210.12898,744.93414,740.9306,337.49673,819.5748,746.13965,-313.45712,736.9336,927.13074,498.37274,612.3435,707.20905,82.758484,722.0432,963.287,506.22403,574.6221,680.56744,126.199326,803.8798,975.09436,447.7582,579.6935,777.9904,196.51782
side_leg_curl_end_30052_flipped.jpg,729.2262,205.49225,-57.734783,731.45715,177.93433,-44.029602,729.6905,175.3548,-43.91107,728.0832,172.74422,-44.121635,729.81213,178.93555,-106.65602,725.8612,175.92253,-106.65079,722.03296,173.02762,-106.67788,698.40924,156.56805,41.32894,690.93475,156.03685,-239.70018,705.3332,212.19592,-14.363581,703.4046,211.06458,-95.64833,607.65314,220.68146,225.92563,631.92365,214.20871,-368.4546,708.2074,375.13815,330.89722,748.2152,350.70807,-415.70602,819.52423,474.29828,327.74353,873.86444,463.9533,-278.966,845.9617,485.07227,347.87527,899.8072,489.4857,-307.25363,859.8783,486.96143,309.587,912.29004,479.74612,-282.7494,848.2459,485.70456,311.03134,901.8121,473.931,-263.06702,560.0256,510.56552,189.85971,565.9886,522.0293,-189.17943,573.6813,692.1143,352.53073,665.94196,747.23175,-133.68747,505.9276,819.21436,589.2948,607.71674,898.90906,75.54158,479.26434,840.1584,608.25977,575.74664,916.95746,92.120674,543.8557,858.5643,569.1227,661.8699,959.646,34.932106
side_leg_curl_end_32120.jpg,1209.562,194.97955,-146.0532,1209.7761,173.09807,-191.2574,1212.3765,171.08307,-191.29907,1215.2756,168.86317,-191.48598,1210.3677,172.99039,-128.06201,1212.9705,171.3058,-127.99571,1215.5974,169.78804,-127.76125,1239.7142,158.77283,-329.83554,1240.5059,159.54369,-32.004463,1227.4507,205.38472,-188.5273,1228.5385,206.50745,-102.06161,1294.241,233.36943,-466.71805,1324.0288,226.42442,187.89226,1194.4106,365.93176,-515.0328,1284.7894,340.08066,408.95377,1059.571,462.2349,-414.4241,1208.172,395.9261,493.95697,1033.8868,483.9369,-465.11334,1192.8987,401.5534,523.04474,1023.19403,471.70547,-443.0669,1184.8102,396.90097,470.34277,1037.4135,467.94577,-401.558,1188.0925,399.24045,471.1329,1335.1785,524.6419,-198.27327,1332.8752,522.5679,198.08179,1273.6559,732.4065,-226.60838,1243.3679,742.76,276.8734,1471.7894,751.0331,79.49287,1259.8447,951.7357,340.2825,1505.3787,741.21136,111.0666,1287.9476,985.3754,341.7875,1492.0234,804.9791,120.554184,1183.5996,1014.1687,258.7654
side_leg_curl_end_32120_flipped.jpg,720.30646,198.85716,-266.06396,720.9268,171.8415,-259.2124,718.82043,169.14783,-259.1476,716.94434,166.41391,-259.3397,720.13745,174.38306,-318.7768,716.94714,172.18289,-318.69968,713.7719,170.15883,-318.73053,688.4787,153.23302,-154.68846,684.0422,156.13988,-429.17575,698.0373,206.95045,-215.32483,697.058,207.38138,-294.9692,614.1869,217.01509,82.57933,615.72363,238.21495,-525.30225,705.70074,361.4551,193.58968,726.5185,361.06607,-540.91534,819.1987,467.31152,168.14326,857.2866,461.2626,-389.35748,848.7903,480.35068,178.89833,884.2884,486.88678,-430.9582,862.8367,486.2132,127.77108,900.826,474.58194,-420.71393,848.3643,485.65482,145.89485,886.3354,469.4995,-378.96527,582.07513,524.30347,193.48929,559.8664,545.21356,-193.54987,658.9612,752.6011,321.14557,652.8587,755.673,-221.00226,646.56934,943.064,450.2025,450.8404,715.9449,119.71903,616.21643,980.5412,457.31232,412.18826,694.34625,153.49747,745.06476,1004.31586,408.49182,432.77783,778.1397,208.92072
side_leg_curl_end_3516.jpg,980.9167,206.21622,-342.9351,988.98035,187.76562,-374.8977,993.3524,185.85652,-374.746,998.05505,183.7842,-374.63705,983.5793,191.89722,-320.45145,983.1528,193.02092,-320.51746,982.7417,194.25082,-320.72504,1021.1262,189.43077,-423.68158,1000.8372,202.06738,-169.05688,998.6129,220.46277,-354.58127,988.6696,225.55542,-281.39413,1049.1392,287.7341,-583.42816,1051.094,289.0783,86.02031,992.6482,443.50827,-633.5936,1004.2455,437.6327,129.37506,884.96313,537.19727,-601.6994,917.38824,520.1728,25.407372,871.2213,568.64484,-674.91376,897.1133,545.26074,43.871986,848.21497,555.2671,-651.80975,895.2606,539.63666,-20.913485,863.8299,551.0716,-590.5788,902.5625,532.9866,-4.4936566,1013.5674,559.7388,-212.54182,1014.0654,553.4808,213.15762,963.3665,774.6294,-192.5068,966.5046,748.72345,382.3338,1135.0936,737.0889,136.31024,993.99585,915.0941,477.64804,1166.0839,714.8719,175.30577,1014.1903,939.49274,486.93304,1152.575,804.20233,238.72726,923.55286,979.1941,444.9051
side_leg_curl_end_3516_flipped.jpg,937.69,209.75519,-377.7586,935.3252,188.93233,-357.5174,935.3346,187.62743,-357.36487,935.56226,186.2453,-357.49615,930.5732,191.05345,-407.44708,926.6732,190.6363,-407.39807,922.83875,190.3532,-407.63782,918.22076,186.79987,-193.53069,903.28827,190.85785,-421.2264,931.2801,223.51924,-305.84583,923.90546,224.7692,-372.75342,868.06995,281.42935,89.716225,885.6781,286.22342,-532.9236,912.8199,426.51938,172.25067,939.9622,430.547,-566.9686,976.7837,507.58588,97.90508,1042.9773,547.11035,-481.31613,991.1715,525.5621,113.8802,1061.749,584.6526,-529.6582,1002.72687,523.50244,58.314365,1078.1487,574.7769,-515.1395,998.9914,516.76855,72.16362,1065.1528,562.8201,-469.52188,918.774,542.72064,208.20596,926.27795,556.88916,-208.2862,934.57263,741.74054,330.26758,1017.4338,739.85236,-289.24094,914.5939,905.93494,488.65198,804.3801,720.9169,102.80868,900.3837,940.2284,498.81476,765.01587,702.78906,145.14554,977.66364,943.38385,454.9148,773.0225,782.4834,209.77202
side_leg_curl_end_35880.jpg,986.65295,202.86745,-365.16507,997.21216,184.48383,-394.68048,1001.93884,183.00148,-394.5677,1006.98224,181.36818,-394.4906,991.80646,187.76135,-341.8604,991.52014,188.74777,-341.9073,991.215,189.82408,-342.1388,1031.7245,189.2979,-429.87067,1011.1353,199.08752,-181.10075,1004.7527,219.041,-372.05844,994.0972,223.11137,-300.80225,1058.0701,292.57666,-573.04553,1058.762,291.8224,86.580696,1001.25574,449.55618,-617.4416,1009.3641,438.5584,116.91996,887.50287,546.1575,-552.6548,922.8803,516.70105,-0.4016859,873.2883,576.03503,-618.1185,903.00165,540.78546,13.91604,849.5522,565.7687,-592.9305,902.69745,534.3427,-49.925983,865.1647,562.0782,-538.2489,910.6261,528.49115,-30.457302,1032.459,566.4061,-214.87755,1027.7406,554.1818,215.39967,987.4949,779.98065,-201.20462,976.7594,748.50085,426.72482,1156.1797,725.8354,126.36712,996.93225,899.939,529.9147,1184.5992,700.3199,164.01257,1015.1985,921.6055,539.62854,1179.2574,786.7927,231.39662,929.9524,965.69775,512.06537
side_leg_curl_end_35880_flipped.jpg,937.2757,208.11034,-261.33383,931.3874,188.16435,-246.85204,929.32086,186.69202,-246.70901,927.49506,185.17342,-246.83542,931.68805,191.08409,-299.85406,929.2827,191.02448,-299.81232,926.93494,191.11725,-300.05402,906.91644,186.64336,-125.321945,907.84937,193.47803,-364.64502,927.4321,222.39005,-205.28445,925.7859,224.6545,-275.5593,853.81415,286.8193,126.175674,889.2566,294.23212,-483.9306,892.5026,430.11203,239.43433,939.44684,432.287,-502.3254,958.13586,499.9802,223.38635,1040.0309,548.6201,-405.4777,971.7825,514.4449,249.03021,1058.3245,586.4002,-446.9667,985.5734,512.3119,194.9703,1076.0272,576.51746,-434.27252,982.0944,506.977,200.618,1063.6671,564.1642,-393.64725,896.2644,557.5485,197.06163,909.5106,570.47144,-197.18365,910.1591,745.08795,354.59238,996.32355,757.5544,-257.53934,898.4571,903.81555,504.5685,792.8251,718.20416,114.46228,885.8442,937.3656,514.7649,756.8161,696.5656,155.61023,958.5324,942.7152,495.48547,758.34467,775.38226,246.7546
side_leg_curl_end_36352.jpg,1221.8315,173.13895,-145.7051,1225.9447,151.26877,-182.60304,1229.1697,149.31087,-182.56258,1232.6976,147.12929,-182.74327,1224.9509,153.26613,-125.15311,1226.7574,152.9957,-125.14044,1228.5435,152.87256,-124.93806,1256.3545,143.5965,-289.4472,1251.9475,150.74036,-16.430683,1238.1228,186.24991,-177.06946,1236.0887,189.78645,-98.096085,1292.6234,232.48798,-429.03094,1314.1356,238.88469,190.17236,1185.1566,365.39563,-479.0017,1228.8177,358.46912,310.86465,1052.1742,472.2191,-404.58774,1113.4008,432.88998,277.61444,1029.9742,491.4469,-453.88205,1089.6409,440.19336,300.3253,1020.5752,482.17096,-434.3906,1081.4012,433.88785,252.61946,1033.4043,479.22955,-393.4046,1084.813,435.4698,255.29222,1317.3496,527.6509,-197.15076,1313.9478,527.9574,197.32254,1286.096,751.12683,-245.51285,1246.3408,737.58496,317.53687,1472.5259,747.1141,59.954353,1262.8792,945.98694,382.5943,1501.9985,731.4092,93.47158,1286.6206,979.6532,383.0402,1500.0616,803.10925,125.58228,1198.2192,1008.26245,311.1892
side_leg_curl_end_36352_flipped.jpg,715.11383,185.13773,-244.7576,713.1703,159.27728,-237.55853,711.14044,156.62788,-237.53912,709.35626,153.90529,-237.68845,711.5657,162.96138,-293.7846,708.09564,161.65909,-293.62433,704.6238,160.48534,-293.5057,681.7893,144.95457,-137.98454,675.0018,151.2643,-396.57718,695.25366,195.62486,-195.77011,693.5113,197.51843,-270.8259,614.24524,213.77658,95.01968,620.747,244.38586,-500.36624,710.55817,354.41144,206.83856,726.14606,362.40106,-499.96045,821.98083,465.5972,192.4367,861.03186,470.72964,-368.1287,850.6022,479.75113,201.28899,886.8655,499.35822,-412.724,865.03125,487.4801,154.52538,906.47644,485.13684,-407.3522,851.2591,487.32867,170.74643,891.8617,478.97696,-360.8356,602.1709,521.3308,189.14085,582.64746,545.99384,-189.56677,678.6817,747.61725,303.46527,677.8169,760.67957,-219.6029,664.6924,937.7323,421.0293,470.9626,716.8634,88.51138,635.69073,976.1254,425.59305,432.0188,696.3614,120.43721,759.7227,996.3776,371.89246,446.84225,773.0096,174.93701
side_leg_curl_end_36748.jpg,967.83234,182.99382,-466.86154,984.2315,164.98949,-471.4781,992.75836,164.09013,-471.32755,1001.50305,163.11398,-471.39722,966.80774,167.29295,-419.8468,961.2591,167.80266,-419.73273,955.6611,168.48775,-419.8099,1025.5239,172.48878,-409.19022,968.9133,178.6659,-172.99553,990.11365,200.42555,-438.09674,964.8711,202.57747,-370.86115,1037.9425,288.05103,-536.81116,1012.0532,270.85654,126.02149,979.34015,452.1955,-572.9816,989.7505,421.24158,190.16982,867.2066,550.816,-512.6211,921.58514,518.3393,34.92211,846.6801,578.92487,-570.5774,907.3955,543.8714,25.868324,834.6673,564.57764,-567.73627,896.44525,539.69257,-32.485386,846.17365,555.9968,-508.7664,902.53827,534.0122,2.79714,1016.90405,570.4362,-191.60806,1010.4722,551.71484,191.99156,990.38873,764.8435,25.061502,1037.4271,704.5209,396.1444,1006.7816,945.6176,301.21527,1140.2057,803.3803,685.1755,1035.4993,975.738,324.53986,1168.616,814.408,709.5029,927.9872,999.9747,196.14412,1122.1262,851.66455,638.568
side_leg_curl_end_36748_flipped.jpg,957.7044,193.31097,-334.05295,953.4973,174.93448,-301.50214,955.4474,174.43478,-301.24042,957.54865,173.88423,-301.43906,944.51904,175.49133,-348.06168,938.31616,175.12843,-348.01614,932.2445,174.8328,-348.1369,937.11206,180.27567,-118.302,908.15704,181.33496,-321.5782,952.73474,210.49928,-256.2646,938.04364,210.43806,-315.67313,865.67334,276.42007,128.42944,907.0828,280.4533,-418.07425,901.4906,427.71866,237.60077,955.32684,446.68668,-431.58258,968.0946,513.20496,191.43515,1048.3511,549.3367,-340.04486,979.0829,532.275,192.26474,1065.5408,576.6009,-378.3609,993.463,526.2166,145.87148,1078.6559,564.8869,-367.0023,989.58105,524.14166,169.08731,1067.9388,558.7829,-329.64536,889.6053,545.8728,180.82143,921.81683,566.44543,-180.20398,883.14,682.61774,436.4676,970.564,753.73395,3.7519414,809.65173,815.48615,694.3218,928.5934,929.04926,250.92398,781.03296,838.03217,719.6572,895.4145,955.9879,274.3826,856.4968,849.4464,703.86035,1000.9101,978.3644,198.71751
side_leg_curl_end_37202.jpg,1204.7643,161.335,-86.33708,1212.6351,139.38776,-121.15623,1216.7135,136.83495,-121.11597,1221.1144,134.05893,-121.21744,1210.1224,143.79979,-60.80945,1211.7227,144.40956,-60.78517,1213.3046,145.0777,-60.67933,1251.6898,131.58768,-215.47334,1241.2695,144.78879,70.70208,1224.8494,174.05605,-113.567215,1221.0123,180.10852,-31.384008,1302.4614,219.63052,-356.15967,1292.5054,245.61752,262.57556,1210.6097,361.78622,-397.95517,1215.3057,383.61972,345.2735,1076.2474,460.0543,-298.53537,1100.6877,471.73114,286.1733,1052.4861,482.33517,-333.4211,1074.0347,491.00333,301.9072,1042.0259,473.88943,-320.4043,1070.5736,486.56427,258.38882,1054.6644,469.4166,-287.48267,1078.8167,481.19376,263.74188,1307.7045,524.8237,-195.61357,1288.9576,525.8563,196.08026,1245.0989,760.86707,-268.63937,1219.949,738.9381,270.30264,1448.8896,763.3081,22.17229,1254.6133,938.617,369.47614,1483.4222,744.20984,54.29597,1281.4708,965.3926,371.35748,1472.6553,832.96136,64.17448,1195.0215,1015.1597,278.4288
side_leg_curl_end_37202_flipped.jpg,717.8517,175.87819,-138.42168,719.1383,151.18724,-129.19865,717.4734,148.82938,-129.19612,716.0574,146.36603,-129.32265,716.6358,153.53058,-185.90936,712.791,151.47122,-185.7559,708.9296,149.49973,-185.62889,690.89905,135.01094,-29.784206,679.9429,136.60243,-291.598,698.49066,185.1101,-89.04653,695.9996,184.7636,-165.14302,621.0919,208.24191,190.61446,618.9044,208.6258,-416.3235,697.98126,370.00012,307.47885,703.2376,350.45004,-417.43103,805.95325,470.37994,304.79733,839.66766,472.98474,-280.36002,830.88855,482.40637,319.97443,863.42755,506.91452,-305.7723,849.48535,482.25156,279.32898,884.8107,491.9311,-298.66675,838.1432,480.68848,285.67706,872.3036,483.59097,-268.99408,636.5852,503.63174,192.15251,617.7378,516.64276,-192.438,691.7686,728.99884,280.59735,727.6581,753.3011,-254.99525,681.3115,924.3717,381.21365,501.79938,712.5178,35.09693,657.6841,964.2313,383.0588,460.31946,687.101,66.66784,768.26117,980.5965,315.76526,471.67053,784.0847,124.84056
side_leg_curl_end_37644_flipped.jpg,690.1678,136.68938,-367.76065,690.86536,111.335,-334.50366,696.75824,110.98893,-334.2015,702.7533,110.62458,-334.39874,671.97314,110.97065,-378.1641,662.0855,109.805885,-378.15857,652.33105,108.78406,-378.3034,686.8681,118.66895,-130.71703,624.31024,116.45526,-323.23053,692.0156,159.1515,-282.25983,664.552,158.10425,-337.87872,617.3375,222.97371,153.95587,631.69666,222.89552,-449.9209,679.9378,367.23795,257.97058,747.3915,361.98602,-480.0765,755.8113,478.9979,230.77393,878.74963,470.722,-365.2645,776.1915,503.6497,238.25664,905.22925,500.18762,-399.62378,787.83325,508.24673,192.61104,919.95734,489.19202,-391.421,777.67,506.34726,207.88489,903.5023,485.66965,-356.31235,571.79626,521.85876,186.80818,584.0298,540.94147,-186.21964,592.79645,677.8976,379.6262,678.2407,742.7286,-89.602066,504.4727,814.678,581.142,657.7481,935.63135,79.36206,471.75848,837.8494,598.39954,621.9732,965.8432,94.722496,566.74176,860.57074,568.9621,744.62024,995.4857,5.0237207
side_leg_curl_end_38038.jpg,963.875,243.44716,-325.23074,967.2022,221.56715,-345.51083,972.57715,218.4582,-345.38596,978.1628,215.16498,-345.3539,957.6319,226.22162,-294.70166,955.77954,226.69212,-294.66827,953.94745,227.20642,-294.68567,1003.10693,208.13676,-359.92932,971.9496,222.98691,-116.01435,987.36395,250.08202,-325.27167,974.3599,256.66113,-255.0807,1040.5647,284.66757,-517.51807,1049.3875,281.94345,141.67278,989.5952,434.0309,-578.8709,1011.94116,433.4217,213.46924,885.48004,534.0704,-508.48474,924.01404,517.8838,121.80442,871.8586,560.93384,-561.50085,904.7081,538.5334,133.0022,854.4608,553.3224,-552.7315,895.6333,534.4326,79.51118,867.30676,547.12494,-501.36148,903.05817,530.1206,93.616005,1027.0454,564.52344,-211.65616,1028.6989,550.64545,211.78369,967.0112,770.4684,-227.57478,966.06573,746.779,377.4981,1149.6326,717.46173,68.758896,1009.1539,890.2692,448.8487,1174.9507,688.4411,102.73114,1029.1012,904.74554,450.80933,1189.9977,780.98425,145.61908,971.85187,963.877,387.2479
side_leg_curl_end_38038_flipped.jpg,956.0802,244.62535,-366.02765,963.3032,225.24196,-342.14563,964.7848,225.33272,-342.08298,966.4823,225.36565,-342.19226,955.8009,221.81213,-389.30353,951.27466,218.65155,-389.22794,946.8046,215.6307,-389.56317,950.28485,219.59811,-164.80627,926.10297,205.34738,-382.29312,946.08636,257.02972,-289.8144,936.25275,250.68752,-353.8196,885.6718,289.1355,131.3843,876.4789,286.05487,-502.53088,917.40485,424.65366,240.63658,931.8855,429.33276,-548.158,972.8994,508.48044,163.74966,1039.3073,545.5972,-437.12042,986.2348,528.4484,186.11572,1057.9005,584.0813,-476.79462,998.8545,527.66156,133.10251,1076.0024,573.53326,-463.21854,992.6205,520.3527,139.97044,1064.4513,560.14746,-423.90048,910.36206,553.7172,200.36049,897.64886,568.4161,-200.50842,931.58484,736.717,335.8756,999.8869,739.60693,-279.70926,903.3074,886.31793,484.2583,795.03503,707.60834,87.20968,890.3943,915.59045,495.25314,758.00256,686.698,126.95848,952.64166,933.1875,460.50702,763.87427,773.7871,194.80699
side_leg_curl_end_3883.jpg,1127.4965,190.45471,-211.00877,1127.8966,167.15799,-245.40427,1131.3446,164.71194,-245.52092,1135.0364,162.07314,-245.67993,1125.4203,168.47362,-191.8716,1126.841,167.18999,-191.685,1128.2764,165.89122,-191.4881,1161.7849,150.28981,-332.87204,1152.948,154.3964,-74.68045,1148.6274,197.40944,-236.00813,1145.747,200.14279,-161.81921,1222.0448,226.33662,-466.78757,1223.2544,207.98114,138.28802,1173.7579,383.50275,-502.5531,1184.7169,350.37238,189.25665,1076.0691,461.37976,-386.38416,1101.0297,435.1191,65.12559,1060.952,481.28848,-419.1203,1081.3527,455.00354,55.149567,1051.5887,470.60303,-422.72577,1078.381,450.38382,11.319801,1059.7767,463.57733,-380.0325,1085.4768,444.28836,39.8399,1216.1072,505.4151,-198.20747,1207.9329,493.97873,198.46445,1178.5459,749.4328,-264.1901,1149.3828,712.5166,332.611,1374.3447,735.19275,27.115145,1182.6547,897.7744,416.8949,1399.7102,709.9378,60.885414,1206.6464,920.3292,416.88702,1418.0247,807.9246,83.00403,1132.6923,973.7184,330.95993
side_leg_curl_end_3883_flipped.jpg,798.29297,191.59882,-291.5584,799.89325,164.96895,-281.90292,798.45886,162.88017,-281.95557,797.3062,160.70589,-282.06747,797.88196,166.17656,-345.23248,794.62946,163.90198,-345.10892,791.34906,161.73546,-345.15347,774.0199,148.96208,-149.76825,764.6334,148.49551,-442.7388,780.50244,200.38023,-228.55305,778.2289,199.49542,-314.04443,713.88904,216.13083,124.1689,687.4245,232.91331,-558.8355,762.12573,369.84192,237.78851,718.587,383.91925,-597.326,839.86804,460.92258,126.88231,831.8426,476.3679,-508.4019,861.2495,478.12842,135.57912,852.16,504.72464,-558.4118,871.98267,476.1856,69.734665,871.509,490.14337,-543.7254,862.1784,471.6484,95.16675,860.2358,481.47842,-495.06598,725.6245,507.19373,219.85274,699.9251,529.0115,-220.28122,747.2284,742.09845,334.58203,770.7134,761.28357,-315.64584,739.1717,927.7845,470.56354,565.60944,697.34015,47.38969,718.3939,965.7078,476.39017,532.41223,669.30334,87.81958,822.9228,980.27795,403.16995,521.41675,759.68506,145.6616
side_leg_curl_end_38998.jpg,1202.0896,199.5989,-125.28349,1201.6041,177.05618,-168.68839,1204.4642,174.71162,-168.65532,1207.5831,172.13895,-168.7124,1201.4429,176.87636,-107.32859,1203.5854,174.96396,-107.368866,1205.7684,173.20657,-107.24099,1233.0812,159.69942,-303.25278,1231.3932,160.76276,-14.732086,1222.6729,208.0794,-167.0136,1221.9904,209.5657,-82.901505,1289.9077,228.78897,-440.52646,1309.4978,230.44823,180.36752,1183.9299,354.9592,-486.9417,1220.8232,348.53622,312.67316,1051.8387,459.89377,-368.08176,1112.1476,425.27878,262.6223,1027.4937,481.55322,-413.2569,1086.0145,432.08167,280.25143,1016.0656,473.24942,-389.93112,1076.212,425.03494,231.16402,1029.731,467.44376,-354.39804,1082.6482,426.90488,238.07057,1337.2313,532.0872,-190.93115,1335.5613,528.05383,190.90506,1244.47,717.0176,-215.9126,1222.3145,751.9882,270.96448,1444.2653,727.2657,71.8288,1252.4032,944.1452,340.94778,1476.2311,713.2968,101.025154,1280.376,969.14294,342.01962,1473.0336,778.9004,134.3933,1193.2045,1012.70715,276.03992
side_leg_curl_end_38998_flipped.jpg,726.0914,197.24542,-295.91913,727.44635,171.7398,-286.0133,725.8429,169.47049,-285.95975,724.5072,167.15396,-286.09515,725.59296,172.81181,-346.97836,722.15594,170.12735,-346.88025,718.7966,167.6133,-346.93628,696.58527,152.33855,-159.71883,689.4018,151.44496,-442.4189,704.1075,204.28416,-237.1026,702.16077,203.16664,-319.34027,630.462,211.22566,80.334984,613.2277,219.06859,-534.2072,722.0592,352.47678,183.31796,723.6809,339.1028,-578.8113,847.29675,458.48972,134.45006,856.91315,449.72018,-479.51715,882.19995,473.24164,144.5351,882.0742,481.7362,-533.318,895.2578,478.35623,83.53835,901.92633,470.6555,-526.0414,878.56085,476.9657,107.94115,887.21405,463.1656,-471.44962,596.9829,504.53284,189.33339,565.7645,522.84,-189.2572,666.28577,745.86304,255.14655,659.0819,735.8851,-235.25572,646.7414,945.00336,371.653,457.39877,720.5289,116.99072,614.9395,982.27966,377.4776,419.65335,700.22614,150.4027,745.6455,1014.27875,306.37915,442.17743,797.43463,181.4314
side_leg_curl_end_41990.jpg,1209.123,168.23524,-185.51175,1215.5435,146.68251,-223.85265,1218.8597,144.31593,-223.77856,1222.5109,141.68028,-223.915,1214.9612,150.15356,-165.52655,1217.274,150.33899,-165.43213,1219.4427,150.65439,-165.27753,1251.9437,138.88002,-315.31653,1247.273,149.18904,-36.383255,1228.0288,181.25117,-212.3021,1226.7166,186.13062,-132.14726,1310.5295,232.78687,-445.13922,1283.1637,247.62677,180.91843,1197.8077,369.3511,-487.07147,1190.2865,371.3528,298.49545,1053.1094,467.2959,-410.02692,1080.0481,455.30176,268.6308,1030.1158,484.26596,-448.94342,1054.5892,469.28906,288.34952,1018.07556,476.06665,-439.8155,1050.8716,465.05643,239.85999,1030.5874,473.65555,-401.48645,1058.7264,464.628,245.41684,1319.7845,531.9436,-201.35547,1283.0399,532.7102,201.77672,1301.137,780.2664,-281.0687,1233.1687,742.11914,330.69778,1481.7664,758.485,32.95142,1266.5055,943.22766,434.9179,1511.1914,737.21765,68.238266,1291.0029,971.32135,437.26556,1508.3774,824.36755,84.45989,1212.6172,1021.3541,348.48132
side_leg_curl_end_41990_flipped.jpg,714.6461,183.3714,-216.1616,715.45874,157.9476,-204.66035,713.99255,155.45592,-204.60841,712.74603,152.88057,-204.69989,712.66656,160.4724,-262.98038,708.3085,158.54968,-262.8169,704.0141,156.7558,-262.6739,685.3094,142.71945,-104.026726,673.1186,145.11034,-373.4471,694.6337,194.0915,-167.28596,691.0029,193.99382,-245.2822,609.0329,211.95264,134.72801,613.6256,225.31003,-487.47287,713.9885,358.03644,260.2057,719.1229,352.82986,-494.00912,850.2905,458.48206,276.70355,859.62256,465.96014,-351.73605,881.69366,466.79218,300.36188,885.2046,495.01166,-385.28357,898.15857,469.72675,253.49144,905.2776,480.36414,-371.18237,884.37067,472.43024,258.10538,893.184,474.6005,-338.39545,614.81836,516.6094,204.2793,600.923,531.9828,-204.38338,648.5774,729.5069,356.86392,698.7666,746.7987,-209.76323,635.02466,910.2036,494.57953,517.8107,739.0231,119.01554,614.00037,948.3897,502.06244,480.18414,727.0636,150.45479,712.56177,955.9943,458.1624,516.90295,797.56354,204.4202
side_leg_curl_end_43370.jpg,972.0177,202.17801,-301.85086,981.9117,183.0253,-331.3209,986.2224,181.59258,-331.22534,990.8717,180.02368,-331.1607,977.70593,185.36429,-283.56158,978.0057,185.80975,-283.58704,978.2726,186.30127,-283.78125,1016.6837,186.11716,-375.32248,999.6367,192.43631,-147.75923,989.98773,218.10698,-312.92365,981.19226,221.23866,-247.64883,1048.6765,290.21054,-510.13217,1038.7618,284.4889,85.46019,994.98126,450.25726,-555.8972,986.2202,435.00916,100.59345,887.2487,538.3004,-515.21796,901.78705,523.18634,2.9821439,871.347,566.9957,-577.94995,880.2494,549.77606,12.459452,852.0417,556.3714,-563.2382,881.5857,545.3662,-47.715347,864.60815,550.1195,-505.54315,891.3666,538.0079,-25.970407,1008.3396,561.7987,-198.67506,1001.22217,546.5158,199.33377,959.32983,770.477,-214.69011,966.1006,739.63965,395.44672,1137.641,710.3304,67.399,1010.77814,871.1231,491.0699,1163.3628,679.0955,99.82314,1027.9308,886.03125,498.56854,1176.9601,774.6348,169.25073,970.7899,937.2213,469.39297
side_leg_curl_end_43370_flipped.jpg,951.8941,205.50928,-277.56592,945.2253,184.30763,-259.22232,942.6633,182.94371,-259.15485,940.3318,181.52245,-259.3193,945.98267,186.7792,-321.0455,943.4187,186.49725,-321.02054,940.91534,186.3426,-321.2089,917.3387,182.76004,-123.77174,919.1633,187.55951,-403.92383,939.98694,219.88503,-216.59122,939.3341,221.4171,-298.57062,870.7323,283.05606,135.59831,887.12256,288.99826,-535.41296,928.195,431.3657,217.6056,939.68146,432.05762,-564.74097,1003.08105,521.508,124.19867,1040.7834,545.17224,-479.9473,1020.2807,540.49927,140.929,1060.4384,581.0216,-529.9868,1032.7386,539.6759,77.727295,1077.0033,570.57117,-516.7737,1026.6547,532.81384,95.626854,1064.7723,559.02637,-468.86765,919.9313,546.0924,215.33057,924.70984,558.56433,-215.22966,937.77826,739.77765,359.80948,1014.5684,733.7265,-287.4097,910.97284,898.55176,532.73145,802.60425,713.03577,119.106735,896.1281,931.50757,544.9064,764.1711,693.5666,163.70386,973.14594,935.923,514.54816,767.00653,777.3591,236.99216
side_leg_curl_end_44956.jpg,1201.6311,159.36763,-128.62885,1209.3771,135.93251,-174.18927,1213.1813,134.29666,-174.02332,1217.2758,132.52625,-174.07193,1208.1362,136.62584,-107.36554,1209.9053,136.06078,-107.3509,1211.7751,135.75294,-107.16928,1243.9218,132.35707,-287.37054,1238.844,135.66017,20.055231,1219.0027,176.38567,-159.06546,1216.0651,178.08969,-69.72153,1266.5101,228.40239,-397.03622,1332.4945,235.8526,249.20952,1165.0299,357.58154,-420.0266,1303.7739,352.4137,470.89548,1050.6852,475.95227,-338.84653,1217.5566,417.56317,608.8122,1031.3848,493.01953,-400.9568,1207.5786,415.86523,660.97473,1023.72675,484.89624,-364.00153,1192.1316,412.51257,613.701,1034.965,482.68268,-322.44138,1191.0386,417.66287,592.64996,1331.8732,534.2017,-194.22946,1366.5795,522.897,194.47662,1228.4098,727.6185,-3.2368765,1315.2117,706.1758,321.49582,1284.1343,892.13696,309.856,1365.8544,842.363,572.5603,1317.4877,916.03937,343.1842,1398.1826,864.4444,598.36304,1220.0116,941.0663,313.23245,1308.9777,886.654,563.0602
side_leg_curl_end_45704.jpg,1230.8961,166.56876,-190.4982,1238.2301,146.37642,-217.65675,1242.5764,144.5839,-217.64679,1247.1678,142.55832,-217.8533,1233.5835,148.46391,-162.36157,1234.0164,148.33153,-162.29639,1234.3685,148.3265,-162.11058,1271.2853,142.31651,-287.17145,1255.6239,148.96712,-25.08832,1248.2717,181.29138,-210.09566,1241.3024,184.59877,-134.43361,1302.2242,234.84068,-425.49017,1310.4299,237.92511,195.17535,1195.5449,367.93192,-489.4217,1224.9089,357.01126,342.74185,1060.2739,465.94025,-419.99695,1111.6415,426.35632,344.29507,1037.5566,489.96716,-465.14557,1084.5228,439.68457,370.9417,1023.6213,479.99396,-453.58215,1078.6058,433.68857,325.9833,1037.4639,475.58865,-411.32468,1084.1389,433.91907,323.29272,1320.173,529.2726,-199.89954,1309.2588,525.74634,200.17653,1270.4521,754.50964,-277.58447,1237.0874,737.3584,316.2641,1456.049,744.6757,20.95145,1252.4971,949.74066,356.1756,1484.3102,727.3045,52.89671,1277.9243,983.5911,352.8977,1484.3126,802.8647,75.947136,1174.2695,1015.25714,267.64813
side_leg_curl_end_45704_flipped.jpg,699.3201,174.26619,-272.2046,698.77856,149.2563,-261.97488,697.4411,146.9646,-261.943,696.34094,144.58894,-262.04404,696.00885,152.07047,-316.85318,692.0566,150.52275,-316.60565,688.14954,149.09067,-316.28958,670.097,137.21307,-155.96687,658.904,140.3563,-408.7698,680.8274,186.29297,-221.22122,677.2467,186.82986,-294.4063,597.93195,206.60107,92.77536,609.66846,232.89764,-517.365,696.5289,351.3792,204.65346,724.5591,358.09656,-517.4603,818.0535,462.78122,207.48372,865.2709,471.73438,-379.08548,847.043,474.69006,221.87827,890.95544,500.66504,-423.14514,862.732,480.01044,175.47682,911.8656,484.28644,-412.779,849.5736,481.43103,187.34627,897.21484,479.1927,-369.74042,600.9019,511.12152,195.91806,586.96454,535.0449,-196.46916,669.1173,729.163,321.65237,689.9684,750.1474,-213.18524,664.55414,920.748,452.3023,490.98187,725.43176,87.73949,641.1885,960.68665,459.16785,451.8423,710.155,117.60234,753.4919,974.8244,413.48105,479.37994,783.19006,168.81683
side_leg_curl_end_45947.jpg,1169.0469,120.185,-217.53494,1181.4744,99.95221,-268.1881,1185.5098,99.25379,-268.14117,1189.772,98.434746,-268.10513,1180.8877,100.34704,-202.41231,1183.3219,99.85748,-202.43561,1185.7605,99.451096,-202.38026,1219.5059,103.22461,-374.21555,1215.1132,103.667145,-66.74865,1184.3455,139.61516,-248.18472,1182.6011,140.12268,-159.69136,1249.3588,224.07693,-497.50705,1256.5464,204.88448,160.22769,1179.9836,396.79593,-518.5509,1201.695,367.83167,204.21494,1074.1804,465.47034,-394.8077,1104.8909,435.04312,52.012566,1054.2059,484.9433,-447.81476,1085.3248,447.4945,44.0536,1044.9685,468.36664,-443.34744,1074.2217,436.42606,4.354374,1056.0511,462.98175,-390.87766,1077.9501,433.6378,26.43075,1204.1659,518.20734,-204.13446,1212.6571,488.69263,204.50294,1155.5408,744.1095,-167.60318,1194.7137,626.40063,428.58203,1187.0144,973.7141,-106.74596,1250.0634,770.7768,685.3515,1216.8907,1009.65656,-104.11285,1280.4211,800.18146,707.8626,1100.108,1026.4833,-209.88362,1195.2308,798.8635,690.1025
side_leg_curl_end_45947_flipped.jpg,758.10425,121.62731,-334.09943,743.25055,98.56609,-317.58884,741.7671,96.99546,-317.37628,740.5118,95.33444,-317.51297,740.9522,101.53359,-380.94278,735.8362,101.87892,-380.93738,730.773,102.30166,-380.93835,710.7512,100.47662,-184.10071,698.96484,110.42248,-463.2246,746.02966,139.18135,-274.0913,739.1025,142.44606,-355.28195,682.33624,212.83714,57.188717,664.68695,223.00464,-559.9286,742.12335,367.94846,193.92097,721.7957,396.72156,-562.8613,828.6443,455.60776,93.03846,841.552,478.7346,-456.66977,846.9028,476.0013,79.20282,866.75574,501.02048,-493.9817,860.0155,468.2239,24.734118,881.2078,486.1582,-488.35654,849.2365,465.2306,64.467186,870.14923,480.40192,-446.93408,720.2142,502.8579,197.90051,711.5904,515.2349,-197.05536,734.1102,664.3404,461.68723,751.5471,731.8712,-65.58614,634.18744,811.2391,705.96155,736.4942,938.72284,96.52278,600.6411,835.5656,725.56824,702.14734,974.6288,108.146034,679.3562,854.0671,698.7044,833.76404,994.30316,-10.270659
side_leg_curl_end_47676.jpg,1174.1672,94.69905,-227.98425,1188.7205,78.11002,-278.68112,1192.1102,78.693275,-278.64688,1195.7234,79.14022,-278.65027,1189.5609,76.03998,-212.6531,1192.4225,74.95095,-212.68878,1195.2296,73.99424,-212.64676,1220.2798,90.49079,-380.25717,1219.3333,82.567726,-76.78392,1183.5472,118.319374,-258.15982,1182.7394,115.381584,-170.84903,1242.8145,219.85072,-517.1,1227.626,193.92178,165.45547,1175.7686,386.56345,-509.3543,1191.3696,354.29782,207.6705,1064.2183,469.09827,-431.85184,1106.4631,418.91483,39.47127,1048.2782,492.46368,-495.23785,1091.6213,433.3512,24.038115,1031.2428,480.3784,-495.25708,1083.3752,422.61,-21.345198,1039.9851,472.0784,-431.0891,1085.5471,418.46466,10.277067,1189.5979,517.3823,-201.29442,1179.1324,494.5875,201.75368,1172.8838,740.93585,-67.69836,1158.8165,674.0787,344.26486,1189.0835,954.0622,131.45143,1241.8494,813.5923,596.7122,1214.2457,988.5632,144.72696,1273.9918,834.0822,618.79346,1097.6897,1004.32477,1.9630988,1201.5723,864.9379,569.5723
side_leg_curl_end_47676_flipped.jpg,759.8786,106.75792,-147.22047,747.9584,82.81521,-137.75435,746.1801,81.49434,-137.65576,744.6001,80.11656,-137.71565,747.3137,85.182014,-195.3817,743.5039,85.37471,-195.40065,739.83057,85.67698,-195.56247,720.5337,84.3807,-45.400036,716.3526,92.25059,-299.57523,751.1554,124.80859,-101.590935,746.6294,127.47985,-175.49161,672.7403,203.80089,153.04018,702.86707,206.92426,-429.37982,700.1685,349.1731,327.02045,747.7469,387.47247,-430.80157,780.20483,354.65665,336.53638,839.63196,465.7815,-322.00256,795.2325,361.1845,335.7704,856.70825,495.77957,-349.6735,804.1838,340.69934,299.8968,870.8282,475.61618,-352.68774,798.73816,341.11972,317.18607,862.72925,465.30847,-314.26785,718.36206,505.05743,193.7794,732.1159,514.0756,-192.71211,750.6378,658.70404,438.33447,750.89935,741.3959,-72.2617,682.9272,812.4935,715.509,735.4706,945.634,72.90863,653.93054,838.79626,737.74243,703.2141,980.1714,85.33138,733.6283,852.29224,742.3883,833.448,994.54083,1.598832
side_leg_curl_end_47850.jpg,967.3556,184.92436,-466.28262,981.99866,166.14676,-472.08566,989.9894,164.80673,-471.95642,998.2084,163.38222,-472.05478,965.69916,169.76456,-419.55603,960.432,170.83533,-419.4875,955.1547,172.06975,-419.55655,1021.5717,172.09096,-412.56693,968.7905,182.55676,-171.42911,989.35675,201.23276,-438.26785,965.4935,205.17853,-369.60486,1035.7844,288.11124,-531.64886,1019.3004,273.9993,124.23173,978.91833,452.78506,-560.4396,1000.2332,423.81476,178.96092,869.6581,551.724,-490.86606,928.5459,525.0393,2.8503747,849.76184,578.9479,-547.95746,913.1256,552.3647,-13.650096,839.669,564.9096,-545.4154,903.8941,546.835,-70.33029,851.0869,556.2919,-487.6325,908.47174,539.9892,-29.230726,1021.9944,571.6206,-192.75153,1021.4918,549.2412,193.14336,998.5918,771.3556,19.611984,1047.2369,689.39813,429.20325,1009.11646,952.93445,261.28625,1133.3605,795.9406,720.40283,1037.5342,981.30457,281.66705,1159.6985,809.17883,743.8256,928.9456,1008.2326,148.01772,1110.5146,840.78656,663.1229
side_leg_curl_end_5051.jpg,1149.2115,174.98125,-136.67342,1153.3083,152.71182,-172.09557,1157.1991,150.26445,-172.02039,1161.4204,147.6595,-172.05179,1149.8049,155.055,-114.75058,1150.9576,154.49977,-114.76835,1152.1053,153.93877,-114.77094,1189.8805,138.16064,-255.41333,1178.306,145.01283,15.168291,1170.0728,182.64708,-159.538,1166.4221,186.68892,-81.56928,1245.3118,214.35954,-385.27902,1240.1512,215.3017,222.23656,1188.6942,366.47186,-430.9958,1189.6592,364.75012,268.86304,1088.9436,452.6946,-317.88174,1094.8601,462.131,118.86074,1075.0475,472.99045,-355.2615,1070.5668,485.67,103.49264,1065.5692,465.7667,-346.56198,1071.1475,479.92444,56.5663,1073.4954,459.24536,-308.0706,1079.1714,472.14838,90.149605,1223.3876,494.03107,-200.68726,1212.0707,483.55933,200.82774,1175.0547,726.58575,-280.73062,1160.5413,690.6706,254.41498,1371.4609,770.29114,-65.46333,1196.5073,861.4804,343.47806,1406.1765,755.0656,-41.083855,1219.5643,882.07904,342.591,1402.7401,846.92316,-57.90482,1165.707,928.3651,238.0823
side_leg_curl_end_5051_flipped.jpg,782.1709,167.9006,-242.82042,778.562,141.82669,-233.43309,777.25665,139.42053,-233.41249,776.185,136.93332,-233.59059,775.73676,144.9138,-296.46066,771.63837,143.81456,-296.48105,767.49884,142.8312,-296.6478,750.01965,130.47168,-120.16856,736.8729,136.95682,-409.72433,765.50116,180.228,-187.58525,761.20087,182.35089,-272.36166,691.7702,213.761,127.68065,674.91907,229.38188,-526.1577,750.11005,369.42496,205.2543,717.01135,376.8965,-530.24097,844.2938,464.23743,58.556976,837.9316,475.8356,-426.12994,871.4774,481.60907,50.72594,859.6128,504.75366,-471.095,882.0307,480.8774,-8.604977,881.94165,490.5555,-460.35394,869.522,477.6499,26.506693,869.6096,483.63403,-414.0177,713.98413,506.7539,212.81107,692.36536,522.6878,-212.94014,741.5816,751.13446,326.2117,730.6885,762.9256,-286.2064,747.8261,939.67896,428.0386,516.2372,689.9374,-15.439776,729.8471,977.22925,428.65445,478.7749,662.3994,14.77304,827.96423,993.45825,355.4548,478.2999,743.0566,53.465202
side_leg_curl_end_590.jpg,1237.7329,127.31618,-645.6935,1254.5563,105.80764,-648.54175,1263.1075,104.25381,-648.31976,1271.9159,102.47901,-648.29663,1236.4465,109.521904,-606.93835,1230.8619,110.32669,-607.0546,1225.0946,111.3106,-607.1382,1295.8894,112.81564,-554.7446,1238.5635,123.28005,-355.8096,1261.4313,146.67372,-605.1117,1234.779,150.85191,-547.9489,1304.7513,225.60402,-638.9756,1288.8926,237.19435,0.13716598,1197.8303,361.39566,-692.69855,1205.4713,367.06433,166.88934,1053.4177,461.7728,-660.1433,1092.6453,460.19308,160.1631,1032.877,488.65866,-725.8845,1062.9608,484.61493,192.90309,1010.1925,476.80017,-724.3416,1059.5723,483.68353,132.12679,1029.4216,474.20615,-658.4612,1069.8431,480.83066,134.16852,1329.4082,522.6644,-206.74162,1311.732,524.8275,206.89293,1236.8204,724.40515,-252.96266,1240.5531,735.0731,360.72,1436.8412,710.7252,114.578896,1239.3369,937.3428,421.9934,1475.6255,697.3162,155.58199,1261.1254,976.4997,422.54266,1452.439,779.3873,210.4701,1143.7705,994.8448,351.72937
side_leg_curl_end_590_flipped.jpg,685.10144,128.86299,-529.5581,685.3309,106.39546,-493.96747,689.632,105.659805,-493.82928,694.1973,104.85656,-494.01398,669.55536,107.83932,-542.97845,661.731,107.4384,-543.02893,653.9418,107.19105,-543.33044,680.4717,110.97036,-259.289,630.3036,112.37858,-483.61313,686.67267,148.88536,-432.27646,665.3222,149.85907,-497.94492,633.63776,218.81621,98.32636,610.6567,225.72176,-611.7329,670.74133,365.06534,190.77692,714.48706,359.3279,-644.4095,748.78235,486.40234,84.14045,868.09973,457.21744,-516.12885,772.1257,512.30115,100.9831,899.6893,489.18665,-572.66327,784.27216,521.9087,30.722195,922.05457,477.09787,-558.3534,771.87494,516.62115,49.811417,903.593,472.05975,-503.07724,613.0558,507.91272,211.48178,587.013,527.6443,-212.27252,678.89386,747.8225,307.834,708.6039,764.95294,-312.79953,653.82446,946.16864,446.48425,503.00845,675.322,62.948154,629.58453,985.1966,453.57718,466.6767,644.02325,105.68356,745.2762,1010.13727,385.22574,460.88297,733.00256,162.58109
side_leg_curl_end_6090_flipped.jpg,745.4041,114.415085,-198.29466,732.824,91.4914,-182.42406,730.7465,90.087555,-182.28488,728.8868,88.57392,-182.42697,732.3227,93.75019,-243.51553,728.368,93.69344,-243.4857,724.48334,93.74114,-243.58716,703.3866,92.91553,-67.42636,698.34357,100.67216,-334.45596,734.4937,131.90874,-145.5319,730.07697,134.12752,-223.49002,676.39954,211.874,151.71773,669.15125,210.7747,-471.1296,724.9183,373.055,274.3001,720.5676,386.2352,-491.76053,807.1381,436.31747,165.30351,839.5594,474.83115,-369.4874,824.09827,451.5373,148.24348,862.64453,502.53024,-402.99976,836.99493,437.87732,98.46481,878.7858,485.01047,-396.96878,828.8948,434.96866,136.12903,868.1211,476.8256,-357.79736,723.1978,510.55594,198.50151,716.99316,519.4042,-197.60039,743.704,692.85754,401.75787,752.4643,733.6947,-66.66742,680.46985,854.49854,648.10156,725.71155,935.3399,137.35571,650.483,883.0507,666.732,691.20013,970.944,153.82874,739.1173,897.73474,634.20825,820.6106,984.1299,49.699272
side_leg_curl_end_6848.jpg,1195.6462,217.5395,22.78048,1191.4639,191.93011,-24.455048,1194.6569,188.35764,-24.168142,1198.1512,184.67058,-24.04491,1190.7063,194.13863,41.34293,1192.6244,193.01376,41.3482,1194.7766,192.1149,41.236103,1222.2261,167.54745,-167.1512,1219.4503,177.3963,135.24924,1216.543,220.92288,-17.870758,1215.8214,225.26239,70.43005,1267.3055,222.63237,-311.83725,1347.2914,230.20708,302.5004,1177.519,357.6311,-341.7144,1354.5231,350.11392,526.3923,1053.0873,472.75916,-245.10272,1302.4102,394.1198,728.7995,1031.4175,493.56448,-295.31934,1300.9601,386.10446,799.8365,1019.9533,483.82648,-244.53827,1279.9863,381.0309,764.2236,1031.8148,479.0994,-220.87889,1276.7771,386.73615,720.4828,1330.249,535.90936,-194.6573,1371.9398,530.05383,194.37508,1227.8418,746.6097,-28.98845,1319.0613,704.87604,320.19443,1249.2662,949.06055,174.17368,1418.7876,787.8674,562.9357,1276.8273,978.94775,199.56357,1450.6719,795.6215,594.0012,1176.5703,998.3525,175.55292,1410.6418,825.55493,609.9045
side_leg_curl_end_7681_flipped.jpg,950.0949,190.71577,-391.04343,951.1949,169.94316,-356.663,956.1218,169.83083,-356.39563,961.2047,169.6658,-356.53076,936.1753,169.76485,-394.4616,928.4075,169.40158,-394.41693,920.7655,169.14769,-394.73486,948.7856,178.05457,-147.44641,901.3484,176.27446,-315.96332,953.44586,209.38147,-303.7239,930.7042,209.02054,-353.15976,866.51514,275.48248,127.488144,917.5338,279.75385,-414.09018,876.8925,431.26538,251.13893,956.3567,448.28625,-446.99716,941.0358,510.38834,275.72653,1051.2345,551.0706,-375.51392,953.7621,529.9513,301.88168,1069.4191,582.4682,-420.10587,966.5502,523.9601,252.95688,1081.7002,568.434,-401.8757,963.2267,521.34827,256.50427,1069.5151,561.6021,-362.44083,890.5694,553.6613,188.53943,927.9177,573.66034,-188.33743,892.2794,721.715,355.50128,1007.8156,773.79486,-131.84248,856.2915,870.795,546.9677,880.82886,853.486,176.81421,836.5423,899.21185,564.9497,840.3125,859.6608,210.89178,915.5392,907.73944,562.5879,918.27374,906.28107,236.2551
side_leg_curl_end_9097.jpg,974.78326,202.60352,-382.52753,983.7402,183.71982,-408.32678,989.0697,181.88457,-408.23975,994.73785,179.88705,-408.22833,975.9991,187.40446,-357.33258,974.6623,188.39175,-357.3739,973.3231,189.45242,-357.48828,1019.3042,185.77219,-434.0083,991.65173,197.1448,-192.25761,994.9636,217.28712,-386.50485,981.5735,222.09734,-316.97144,1052.4608,288.0439,-580.63434,1044.4409,285.6098,72.89591,993.8705,446.06915,-631.42615,998.26855,432.32016,121.021225,881.4916,541.64526,-590.5032,915.52734,521.84546,21.238514,866.1787,572.61615,-660.62714,895.34717,548.8435,42.204464,844.1636,560.0659,-638.86804,894.3399,543.9258,-21.72667,858.91,554.61285,-578.80975,902.3999,536.69775,-8.038624,1028.0015,564.8771,-212.82703,1022.09314,555.2869,213.31035,980.0494,773.5701,-219.94385,973.6887,748.98724,402.22495,1154.312,718.78766,101.82424,997.497,906.9068,504.61768,1184.4182,691.76385,139.90211,1014.70355,929.10126,513.65454,1181.3099,785.327,215.14398,937.3076,975.03455,479.55908
side_leg_curl_end_9097_flipped.jpg,945.7143,212.5475,-268.5572,940.6063,190.37811,-255.97403,938.9174,188.23053,-255.82738,937.4446,186.04268,-255.97964,939.7815,194.63902,-309.9263,936.9532,194.77985,-309.9111,934.1929,195.05194,-310.1709,917.91766,185.20132,-133.25964,914.58636,195.74791,-377.5152,937.15405,225.47511,-210.74242,934.1791,229.09085,-282.36783,863.79626,283.07516,126.76849,899.6859,292.76654,-492.96112,906.31433,430.06946,224.98425,950.96643,433.20953,-506.1508,968.51575,503.62958,185.55023,1049.204,548.6791,-398.796,980.1314,518.6833,209.98291,1066.254,583.8946,-439.01956,992.75793,515.2247,160.14163,1084.07,574.387,-422.8846,990.56525,509.4049,165.03284,1072.4663,563.45404,-384.4841,906.1392,545.69,204.01233,919.44556,559.5917,-204.1618,924.7199,749.6002,342.88263,1004.9936,758.37067,-269.28812,918.60706,921.4459,490.58926,795.0438,716.26044,95.71751,905.79944,955.68176,499.80927,757.5279,691.4381,137.19954,980.5693,963.119,469.6974,763.45746,774.6698,228.00952
side_leg_curl_end_9145.jpg,1198.2368,201.25203,-189.68451,1199.3176,178.54381,-231.56532,1202.2308,176.56125,-231.60162,1205.4135,174.351,-231.73544,1199.2141,178.06326,-170.32591,1201.3873,176.15202,-170.35321,1203.5715,174.37453,-170.15834,1231.9502,163.81158,-358.5522,1230.2399,163.03789,-69.73884,1218.5769,211.80406,-229.36719,1217.9952,212.49867,-145.44543,1294.863,243.04686,-485.60468,1301.2596,235.6572,140.0187,1189.4218,383.58514,-524.402,1211.6465,358.75082,257.13342,1053.3812,468.71024,-398.48956,1103.2118,443.44763,173.24358,1025.1714,484.71625,-445.31635,1075.3865,453.2222,181.31902,1017.1898,470.15875,-427.92413,1068.6744,445.88446,130.28499,1032.1187,466.11642,-387.77127,1075.5001,446.65726,146.56204,1333.7852,529.51685,-196.13104,1324.1394,523.1367,196.19214,1266.7832,727.33636,-214.19162,1237.8127,751.4588,284.1825,1467.5812,738.8945,102.23619,1257.2759,958.12744,377.69623,1503.149,726.8397,134.69101,1285.5283,988.78754,380.59448,1486.6759,793.13007,154.31897,1187.1047,1024.5923,301.6903
side_leg_curl_end_9145_flipped.jpg,723.1293,212.34753,-220.06741,726.4625,184.97281,-215.76854,725.2611,182.29565,-215.70041,724.3061,179.54825,-215.83287,723.4698,186.74805,-274.2635,719.6188,183.9418,-274.2375,715.7897,181.285,-274.34155,698.18787,162.63643,-116.53173,686.3783,162.98824,-388.03625,701.9266,218.16013,-169.21391,699.0358,217.54836,-248.2973,625.7487,216.45047,114.17183,613.8542,228.9439,-480.78546,717.109,362.77075,239.56488,715.17346,357.915,-504.04834,845.4194,460.89688,238.0043,850.4777,457.51953,-381.0153,879.59436,472.05414,260.3671,877.91766,484.69696,-417.8658,896.6277,475.8458,210.32915,895.0208,470.2157,-404.24054,879.94995,476.28995,217.24515,881.8435,464.06778,-368.42783,599.8035,513.09656,189.08546,570.6173,531.0561,-189.07724,661.9044,752.281,286.87665,649.91,762.6367,-234.0007,648.5843,947.45685,384.35132,451.5177,714.16455,68.37939,619.1586,983.7666,386.8129,416.38452,686.227,98.534256,741.45593,1013.81195,315.35587,427.06552,787.0525,143.00415
