sit_flatten_start_10838_flipped.jpg,1117.0524,269.9281,-46.79806,1134.8164,255.89053,-110.33373,1137.2104,256.99722,-110.30346,1139.9646,258.1909,-110.38947,1138.5183,254.00404,-34.325127,1142.724,254.03212,-34.355484,1147.0546,254.27876,-34.556313,1162.3052,275.67932,-281.8351,1174.4908,271.3424,58.932133,1122.7749,297.7075,-98.38666,1125.4216,295.39655,-0.12243909,1118.0519,397.91562,-337.15002,1230.1877,405.53745,216.11148,1094.7573,559.25946,-270.5852,1286.6099,545.0872,527.40393,1089.5115,624.0979,-6.0001383,1329.2583,555.111,841.4063,1096.2534,646.54724,-27.459328,1337.3202,570.3719,900.5205,1086.3643,640.7087,-13.27633,1340.9698,559.72595,878.5328,1085.7997,636.1608,2.8791025,1333.0181,554.7391,838.7223,1022.28296,705.9654,-194.17522,1083.6191,698.54443,194.00378,741.78577,720.2991,-182.35208,978.20135,695.23724,260.22293,820.27734,938.7923,-16.948605,1057.0801,852.9295,319.10907,851.79816,968.57635,8.685056,1087.784,881.8386,324.8401,784.10754,992.80273,64.93732,1039.5187,877.1037,331.91785
sit_flatten_start_14519.jpg,881.86224,294.19604,135.08182,871.9048,273.58322,156.84772,869.1513,273.97687,156.87195,866.5846,274.1878,156.74084,873.09155,272.37344,92.746994,870.65436,271.1129,92.84827,868.26404,269.92755,92.59583,845.94336,280.87445,244.47215,849.14185,274.9473,-34.990337,872.6425,312.81155,173.80696,871.82263,310.32285,93.20243,805.18787,387.26245,365.7211,830.2368,367.86768,-226.39844,727.2854,503.46277,553.38556,761.47577,510.7199,-547.6269,654.0459,578.11993,570.764,688.23114,591.89856,-772.1923,636.0104,605.5634,562.0761,651.9091,608.72797,-853.32904,629.748,598.1549,537.8182,665.88086,610.79425,-850.1685,639.02057,590.474,558.13025,679.7328,608.1747,-777.47516,876.0976,694.7251,236.17004,890.6365,700.84155,-235.3458,1091.1283,763.57513,256.92267,1128.1141,751.33997,-231.59161,1099.3103,919.7062,426.62317,1148.2426,973.82855,-74.74333,1077.6531,942.21954,438.62952,1116.4391,1007.1386,-55.738785,1161.6346,957.46533,423.53217,1236.6359,1023.7603,-62.80283
sit_flatten_start_14519_flipped.jpg,1009.597,286.61133,249.42473,1019.3604,263.1745,188.82764,1021.16364,261.81903,188.88712,1023.3117,260.48892,188.74686,1025.5122,265.0829,266.72888,1030.9121,265.643,266.65216,1036.5135,266.42972,266.51016,1049.9751,266.2005,-24.178656,1067.8136,274.3295,331.92752,1021.2383,305.97318,178.44817,1026.8975,309.21494,281.71753,1059.9359,380.8731,-215.87239,1150.1613,394.17886,414.80673,1079.6044,539.5314,-407.8899,1233.042,547.1993,525.5598,1103.1746,620.76117,-377.93814,1278.4471,620.2246,562.91376,1117.488,638.62384,-417.09436,1287.1906,642.8467,584.1508,1108.729,634.25946,-394.06274,1289.2751,637.8636,559.06586,1107.2687,632.4722,-367.8741,1282.8419,630.7986,550.2191,1022.10156,717.2325,-234.32947,1068.9259,711.8451,234.65118,733.9326,703.1692,-247.0324,872.21985,723.5856,336.44797,766.46564,974.62244,-203.9542,914.13324,903.39874,218.75322,801.74506,1013.64966,-192.97437,946.3077,930.09985,204.454,688.98425,1035.3446,-145.52185,864.48474,948.61487,219.35117
sit_flatten_start_17152.jpg,989.0323,284.79306,-56.603424,978.57983,260.4629,-34.14722,974.76447,258.73224,-34.42132,971.1753,256.9078,-34.615906,980.8047,261.53265,-102.7624,978.4908,259.819,-102.60886,976.142,258.22598,-102.690895,936.69275,250.48552,65.04752,943.0793,252.15567,-240.04515,965.51184,295.9369,-13.300087,968.15405,296.18274,-101.29496,870.42145,341.96292,167.91853,873.4397,331.25647,-310.461,763.6201,436.4976,184.39346,747.3042,413.91302,-395.54477,676.6818,490.9371,75.30501,628.81085,483.58466,-399.75195,655.7555,500.0447,70.759834,584.9424,482.77148,-468.79575,663.291,492.86392,19.14119,598.2125,491.5224,-463.7974,670.8443,493.03296,49.264927,609.0389,496.81757,-403.59848,888.2154,637.6161,189.53934,878.53613,661.64136,-188.5902,1022.5109,702.24396,318.1392,1119.0408,744.7389,-223.44968,991.6214,854.18555,576.55774,1100.8395,950.508,-2.5433125,966.9713,875.36346,595.3747,1070.792,975.0428,15.679881,1034.7719,908.9379,607.29645,1155.2201,1011.10547,-0.39072236
sit_flatten_start_17152_flipped.jpg,928.08386,276.38052,-14.045907,941.49927,252.97073,-71.12082,944.6116,250.93924,-71.00892,948.03156,248.83383,-71.04803,943.151,254.98573,10.451993,946.95013,254.63297,10.419132,950.8972,254.46315,10.668755,984.764,246.81825,-206.70988,986.4313,253.29301,166.59012,947.6549,292.66766,-54.904987,949.78796,295.09827,52.66117,1074.3535,335.67807,-339.47192,1054.3126,354.26614,344.1905,1213.6523,420.78943,-666.82336,1194.8087,430.06985,475.70364,1307.2313,498.27295,-867.36896,1290.8295,474.20953,432.64993,1348.3708,508.78912,-967.9984,1316.9207,487.7977,444.80197,1324.6971,514.4105,-943.5626,1314.3815,480.64465,407.78333,1309.365,514.73474,-863.7278,1307.5582,477.58374,414.96637,1094.9744,683.30194,-234.7123,1065.9924,667.40247,235.50566,820.07367,789.65955,-293.57736,819.4083,745.24384,174.85136,853.4945,1014.0322,-118.20098,858.5838,968.3084,291.7671,892.81085,1047.2579,-102.231186,903.42175,1006.79205,295.20224,757.9003,1079.1377,-156.42119,754.86,1020.92194,218.6439
sit_flatten_start_19038.jpg,991.32684,340.2117,-246.16219,979.9466,317.88947,-224.82751,977.7517,316.04434,-225.08627,975.8339,314.02222,-225.2182,979.02924,320.57452,-288.01794,975.2726,319.89868,-287.9732,971.45337,319.28558,-288.06036,941.8657,311.1305,-113.249916,936.2839,318.71613,-390.52554,970.0827,352.54953,-197.51216,967.8844,354.78397,-277.36652,880.87054,393.24164,7.5528197,863.7349,407.93677,-405.46976,769.77454,490.986,33.723907,737.5258,513.4012,-420.64734,689.33997,540.60016,-28.85941,612.30084,579.912,-325.14697,671.38574,549.8342,-14.97669,573.83356,581.8491,-352.5255,676.87573,546.25964,-58.399414,580.75146,589.7623,-361.11066,680.59955,548.18677,-45.944214,592.6006,592.0773,-329.07516,883.9969,660.4236,158.36557,862.76984,696.6116,-157.56772,1017.2024,698.8142,285.0724,1074.5675,780.24664,-249.03543,955.23694,768.9241,448.55582,1080.0902,934.29926,-49.567898,931.506,772.3965,461.49774,1065.0944,953.64453,-32.518337,969.67883,808.99426,520.90784,1115.7537,976.26624,-16.66022
sit_flatten_start_19038_flipped.jpg,934.4532,334.4854,3.0623562,943.0473,310.59448,-47.8561,946.1079,308.2784,-47.681347,949.4504,305.9116,-47.700634,943.9392,312.97873,27.93132,946.84094,312.93463,27.84798,949.97314,313.03278,27.946815,982.1338,303.02866,-180.32248,981.65497,312.5851,166.81984,954.88165,348.74725,-37.983406,954.9886,352.18372,62.081066,1061.4913,389.86642,-313.24243,1063.7253,405.9002,317.37323,1216.253,474.95422,-574.9115,1205.9669,488.60464,366.82324,1309.1719,566.9613,-644.8748,1293.0284,549.3659,190.45676,1349.1487,582.8165,-718.98,1314.8918,567.3986,179.40256,1323.0688,587.606,-705.9043,1311.2228,560.5627,149.00233,1311.0928,586.62103,-643.3734,1303.7593,555.7029,171.44606,1087.7793,721.10864,-229.61485,1076.8478,703.7157,230.22249,831.7538,839.10565,-232.70093,846.5709,764.6734,218.47299,837.9241,1057.7655,-84.81082,883.93616,964.6102,316.7594,872.15356,1087.2587,-67.9257,924.69635,997.10187,322.25424,747.3935,1121.9976,-94.81657,798.4022,1012.52344,285.3534
sit_flatten_start_19913.jpg,794.45197,139.56723,-159.45149,769.97015,123.6653,-122.23652,765.14606,125.068985,-122.64414,760.1478,126.18453,-122.41263,774.092,121.77576,-211.77368,770.68994,121.23769,-211.77487,767.327,120.876015,-211.58296,725.8269,145.21355,24.887135,736.5543,138.19113,-375.254,780.08954,167.98927,-100.77261,782.96826,164.91916,-214.58623,717.0376,280.08405,190.63327,720.3898,271.6967,-518.85626,655.0084,473.62482,190.47032,655.5561,477.33093,-704.9049,607.8964,622.91266,59.239613,593.91644,662.22363,-869.99634,594.4919,657.9059,67.77884,561.0827,687.215,-984.3181,600.3058,650.3529,-7.3166156,582.27216,696.4391,-967.38684,607.4342,642.4587,34.736187,590.19415,693.2259,-873.8317,863.41406,584.8618,253.26796,858.7193,597.9286,-251.80177,1049.9905,666.1891,304.7704,1120.8828,638.77826,-341.44144,1000.7174,826.93884,598.70447,1062.0092,887.5836,39.48209,971.4426,841.5095,615.6203,1021.5245,915.5455,51.00367,1039.0365,909.5052,599.28375,1115.7568,974.94574,10.885676
sit_flatten_start_19913_flipped.jpg,1126.3567,129.03326,-242.65114,1149.2091,112.94767,-295.50162,1154.4126,112.54962,-295.5006,1159.8757,112.101295,-295.57553,1145.9609,116.065994,-214.72559,1147.2823,117.599655,-214.73566,1148.7028,119.313065,-214.52542,1190.5681,128.79512,-408.72607,1176.8004,137.1329,-35.253197,1137.9174,154.68057,-278.2971,1132.6182,158.83012,-171.27072,1208.3904,269.63016,-514.6723,1172.4923,278.0312,162.8186,1279.8981,462.36566,-666.77924,1248.3298,479.39908,209.59343,1336.307,648.3245,-838.1305,1299.4395,622.4264,117.18229,1371.9978,690.6696,-952.6395,1311.1942,662.2602,108.10439,1351.9535,692.3087,-956.8994,1311.0254,655.5539,48.7168,1334.0564,683.1992,-847.6819,1312.251,643.3834,84.21671,1069.039,609.80975,-258.45667,1043.8843,574.4801,259.8268,748.69037,686.68787,-300.7109,750.27484,626.94196,386.97195,869.4789,875.45215,-98.541245,892.19684,786.2489,506.30872,918.7034,884.4113,-79.5447,936.83246,795.6252,517.3687,813.8409,963.9616,-109.44482,858.9485,865.5752,537.37775
sit_flatten_start_20061.jpg,994.01605,264.35538,-113.91119,979.94763,243.2897,-89.20479,976.32886,242.16411,-89.34298,972.89886,240.89583,-89.38887,981.3717,244.86327,-159.17032,978.0448,244.08748,-158.90158,974.7297,243.45221,-159.01817,936.748,243.39032,30.746906,939.2816,247.09746,-280.2183,971.83777,281.0588,-62.90833,971.7673,282.0569,-152.4399,880.91516,338.93964,152.98616,874.26587,343.35358,-338.38535,756.69086,423.5665,212.56065,752.1052,435.248,-384.02835,684.8799,473.63754,73.28832,641.80804,490.21063,-200.43901,668.42883,485.49234,48.625412,606.77356,492.63388,-229.03575,671.89105,478.73785,16.765398,615.54407,495.19525,-237.67514,676.84625,478.90054,51.969402,629.2702,494.33884,-202.44052,885.6395,627.34875,182.53035,871.25336,656.0341,-181.53978,1018.11365,678.38837,366.37857,1107.8153,732.80853,-288.41678,977.95795,778.75287,683.25757,1097.3147,919.6142,-130.24731,955.54205,790.9099,713.1213,1075.9995,944.194,-112.38288,1005.3573,830.1931,785.486,1146.4025,982.5801,-100.91994
sit_flatten_start_20061_flipped.jpg,938.69446,270.19803,-49.166325,950.3472,247.16895,-104.76505,953.62537,245.40378,-104.670715,957.1924,243.6146,-104.76298,951.4647,248.09846,-26.469341,954.8785,247.53497,-26.46381,958.46045,247.12875,-26.280428,992.0581,242.56702,-233.36038,992.19226,246.54771,126.28369,958.34485,286.38284,-88.93314,959.3177,288.1698,14.489434,1070.332,338.8025,-365.47162,1063.5221,340.1557,303.01978,1216.4779,431.65488,-711.7405,1187.1962,424.43265,467.46237,1287.1443,493.07544,-922.507,1263.518,464.9995,481.1543,1320.2783,500.32504,-1022.9458,1283.1376,478.84036,495.6274,1297.4001,500.57172,-999.83746,1282.5858,471.90756,458.95334,1284.409,502.51303,-920.5961,1276.9337,468.36115,465.07898,1080.9546,674.97363,-238.34154,1065.8115,650.02783,239.0567,799.645,777.3163,-296.46442,827.4437,724.00494,219.30942,831.6405,1003.3679,-147.5882,863.3331,940.00824,328.40234,871.75323,1033.1772,-131.43185,902.9546,974.1145,331.83456,746.3064,1073.0955,-161.4751,782.8784,996.8504,277.26877
sit_flatten_start_2196.jpg,752.42346,125.04423,-149.17381,728.3765,111.0647,-125.32332,725.30524,112.87364,-125.49768,722.4055,114.46504,-125.74482,729.5647,109.79143,-200.76186,725.98987,110.487045,-200.58543,722.4565,111.31775,-200.70363,698.89355,138.37305,8.198273,699.8207,132.83939,-331.10562,748.53424,155.08566,-94.67751,747.7098,153.45503,-193.29506,716.87726,277.27374,180.08893,706.45215,272.96497,-446.42847,641.7303,480.57858,251.90518,642.6883,479.68552,-593.216,592.38135,621.2099,129.46652,572.97766,661.92944,-711.593,579.1753,649.2437,127.89289,533.8631,696.67334,-805.8501,587.6989,639.2453,61.976616,549.9964,694.3511,-805.80005,594.5964,634.17017,96.81653,562.9619,687.46075,-720.24036,867.85693,571.46185,230.45047,854.1942,595.67017,-229.14803,1067.4817,621.8786,321.04697,1112.5253,634.04456,-369.6941,1023.92065,804.7407,647.0612,1049.6704,870.46204,-33.561977,995.6042,830.8357,675.55457,1012.7336,900.20374,-0.92568207,1067.0535,869.1673,676.2885,1100.553,948.96814,-29.580872
sit_flatten_start_2196_flipped.jpg,1158.8218,107.571754,-245.9776,1185.319,93.666214,-304.8713,1189.512,93.75827,-304.82574,1193.9518,93.8239,-304.8774,1185.7444,96.96379,-226.81671,1188.4645,98.827484,-226.77142,1191.2062,100.87023,-226.53569,1222.6116,116.88814,-429.74448,1219.9031,124.27352,-70.34956,1165.1677,136.86424,-285.69254,1163.3442,140.22789,-183.03497,1231.02,273.18375,-502.47968,1182.6091,277.17084,125.477486,1305.4507,467.75668,-602.07074,1247.9637,475.20676,208.59099,1363.4224,652.955,-713.71265,1299.6516,629.2778,143.89642,1399.6534,696.19666,-807.1868,1311.9335,672.70575,135.55167,1376.917,698.6692,-820.16956,1315.5005,665.8264,89.67917,1358.0739,688.8074,-723.17706,1316.9644,652.0558,117.250496,1077.5437,606.69635,-247.69855,1043.9557,564.7428,249.02177,769.03314,674.29877,-278.91205,744.9729,605.29895,409.9779,878.94525,877.4117,-92.933334,891.30396,788.45404,421.16876,928.89453,889.4107,-73.76788,937.54565,799.8112,421.54608,817.1134,962.4595,-89.48689,862.79407,876.5472,449.2526
sit_flatten_start_23809.jpg,952.124,258.29797,-74.399155,936.2544,236.97359,-51.823414,933.0389,236.66048,-51.928005,930.0153,236.24016,-51.927578,935.72046,237.48065,-123.27989,931.43787,236.68996,-123.16505,927.2367,235.99466,-123.46138,895.19476,240.6843,93.73664,893.3035,240.613,-227.64786,934.15137,277.21112,-14.914301,933.5712,276.76938,-108.69619,843.1128,338.52698,249.15968,853.504,332.96146,-326.22638,739.18536,409.64908,476.17618,747.2426,409.548,-650.98694,671.8932,459.2499,654.6444,645.35547,475.48038,-977.1009,652.7972,468.09927,686.1083,600.19476,478.5916,-1072.1451,659.2982,465.413,665.06165,615.1432,482.7937,-1072.7384,668.73,464.06012,648.8951,632.0902,485.8489,-986.4535,883.08887,638.5298,205.56297,882.2444,659.4563,-205.1113,1052.3632,741.2571,290.7221,1113.7089,763.02,-223.04073,1030.1157,901.3435,487.3029,1103.1687,970.9537,-51.43529,1006.6681,922.0195,499.4798,1074.4343,1000.70764,-33.80379,1073.3699,962.2092,468.82675,1156.6981,1035.109,-69.669235
sit_flatten_start_23809_flipped.jpg,975.5471,256.19345,-191.78822,994.90356,237.6778,-229.72658,1000.4054,237.45924,-229.30115,1006.17786,237.1734,-229.53336,988.4237,236.98737,-158.33304,988.7096,236.31934,-158.24501,988.97943,235.82893,-158.10374,1037.1029,242.68144,-277.24994,1015.51953,239.37202,53.22762,993.224,277.3908,-204.78033,985.46765,276.1234,-110.59286,1084.0803,340.4749,-356.99268,1059.645,347.72354,247.57098,1207.2928,403.305,-805.10583,1153.3771,433.0652,515.4435,1299.0498,476.3649,-1185.539,1247.4557,458.42676,647.022,1347.0808,490.53006,-1285.2585,1273.1006,470.16705,672.7,1320.6072,493.15326,-1262.7512,1268.1931,463.029,668.5485,1302.5482,494.233,-1187.8198,1260.1097,461.99985,647.71985,1064.9912,664.1063,-214.96144,1049.0709,652.91565,215.38751,819.513,786.1029,-225.46603,911.24756,764.0531,164.55005,820.556,1002.79266,-157.2658,945.5286,930.3187,321.66287,857.1072,1041.1781,-152.5441,978.9742,964.6227,322.51312,725.899,1067.6913,-225.1383,870.4114,979.41315,241.76334
sit_flatten_start_26557.jpg,811.16705,135.50565,-215.45033,786.3862,115.58075,-192.10847,782.46906,115.4326,-192.35832,778.7189,115.037895,-192.36853,788.02484,117.311615,-275.81445,783.6605,118.04878,-275.71942,779.33765,118.950615,-275.80246,744.90424,131.87029,-66.06395,748.57367,136.15846,-438.28906,799.2977,161.88426,-161.53412,798.9229,163.57022,-269.0902,736.563,263.90814,115.83835,736.52014,275.22028,-538.5125,672.3684,458.6251,169.83148,656.19495,478.38104,-696.0047,614.4236,600.41156,68.78058,566.30994,650.7778,-815.6247,598.58734,635.8093,73.90769,528.3491,682.7486,-900.2011,605.49316,630.0358,4.2946343,543.6473,692.8359,-902.5122,611.7407,622.83405,38.841965,561.8606,686.6371,-822.6971,866.466,575.31866,233.98793,862.7843,608.05505,-232.99696,1060.928,608.9945,438.3758,1125.0463,644.5289,-308.52472,1018.816,778.2007,755.70026,1057.147,876.8362,24.971468,990.0293,801.7596,781.7009,1022.47375,904.3193,54.947693,1061.7395,850.9351,828.73846,1104.6873,957.8835,77.00192
sit_flatten_start_26557_flipped.jpg,1107.623,133.53526,-231.32361,1131.1674,112.66826,-286.4715,1135.4164,112.111626,-286.4147,1139.9762,111.511475,-286.47433,1132.5435,114.682526,-209.42789,1135.9883,115.094444,-209.27493,1139.4572,115.708565,-209.18071,1173.0588,124.91729,-417.67075,1173.0215,128.59778,-67.858826,1118.4495,160.48843,-272.63788,1118.4047,162.65366,-172.67963,1199.6365,270.95654,-500.61716,1170.2733,273.9362,122.62771,1287.8488,463.88528,-596.37103,1259.1398,475.61188,177.30551,1369.282,655.0274,-682.47186,1325.2894,613.6059,123.93075,1409.1779,696.2029,-763.4034,1341.9447,650.0138,117.55855,1393.702,703.3164,-781.5736,1341.3867,643.4692,71.97281,1373.0671,696.2129,-692.69293,1340.2123,633.3743,97.12221,1065.6134,611.1471,-237.7733,1047.4412,573.3431,239.14098,746.62115,683.77374,-250.79851,819.4488,598.8755,451.58752,874.7983,880.7768,-69.26339,993.83813,731.5326,605.9309,924.6697,891.3017,-51.72099,1039.8531,738.1857,617.51013,823.29114,968.1458,-59.43477,984.06854,801.2066,659.6803
sit_flatten_start_27079.jpg,849.0644,285.99634,-34.90937,828.1768,265.23895,-12.387249,824.6736,264.89966,-12.507171,821.26917,264.40848,-12.794294,829.3647,266.50128,-83.327515,825.5248,266.52707,-83.36427,821.71375,266.62283,-83.877464,790.9621,273.94357,108.64269,793.0025,276.30402,-214.02402,838.52783,305.95844,14.30698,837.343,306.80054,-78.26241,787.779,388.5835,270.82974,768.46765,372.39578,-336.80212,770.5862,532.47186,523.2879,703.07623,497.78778,-696.2881,783.6296,556.61316,719.15985,610.3515,508.17404,-1015.76294,783.3461,557.608,773.2136,573.0504,507.93713,-1096.4878,792.2657,548.53394,746.9324,579.1027,500.7241,-1093.9598,791.9829,548.5399,711.9476,594.7197,505.38397,-1021.69635,880.4377,657.3907,210.27745,880.3882,677.9945,-209.62756,1050.495,716.751,285.9117,1150.5892,722.70654,-243.0205,994.868,837.06195,530.2266,1140.9288,924.2473,-111.41911,968.7101,851.4682,553.30865,1111.9694,951.4016,-96.1056,1029.1077,881.48236,555.901,1210.7299,980.49115,-126.38739
sit_flatten_start_31566.jpg,799.8437,276.58844,72.452484,777.90607,258.6282,94.95444,773.25116,258.51715,95.04299,768.69684,258.2747,94.81711,783.38776,260.4674,23.628931,781.62885,261.24432,23.384836,779.9257,262.1318,22.79357,744.89667,271.4716,176.42928,760.79205,276.70578,-139.23477,793.3025,296.18527,105.110435,796.57996,298.47293,15.397473,736.83606,387.7105,290.61227,770.477,372.64825,-304.33063,657.1506,506.67648,686.5125,753.9996,504.0695,-725.7466,620.9156,519.1247,1092.6133,708.8316,530.3149,-1118.9539,609.98615,527.9187,1138.6075,685.88385,540.7613,-1181.4851,609.3812,520.9814,1137.4445,692.833,537.0345,-1195.8923,617.0336,517.48737,1094.0396,704.16833,533.55005,-1131.5172,861.84863,650.6068,205.28358,882.9811,653.78,-205.07922,1034.7917,743.04956,259.43704,1114.3291,733.5617,-254.27118,1026.8219,869.4686,526.5861,1127.8004,915.957,-159.14629,1010.783,878.8123,548.83856,1103.9032,932.10944,-143.95877,1072.5297,925.846,527.04974,1195.9647,992.6556,-195.84729
sit_flatten_start_31566_flipped.jpg,1135.5515,279.1896,212.87569,1147.3263,259.8485,155.0476,1147.7194,258.8701,155.12581,1148.37,258.00577,154.93013,1155.3296,262.85956,204.03362,1160.1819,264.36804,203.85912,1165.007,266.16638,203.70656,1164.1467,271.09686,-31.908752,1189.0487,282.30084,186.64908,1138.2628,301.19342,152.59259,1144.6249,304.55298,216.61125,1130.7124,387.38083,-121.86772,1228.325,423.65463,261.43668,1126.8572,510.44614,-252.7135,1268.4369,562.1286,618.249,1194.3322,480.60355,-315.3823,1291.2258,501.53854,1099.3243,1221.9468,470.6307,-347.22272,1303.3495,492.0028,1182.899,1225.2362,464.11523,-332.23822,1291.9176,476.20667,1180.8425,1214.1646,470.87427,-313.57428,1283.9155,477.97565,1107.8971,1008.26855,688.397,-191.33594,1064.066,698.9046,190.98306,707.10425,685.4008,-138.75258,872.75867,761.2478,256.33942,770.9365,946.57587,-130.09843,943.86804,877.5643,302.02673,803.80475,986.6815,-119.67831,969.9724,892.7152,308.9636,708.6901,998.05133,-8.604405,926.04724,916.00714,380.92526
sit_flatten_start_33105.jpg,983.17694,311.46725,-0.621547,974.374,288.51843,28.348557,971.54443,286.8844,28.092972,968.82855,284.9416,28.31118,975.51794,289.06036,-37.87166,972.739,286.8478,-37.81779,969.9163,284.7644,-37.679893,938.34937,277.65912,129.45769,938.96155,279.23108,-164.51288,962.5377,321.40915,41.49121,961.2005,320.9471,-41.785095,877.0793,354.73508,213.36017,875.1096,353.1018,-265.5017,759.44165,428.58975,228.05945,743.0442,422.41193,-382.34866,658.6262,469.22842,140.73409,614.049,488.3404,-424.0341,634.89484,480.48367,145.35518,583.15967,488.9489,-487.5563,640.1656,473.37933,101.42481,591.43384,505.6127,-484.56573,647.54407,473.64996,128.23672,602.0431,508.65912,-428.3217,876.197,636.2582,186.45386,874.2288,651.2671,-185.73444,1008.87177,748.626,258.64468,1114.3461,746.3181,-236.00507,984.2475,829.8197,519.5897,1072.3086,936.57855,-13.966196,970.3077,828.5947,538.30707,1047.6344,952.52405,-10.636095,988.9596,896.046,534.6125,1096.859,1018.89496,-49.007584
sit_flatten_start_33105_flipped.jpg,934.1817,306.20074,11.260519,940.79474,281.24896,-40.954697,943.5546,278.5889,-40.773956,946.60986,275.80215,-40.824795,942.0358,283.75424,33.934395,945.05725,283.28638,33.85729,948.2221,282.99664,33.870583,976.9044,267.9543,-166.11594,976.8036,277.64484,175.2963,953.9998,317.23373,-27.502726,954.54974,320.43774,71.596634,1065.462,340.63223,-310.18085,1048.9856,360.25797,332.27408,1193.601,407.07718,-621.376,1174.663,419.28442,456.9015,1294.278,474.2756,-814.9889,1267.1868,454.41068,410.47363,1334.8728,481.08252,-904.0194,1287.9928,465.87833,422.8521,1315.1016,492.7782,-887.51843,1291.2216,459.84763,387.1028,1301.4354,496.33887,-812.94653,1286.7172,457.1753,391.86523,1096.0638,673.04767,-215.0338,1079.6556,662.6243,215.41937,831.7944,763.4409,-213.9609,890.5378,752.16736,171.88158,844.1057,989.3066,-58.57742,975.49646,898.62695,249.35034,874.0765,1016.7564,-42.06791,1012.0948,908.429,252.43575,761.0171,1075.138,-96.3621,937.5548,970.61426,176.36563
sit_flatten_start_33424.jpg,961.8847,276.34576,-103.21121,946.7719,253.28835,-87.04138,942.6042,252.4785,-87.30463,938.74445,251.47302,-87.38155,950.05536,253.30157,-157.40881,947.5787,251.93236,-157.27237,945.14935,250.748,-157.45454,902.76715,249.75816,13.710433,911.0584,249.08202,-302.4113,939.1984,290.3336,-56.836536,942.7911,289.78928,-146.99426,841.0438,336.56067,140.06532,860.9224,338.54977,-349.51285,723.0131,412.38107,199.05074,711.90857,413.0347,-416.62314,622.4651,468.63422,217.99762,565.9539,492.7903,-321.98843,598.33545,478.77988,253.1882,520.19635,489.07565,-357.84564,605.7407,473.60263,206.49736,524.25543,503.2337,-355.36954,615.9305,475.63406,202.86005,537.58325,513.94214,-322.43573,876.37634,638.2523,193.19302,875.2322,670.92334,-192.06073,1000.83984,695.619,314.39108,1135.1028,759.7024,-279.45984,975.09406,830.2896,565.28925,1098.9043,986.2144,-48.273006,954.60236,841.9325,583.20087,1068.804,1008.8622,-36.518097,1002.40015,900.05597,602.5993,1132.1738,1063.5432,-50.157696
sit_flatten_start_33424_flipped.jpg,960.45764,265.81213,31.73285,973.6704,244.61705,-24.40733,977.05206,242.85915,-24.263622,980.7252,241.05542,-24.361286,974.05383,247.0693,53.229595,977.3618,247.2341,53.246902,980.8769,247.58232,53.360798,1014.4923,243.00198,-167.80823,1012.0064,250.5479,189.86626,978.445,283.19128,-13.466795,979.10364,286.36655,89.636734,1088.596,334.4197,-310.72745,1074.3759,357.06302,332.9139,1238.4409,383.38437,-638.19116,1215.2081,437.201,408.27878,1347.102,461.07797,-843.49316,1328.2115,481.18875,286.51642,1392.629,474.6854,-942.67926,1360.0209,492.92935,284.5789,1372.0433,477.382,-912.31946,1354.8275,484.2434,250.86073,1357.5514,478.22464,-839.1819,1346.1733,482.44376,267.53583,1086.3593,692.09357,-225.06921,1065.8887,681.06287,226.01295,816.99945,783.28046,-234.30693,847.5943,733.8697,223.2152,826.5543,1020.5299,-128.0923,886.4507,930.91,347.24908,863.3125,1055.2544,-118.71569,928.8924,964.5545,348.18842,733.3634,1092.4049,-162.85403,799.81726,986.1631,287.57724
sit_flatten_start_37703.jpg,812.00305,131.6374,-125.72561,786.4415,113.144104,-97.252625,781.0007,113.92569,-97.54052,775.5543,114.455284,-97.48165,791.25696,112.9901,-185.7404,787.8815,113.029976,-185.75267,784.51825,113.24137,-185.6965,740.4158,133.2774,23.136879,753.6745,131.15915,-374.7851,797.5766,160.32805,-75.66185,801.3396,159.43979,-189.85332,737.78906,272.51126,197.02737,732.2726,272.1221,-528.5637,693.9685,474.18784,235.51665,684.0954,479.75644,-709.56287,652.00995,625.3074,134.33485,628.0554,657.83185,-891.2358,641.7957,662.1515,147.61235,597.3097,688.57007,-1006.57825,648.17413,658.13214,75.48466,615.9187,698.1163,-995.6704,653.409,648.97845,105.07835,626.7793,692.41907,-897.726,869.7674,573.975,255.1528,855.7971,600.2734,-253.9591,1071.903,608.2832,400.23645,1115.596,646.5784,-366.56012,1026.0907,769.71985,742.41327,1035.1942,878.89215,-24.192575,998.5407,791.3802,763.8879,994.2357,906.6941,-2.7026572,1065.1376,836.3064,792.0273,1082.3019,955.6316,-5.650856
sit_flatten_start_37703_flipped.jpg,1102.095,126.30652,-308.55536,1125.5842,107.608154,-362.97266,1130.4248,107.03401,-362.89423,1135.4966,106.43666,-362.8933,1125.0039,110.28739,-289.91068,1127.8446,111.41878,-289.97507,1130.7145,112.71181,-289.75256,1169.5968,123.26637,-471.42743,1163.4675,129.90195,-134.48349,1114.5204,153.76944,-342.4006,1112.5315,157.61964,-245.85071,1192.3787,276.53336,-529.2139,1159.6088,272.2551,65.52317,1254.0441,480.26004,-603.0506,1226.7834,476.5507,149.33836,1299.2495,667.083,-679.0286,1270.4475,636.38434,144.7931,1329.2024,705.9952,-764.4707,1280.8969,679.5862,148.4227,1312.1727,706.796,-779.7506,1285.437,674.005,107.517555,1296.6202,698.38666,-688.8713,1285.7931,660.3474,123.273155,1067.4384,607.22473,-235.07411,1036.0038,566.7795,236.50089,767.948,680.3392,-303.34723,762.1386,608.58887,414.9281,872.3349,871.4576,-118.751396,917.3045,745.8911,489.11368,918.1175,881.71014,-99.3231,963.9582,752.7446,495.85013,810.4775,959.5668,-132.59708,897.2338,825.3204,530.2574
sit_flatten_start_46134.jpg,759.215,120.934494,-161.69896,733.4944,107.18651,-134.1174,730.2857,108.73243,-134.32788,727.24927,110.03077,-134.54324,734.61255,106.94833,-217.13916,730.8616,108.19392,-217.02039,727.1236,109.58402,-217.21475,703.1622,135.38547,9.510805,703.77313,133.81876,-361.42828,755.96686,151.54094,-103.63503,755.18164,151.50351,-211.09981,722.6448,276.86264,219.27345,709.1201,277.46957,-505.66858,666.6114,477.9871,305.26724,667.13556,490.51843,-660.82355,621.8819,633.9621,184.51636,611.99524,674.8222,-779.8943,611.96674,663.8791,186.34499,577.5884,708.5594,-881.8821,618.7184,659.40875,112.34513,594.2663,711.74194,-881.5991,623.5006,652.59875,147.95541,608.8933,703.73096,-789.1187,870.776,565.08997,257.42203,855.44965,594.2285,-256.16635,1088.8369,622.984,357.48132,1115.5142,673.26605,-423.9796,1061.9244,827.8213,684.3575,1032.4341,905.10986,-86.5912,1032.2937,858.39343,710.98157,991.69885,933.3518,-51.31273,1124.585,902.7543,716.4653,1087.7036,992.00476,-66.42809
sit_flatten_start_46134_flipped.jpg,1153.8859,110.94023,-236.44748,1179.736,96.270294,-295.03717,1184.2876,96.13212,-295.00153,1189.086,95.95834,-295.00586,1179.2666,100.07616,-219.0821,1181.6803,102.072784,-219.05725,1184.1002,104.24341,-218.81905,1218.5745,118.58633,-420.81107,1212.32,127.672775,-70.65451,1161.3396,139.71188,-275.6775,1158.3844,144.00201,-175.18982,1228.6853,278.78943,-488.77148,1182.2643,278.4898,122.54258,1284.2345,479.74402,-551.576,1227.6437,477.07196,220.42046,1326.7043,664.4235,-627.5011,1257.1986,629.3621,173.45044,1357.088,705.77106,-717.75885,1265.7101,671.57983,170.32028,1341.3112,707.9398,-735.3804,1268.3674,664.57697,122.26932,1323.9048,698.53546,-638.9047,1271.049,651.43005,146.14194,1077.401,608.92267,-241.58922,1048.5825,567.02527,242.93887,767.62036,664.2315,-285.43155,759.16125,594.2269,373.18845,871.0547,882.2967,-75.88656,884.75464,780.32184,489.75632,921.2049,899.772,-55.731293,928.58356,796.45306,501.60684,801.7479,963.79755,-70.64079,846.7008,858.5458,545.3101
sit_flatten_start_48667.jpg,756.7504,122.182335,-150.50543,731.9388,109.99597,-123.491936,728.7321,112.22695,-123.717316,725.6964,114.18051,-124.13251,732.9425,108.38076,-205.19916,729.163,109.26563,-204.95782,725.4034,110.34803,-205.03609,700.4774,140.55165,32.3821,700.28204,134.80678,-331.7072,751.56573,153.51445,-86.86298,750.4856,151.49655,-192.68166,710.22314,276.35797,228.85512,703.5838,277.1933,-456.47784,627.0505,475.11304,295.70233,641.64734,482.5071,-604.79736,575.1814,634.74854,144.2291,569.49084,669.1195,-718.20593,566.7812,660.67896,135.39836,531.967,700.0606,-822.44604,576.1619,654.7983,59.539185,547.5803,697.71234,-819.41876,581.55865,649.9693,105.89404,559.4236,692.67926,-728.53534,874.9644,577.9488,240.81648,860.2758,609.04034,-239.32372,1094.5016,613.1341,286.24072,1114.948,662.62463,-381.4076,1049.4335,820.7593,591.0678,1050.9414,886.43164,5.3878236,1017.25916,848.58,618.5912,1015.6957,914.39923,42.28822,1103.5544,901.11444,615.6505,1096.6018,972.4394,18.791061
sit_flatten_start_48667_flipped.jpg,1154.0231,111.56931,-174.9058,1181.4207,98.76488,-230.33109,1186.297,99.03834,-230.28836,1191.448,99.25173,-230.33882,1180.114,101.86598,-151.62038,1182.2396,103.61967,-151.60043,1184.3773,105.54709,-151.40074,1220.8668,122.71058,-353.33582,1212.4152,128.62166,6.882422,1160.9697,140.98045,-214.11469,1157.2152,143.90266,-111.301704,1232.5417,272.24878,-435.64233,1174.1564,280.2069,194.17577,1304.169,467.10165,-514.32605,1223.6963,476.61624,282.00748,1360.9836,654.47003,-623.0135,1247.9688,627.1172,240.72,1396.3486,699.78827,-709.95764,1253.0575,668.49615,241.49225,1373.7021,701.3156,-722.4902,1256.8889,664.3575,194.69737,1353.7526,691.0529,-631.27124,1261.2056,651.72345,215.01753,1070.8873,604.5286,-239.20299,1034.25,565.28613,240.52005,757.9939,687.70575,-271.4387,736.74854,601.7632,392.3261,876.464,874.6856,-89.73581,893.41595,775.0381,479.83655,926.48346,885.2656,-70.40665,941.28973,787.35126,487.1497,817.5121,956.54706,-91.1325,862.01025,857.3804,514.53503
sit_flatten_start_938.jpg,971.36914,277.08072,-55.193527,958.65436,254.9472,-30.48498,954.4613,253.51462,-30.784489,950.49817,251.99368,-30.996347,962.5368,256.12292,-95.829575,960.7523,254.99165,-95.63819,959.02826,253.97118,-95.77554,916.92834,250.17346,59.54988,928.972,252.63483,-228.67352,950.43555,289.59515,-17.200623,953.8163,289.77954,-100.52285,852.14813,336.2171,133.64696,875.10956,338.248,-287.87863,752.44055,395.38614,170.49219,738.246,411.70084,-396.90695,667.65924,434.12225,110.19148,604.58655,444.3818,-474.53088,644.40784,440.09854,99.43818,563.4884,442.75168,-539.39087,654.79645,435.50162,64.18514,570.03265,441.77063,-544.3792,663.9471,437.44177,89.12177,580.6023,445.23813,-485.02664,872.7883,620.1596,171.52815,883.1309,650.209,-170.64583,932.4155,629.83075,406.33942,1114.9612,754.25714,-199.60568,886.9183,685.1241,666.37024,1082.728,923.64606,-30.914465,869.9056,691.082,690.5657,1057.9202,937.6657,-12.827172,899.054,709.6103,750.89136,1121.8612,990.2577,-7.7485647
sit_flatten_start_938_flipped.jpg,946.6596,276.043,21.143587,955.75916,252.58353,-41.846207,958.0056,250.68922,-41.55305,960.53455,248.73721,-41.665535,960.2511,253.40251,35.55197,965.0576,252.46991,35.621597,969.9624,251.74867,35.69598,992.4727,245.34033,-198.07755,1002.9316,248.15585,154.91193,962.30634,290.3467,-26.394701,968.0008,292.14948,74.77654,1069.2828,327.60278,-333.28192,1072.0226,341.64105,324.1449,1193.848,394.63214,-707.9129,1198.9786,411.18384,614.39795,1310.5735,440.35825,-958.60516,1308.097,426.75055,848.71136,1359.9889,441.7373,-1042.5563,1339.3611,429.52866,900.2731,1342.2787,442.89563,-1009.3427,1334.0867,423.50186,885.1228,1323.7529,447.23834,-951.0524,1323.053,424.00357,846.40753,1076.3145,669.5062,-233.46529,1064.8807,657.85443,233.91277,818.5108,800.85504,-249.39632,856.1186,755.0849,196.4749,845.67334,1023.2914,-171.25548,901.8066,947.8063,268.2553,882.86835,1055.4202,-164.13872,937.99774,978.95386,264.80847,759.91675,1089.4685,-212.49129,834.74615,1000.185,198.64772
