squat_start_11490.jpg,1141.3899,365.2286,-34.149826,1125.7063,347.79642,-22.937897,1123.0774,349.0846,-22.963902,1120.5492,350.43155,-22.99953,1124.7329,345.3327,-87.96366,1120.8333,344.44025,-87.821945,1116.9835,343.69806,-87.90711,1091.5227,364.0332,95.5472,1085.399,354.72928,-199.0612,1128.5057,389.55698,11.851829,1125.7483,386.28036,-72.64646,1062.1351,477.8004,256.99384,1074.757,465.20575,-312.6187,1144.2139,589.7703,58.83418,1152.27,588.2418,-160.61432,1136.5226,499.2209,-398.83356,1139.6307,502.11505,253.96834,1129.398,476.77173,-461.16614,1136.5011,471.6143,258.7571,1110.6041,462.49295,-424.46555,1119.6616,467.11783,246.57552,1109.0795,474.15607,-399.34354,1118.6738,480.20468,262.02045,1028.3502,727.8972,193.34883,1026.8073,732.0511,-192.81036,1202.7888,821.6609,330.0148,1254.167,799.4324,-178.66214,1133.4218,990.2072,379.866,1161.5575,993.53046,-94.718155,1104.7231,1009.4311,376.41705,1125.4666,1013.80054,-82.32911,1168.0529,1035.0288,362.59195,1202.9873,1050.7488,-67.88881
squat_start_11490_flipped.jpg,770.9454,362.7367,98.426346,787.12726,343.9682,40.470974,791.29456,343.68948,40.63978,795.4565,343.42325,40.59018,785.6617,342.1459,106.7345,787.93774,340.79395,106.58126,790.2497,339.6201,106.21694,827.1927,349.00244,-90.800705,821.1905,343.40933,205.99911,789.0154,382.79727,50.913822,786.1422,380.38544,137.51535,851.79785,455.447,-207.86195,867.5281,472.24887,333.3283,735.5522,608.37134,44.570362,788.3349,645.8331,94.90103,774.72656,504.1283,456.35577,790.2774,517.8911,-257.96515,770.1511,478.19785,467.01987,771.5035,480.99802,-275.4961,810.18427,479.4003,406.35034,792.93646,463.73758,-200.03534,817.1024,493.16904,447.73004,803.50024,477.59512,-243.88078,903.32336,724.24524,-189.36668,903.34143,709.2496,189.80675,651.2827,818.2418,-102.35235,719.666,826.85974,276.29898,766.59,991.9091,-93.34959,780.15204,965.171,74.25336,807.00995,1015.6693,-83.06051,806.92804,984.22394,53.015938,706.2123,1041.1077,-19.755121,734.1196,1009.76544,47.445385
squat_start_11627.jpg,1145.3083,393.26727,-371.65076,1138.2826,369.10345,-359.07346,1136.2927,367.99878,-359.0909,1134.5461,366.92667,-359.28113,1138.0935,371.49655,-412.40173,1135.0663,371.08835,-412.20386,1132.1514,370.9379,-412.22784,1107.2759,367.62216,-225.12332,1103.9521,373.08942,-464.6368,1130.3164,407.72308,-316.68994,1128.249,409.06104,-384.7435,1080.527,448.05023,-21.564148,1057.0433,452.5215,-579.8135,1250.3174,459.30487,-3.1618981,1244.4581,472.8855,-696.08887,1405.3514,442.9453,-106.95073,1414.9775,441.70023,-688.6499,1444.0885,430.75095,-113.93296,1460.5541,437.30585,-774.7519,1444.7511,425.55453,-161.80264,1453.4778,417.2563,-751.4821,1430.4332,432.95236,-133.5454,1436.2866,420.6056,-682.79266,1013.90234,714.1427,182.02617,986.583,739.789,-181.62103,1168.4249,811.5757,194.02324,1213.2914,866.0004,-278.00513,1117.033,985.2841,391.1955,1158.1296,1018.35626,-1.879102,1087.6042,1012.07306,410.61862,1121.1112,1034.8889,29.283405,1169.7712,1046.0427,425.57147,1211.5381,1074.3705,59.21788
squat_start_1316.jpg,951.02515,370.81168,40.743145,936.7875,350.50333,58.615795,933.5902,350.81906,58.714024,930.47754,351.15375,58.583344,937.5077,348.91263,-4.500938,934.4497,347.6178,-4.3613963,931.49805,346.4909,-4.593544,899.05707,358.17004,168.81642,900.45056,352.844,-108.34972,935.0808,390.71497,86.51387,934.8665,388.46878,7.5764527,871.1419,467.22546,330.98834,875.53796,456.48856,-240.16983,922.72504,588.3497,208.83498,936.6144,590.063,-125.21466,925.53754,530.7725,-195.83487,938.3751,517.90594,218.68968,923.8973,516.25085,-266.4827,937.7891,497.49463,217.91124,919.52893,498.02667,-244.81776,923.28973,485.94843,203.24892,916.20715,503.5104,-204.27443,921.0938,492.17743,223.13802,871.80054,716.6726,201.03546,875.44214,720.7635,-200.45389,937.8895,794.2777,418.41638,1116.1034,744.87933,-278.3137,821.549,855.6227,587.09717,1037.0847,924.05493,-133.92569,788.9928,857.75946,601.9308,1000.3575,945.87695,-115.16603,828.6726,893.1752,618.05096,1087.1194,989.68207,-93.181885
squat_start_1316_flipped.jpg,969.33185,368.1619,53.46695,985.06335,348.6619,-4.893332,988.523,347.1717,-4.906389,992.10706,345.57202,-4.928433,984.9989,351.48932,63.571335,987.58325,352.14368,63.47607,990.2166,352.95975,63.242554,1023.48474,351.51608,-140.5343,1020.32135,361.12946,161.76152,985.37604,385.88684,5.6624165,984.1584,388.82373,94.7664,1063.1047,453.76126,-281.93155,1034.3995,466.59363,298.29636,957.21027,594.9642,-58.043793,954.73157,591.209,104.93267,967.1937,507.54816,387.91394,963.2427,517.9912,-298.932,957.6869,481.63956,386.44986,950.52563,499.44995,-309.40842,988.74194,478.23474,349.0128,980.88684,483.70563,-260.60144,996.312,491.88297,387.71185,993.9246,494.06244,-288.5615,1048.6143,692.2916,-189.61546,1024.0437,681.92413,189.97523,818.2111,759.5437,-221.04869,849.9348,753.09467,287.54822,902.72296,919.293,-207.29169,894.44714,873.5848,296.73383,938.3621,942.7324,-195.32385,913.9983,893.8774,300.1449,838.54816,974.6241,-186.49469,850.4733,916.43085,312.89722
squat_start_14481.jpg,1038.0673,377.59677,-231.25356,1026.3014,354.06058,-207.78273,1022.98596,353.37778,-207.54869,1019.9083,352.70697,-207.65508,1026.7369,356.0661,-277.49377,1023.09607,355.79626,-277.5253,1019.5264,355.7249,-277.6141,987.8747,354.24002,-59.451122,986.98975,356.9444,-373.62866,1020.9388,394.85236,-169.8336,1021.66754,395.98438,-259.91907,945.7935,442.7277,179.98817,935.80316,461.33282,-514.46075,1086.4438,513.94635,266.64087,1103.388,558.8038,-629.4535,1217.5168,565.01587,116.42201,1265.597,596.2044,-528.3064,1246.6837,553.5286,120.50397,1306.2385,590.2541,-620.8291,1249.2128,552.6918,42.321434,1304.1256,569.6095,-569.0505,1239.6519,564.55206,78.16639,1287.2772,575.79645,-508.9841,860.9015,712.0346,219.84743,839.4908,744.4692,-219.28577,1062.3782,744.5293,502.07147,1090.09,794.31195,-276.02875,990.9597,927.1437,805.3866,1027.864,1001.10944,-3.5518157,960.86163,955.8673,832.00226,991.31055,1029.0698,27.078161,1043.3828,967.8104,912.42596,1097.4111,1035.9658,82.16924
squat_start_14481_flipped.jpg,893.3443,378.01147,-146.66003,903.29315,358.0224,-192.23529,906.52765,357.42322,-192.19196,910.0209,356.7502,-192.16498,904.32196,356.92096,-124.11385,907.52277,355.85562,-124.10232,910.8185,355.1036,-124.01704,942.4097,360.27274,-315.33914,943.49426,358.17978,-7.0485554,912.62805,398.69955,-186.03894,912.66943,398.20093,-96.29696,1005.406,463.53104,-454.83035,993.1341,462.61563,213.08308,855.1016,540.52155,-532.1321,857.6647,534.2701,301.82602,675.412,579.9953,-420.38046,717.03174,553.36615,128.66267,634.9513,575.4665,-512.50885,690.08356,534.21094,132.16968,635.46985,559.2139,-476.3581,678.52295,524.0932,53.032993,653.64166,563.1921,-408.8314,684.1705,536.9388,90.17863,1080.0714,748.9013,-217.44272,1073.6678,724.81,217.89522,822.71606,761.16504,-227.98126,890.9583,736.42804,425.6721,892.7269,998.478,6.022937,940.2719,936.56287,726.90015,933.4592,1038.5773,30.66257,974.63434,968.5384,759.68427,805.716,1040.2086,21.995153,863.99286,987.5283,786.5482
squat_start_17378.jpg,1012.03754,341.5839,-115.23382,999.76373,321.6964,-90.27583,995.7906,321.2012,-90.09574,992.0161,320.7388,-90.15804,1001.49744,323.36496,-157.5951,998.88086,323.33408,-157.48561,996.30524,323.51312,-157.49307,964.1345,326.6599,47.959015,970.19556,329.20044,-257.39435,997.4911,361.70465,-59.01348,1000.71844,363.30002,-146.12794,923.2172,431.6654,283.71768,941.76044,430.26132,-419.40704,1090.9955,482.6711,331.1899,1120.5442,498.6222,-554.25165,1230.7217,511.71426,114.22737,1274.173,498.00024,-442.79123,1264.3582,497.66382,110.19247,1318.5917,479.65588,-527.74426,1260.5571,497.29816,36.575058,1306.181,464.43857,-473.3668,1250.8602,507.4805,76.24442,1289.199,474.98953,-423.27258,823.3355,710.7114,229.21187,824.46185,731.11475,-228.84862,1029.7833,744.2597,538.8456,1086.3102,772.63776,-260.65057,989.8858,954.18396,818.7758,1030.3408,1003.26807,-53.727894,961.1133,991.56537,843.6557,995.6631,1035.9589,-27.111868,1054.8237,990.74164,908.97235,1101.1616,1039.4646,20.09894
squat_start_17378_flipped.jpg,909.81244,333.5632,-94.97963,924.0636,315.74036,-132.13829,927.1775,315.6007,-132.02753,930.49347,315.37222,-132.05363,924.3545,315.33978,-67.239815,927.4795,314.78595,-67.20655,930.7996,314.59076,-67.09074,960.9913,324.3329,-222.87845,959.71045,323.59003,72.10167,925.6874,356.50153,-123.21595,925.0035,355.72852,-37.79619,991.3466,428.44455,-391.58887,1006.31744,434.29126,290.07465,827.7475,472.0553,-498.2046,840.59564,495.258,354.21658,655.94763,494.80795,-373.96036,701.913,512.7135,163.21461,614.1079,487.94244,-460.0022,676.9558,495.51385,165.633,616.4978,476.16855,-413.23013,667.5939,490.1675,85.24892,635.97186,482.87936,-357.52884,671.3723,503.8644,123.0338,1087.5691,731.5281,-222.0673,1093.4849,704.09265,222.80942,832.7439,792.2436,-184.13362,885.8356,752.1607,460.78015,907.66437,999.30316,88.8143,915.42126,948.8915,755.20935,948.8031,1037.2223,116.555244,950.13806,982.9589,786.95483,810.14954,1026.6941,104.89794,820.9453,994.22,810.7258
squat_start_1861.jpg,980.38367,338.34872,-132.87646,966.7728,318.20148,-107.29892,963.00934,317.73462,-107.18146,959.45575,317.30222,-107.27784,968.43146,319.77164,-174.71214,965.7875,319.6548,-174.5923,963.21246,319.74792,-174.55962,932.50287,322.35297,35.223225,937.7794,324.85202,-268.62973,967.4422,356.97095,-76.23189,970.0971,358.41306,-162.79993,907.30945,426.84714,255.5286,913.96765,423.02753,-428.3205,1081.7983,463.39178,291.5479,1098.8413,472.69363,-582.08307,1224.4546,489.3935,86.639336,1250.887,475.39032,-492.58603,1258.9254,476.4973,83.08574,1295.0309,461.38852,-570.1245,1254.3812,475.1662,13.862944,1281.9224,448.07526,-520.3258,1244.2379,484.02435,50.55863,1265.8939,456.45767,-473.4845,827.16565,713.3459,221.24199,821.4649,734.4296,-220.9549,1029.7489,757.8541,496.31247,1085.879,784.5828,-283.54254,998.9592,959.50244,764.8958,1028.1663,1012.7817,-95.18316,972.7249,994.68396,789.15936,993.7214,1044.6583,-69.88979,1061.0413,994.902,849.7592,1093.0153,1047.996,-16.004208
squat_start_1861_flipped.jpg,945.8403,328.16418,-51.34705,958.4821,310.48212,-88.29218,961.6893,310.11008,-88.20862,965.1685,309.64233,-88.238594,958.6835,310.03387,-23.864948,961.4233,309.35574,-23.826365,964.2365,309.05008,-23.751425,995.14526,317.25293,-185.6248,993.1365,316.116,107.121376,961.5937,350.381,-83.07451,960.958,349.77744,1.8717735,1037.9031,413.6858,-362.15533,1030.4608,436.8027,307.33664,865.4871,441.58453,-491.44226,869.2433,484.30484,349.72745,685.9365,465.0497,-385.0851,721.766,481.6897,158.18037,646.89294,458.9151,-461.67606,695.81506,460.04016,155.33415,648.69,447.7695,-417.41458,688.1575,451.70102,77.60923,665.04,454.99854,-368.30228,694.2762,464.60565,118.09079,1095.1627,730.5755,-211.79268,1092.968,718.8377,212.43405,840.113,771.4277,-197.80107,926.95483,768.1452,374.887,892.6979,1009.4353,31.285326,958.2986,964.5359,609.7261,931.18835,1047.2079,55.15067,989.858,996.70056,632.92554,805.3141,1052.53,47.49976,884.8439,1014.1549,630.32605
squat_start_23620_flipped.jpg,920.8426,361.54156,-171.13264,932.2208,345.17642,-200.1186,936.5962,345.11377,-199.99272,941.16064,344.96887,-199.95016,928.39825,343.49133,-140.05345,929.29425,342.1711,-139.81163,930.2087,341.19324,-139.84578,969.3291,349.44843,-266.23874,954.19763,343.8309,7.6510515,938.65857,379.9513,-192.59135,933.0962,378.3732,-113.03436,1005.68677,430.21582,-418.07907,985.18225,424.36398,188.63275,828.4296,418.04987,-541.82715,830.1429,430.10803,247.82764,658.7133,419.9783,-477.01422,694.2656,419.1354,111.09564,623.1996,411.71875,-560.95215,672.34406,394.3429,102.51991,623.5603,399.55548,-520.68677,666.99054,390.97516,24.989738,635.4935,406.2612,-463.41382,673.54626,405.02444,72.16146,1043.3278,709.74176,-200.15929,1029.7312,693.4617,200.76913,806.5181,752.2758,-244.83192,905.55896,736.54645,301.39578,871.162,961.8716,2.3158908,992.0691,899.92474,588.4248,912.37335,992.15015,32.15347,1029.1484,922.0407,615.10846,801.3256,1018.1737,16.069538,947.7958,962.22546,613.5097
squat_start_24599.jpg,1132.1102,361.67783,-299.3738,1121.6885,337.77036,-282.53442,1118.7455,336.54752,-282.4334,1116.0187,335.32996,-282.4122,1122.3071,340.6796,-341.47656,1119.2266,340.5806,-341.31705,1116.2026,340.6876,-341.2643,1086.9447,337.86014,-147.84364,1087.6613,344.92352,-412.83844,1116.8765,378.33865,-242.92168,1116.5679,380.6523,-318.46976,1053.1923,429.23495,87.60625,1059.0941,437.9027,-556.5083,1204.1135,458.7957,148.20894,1249.7926,478.6682,-690.6939,1339.6436,471.41925,34.85051,1424.4888,473.4826,-658.0043,1369.7186,460.86243,30.865623,1469.5962,468.00723,-747.5964,1374.6295,454.97946,-25.508408,1463.0778,449.74258,-713.04816,1365.6493,462.55267,7.102998,1445.557,455.38742,-644.672,996.87115,705.9847,202.60143,990.2006,727.4005,-202.34627,1132.1472,835.78906,278.8909,1227.2876,844.5726,-291.22318,1078.168,1010.8203,514.0392,1145.994,1027.2461,-26.652521,1047.8893,1039.5884,533.39465,1103.2653,1050.2404,1.3055023,1128.4337,1066.7106,522.8823,1190.5853,1090.4108,22.597296
squat_start_24599_flipped.jpg,787.41864,358.40826,-259.41498,806.08966,343.54636,-293.02795,810.6207,344.71005,-292.86414,815.2739,345.72873,-292.63562,802.69904,339.45288,-232.14566,804.0666,337.49286,-231.99684,805.39496,335.87067,-232.13373,848.13855,354.24393,-360.72632,832.72876,340.28363,-87.46147,805.0464,380.63947,-282.15988,799.53235,375.70697,-202.66824,885.8045,444.69046,-485.3258,843.4068,424.12012,74.35628,700.2278,454.45078,-606.223,665.57074,446.1227,92.0327,517.0599,459.71823,-575.11646,513.2925,467.53336,-30.845625,475.54205,460.5517,-673.1189,475.1713,457.0569,-50.562454,472.53546,444.26138,-647.3876,480.20737,454.7125,-127.891174,489.33655,448.07138,-571.4189,494.22937,465.31656,-71.408424,935.52264,719.7482,-189.38286,907.84503,697.3554,190.0806,684.2694,789.55,-240.05182,782.00714,789.3419,261.29572,768.29724,1023.7983,4.017617,871.9891,978.53766,521.31903,810.4719,1052.4825,30.02105,908.374,998.8299,545.0031,688.8139,1101.7543,3.8672533,823.88806,1058.3052,528.66113
squat_start_25519.jpg,1134.0917,357.03598,-17.92223,1119.9314,341.3015,-0.61689776,1117.3823,342.68533,-0.54506475,1115.0433,344.1514,-0.19762515,1117.8577,338.47586,-67.38735,1113.5774,337.20322,-67.21873,1109.2305,336.15396,-67.45035,1087.406,357.0478,136.15048,1078.4464,345.1924,-169.54651,1121.2665,380.98477,29.897362,1118.3348,377.32843,-55.669594,1064.9841,459.02814,271.5606,1078.0446,458.59634,-271.0393,1165.0005,565.2728,52.29007,1170.0084,555.7575,-102.15223,1130.8457,491.45648,-419.5827,1131.0333,477.8299,399.94656,1118.3025,463.85242,-477.5384,1118.5415,445.64243,429.9926,1088.6482,455.62408,-419.41187,1097.7332,452.58505,409.97864,1088.3546,469.15668,-412.2315,1098.6757,467.9248,408.93008,1018.86346,710.0234,187.34569,1009.38666,719.6388,-187.11922,1191.537,820.40955,266.86224,1246.8306,809.7354,-144.83217,1100.2516,954.5886,330.7118,1144.7397,993.3584,-68.00371,1073.9219,966.36926,335.8239,1113.5542,1015.06256,-61.702858,1128.9418,1000.07666,338.52832,1191.28,1060.9464,-47.297325
squat_start_25519_flipped.jpg,781.43994,355.01614,100.34111,795.64935,335.9241,40.85528,798.2029,335.94986,41.012375,800.8257,336.0531,41.065926,797.45074,334.20193,102.20449,800.67786,332.88232,102.23867,804.0324,331.72266,101.98587,828.51874,342.91068,-106.875885,832.8589,337.2807,173.34903,795.3193,376.87073,48.996502,796.0519,373.6675,130.60812,853.68915,449.00653,-234.27646,872.2676,460.27954,296.5285,731.81335,583.09106,-14.870282,784.265,591.7948,86.8983,786.0251,480.25482,375.98672,805.552,487.21695,-298.31516,789.15656,454.57376,393.22433,794.1565,458.8409,-323.8988,827.10724,459.2613,337.68964,814.5802,444.89816,-269.43335,832.4017,472.17975,370.32986,819.49536,456.11826,-293.2992,914.56335,734.177,-199.41063,916.8719,715.8543,200.01648,691.56104,824.2585,-182.31943,706.6428,813.2612,350.8224,778.5957,1029.5115,-167.15225,773.44904,963.1365,251.18242,826.0431,1064.7026,-160.15941,807.9893,985.7948,241.46599,684.8945,1068.9814,-123.479576,708.76874,1005.73773,266.6921
squat_start_25797.jpg,1182.5469,382.20743,-23.91699,1171.4886,361.09384,-8.84944,1169.061,361.54962,-8.851181,1166.8212,362.09283,-8.706797,1169.412,359.042,-70.36224,1165.4545,357.50278,-70.27436,1161.4468,356.10727,-70.37283,1137.491,367.10376,113.21699,1130.1691,358.65042,-167.3071,1167.5543,402.35104,20.578474,1164.229,399.50766,-58.29635,1101.0354,473.4166,261.7334,1102.5146,463.04785,-267.0215,1200.9103,594.4079,50.512104,1187.8678,573.6832,-145.97224,1169.9961,498.23502,-383.01874,1165.9678,492.5373,275.52274,1159.5065,469.52942,-425.84842,1159.8323,460.34515,289.7779,1133.4749,456.34302,-375.0093,1142.1487,462.4865,280.18857,1131.9144,470.3,-376.02576,1140.6992,477.80118,285.33298,1026.8177,722.4713,189.02762,1012.508,729.21234,-188.74112,1219.418,820.9396,272.17603,1241.5131,814.0461,-170.39005,1137.874,993.3026,322.44434,1144.4662,1013.75415,-79.63378,1109.0708,1013.7522,322.3269,1106.9501,1038.1934,-69.53504,1178.5076,1032.3838,317.62015,1201.4602,1067.9613,-60.197517
squat_start_25797_flipped.jpg,733.5265,376.92935,70.792114,744.96594,357.4505,13.391192,747.8069,357.0968,13.573032,750.6729,356.8649,13.667621,745.4164,355.42487,74.291374,748.05786,353.6795,74.252106,750.81976,352.08575,73.939606,778.44775,357.06775,-118.02636,779.4934,350.11655,156.25418,750.68054,394.48633,24.963917,750.7521,391.37714,105.18965,809.8406,453.60748,-241.3757,838.9861,460.26205,290.4751,709.89844,591.9238,-48.93416,769.9008,608.4788,113.44564,760.19025,494.04214,363.84204,772.59814,506.78546,-235.58517,761.6875,468.26675,383.49338,757.30475,477.41397,-259.50006,797.13947,471.8461,333.2472,774.0038,463.4551,-210.9868,802.56683,484.09894,359.9802,781.1206,474.72617,-233.55875,900.7715,737.7756,-192.20955,905.86804,713.84314,192.8689,669.2564,838.28906,-157.07445,704.24005,833.1504,281.9847,773.67706,1021.9597,-65.32735,775.2213,980.7032,161.68584,817.0759,1050.8043,-51.228394,808.2539,1000.75134,148.66345,697.69147,1055.848,4.6182814,721.0352,1022.20795,170.14952
squat_start_26204.jpg,971.983,363.87857,43.62312,954.33484,346.2383,61.763046,950.6044,346.99805,61.76472,946.9712,347.77197,61.640762,956.6636,344.0519,-7.071151,953.60925,342.8755,-6.952577,950.6059,341.83447,-7.2517815,914.47186,357.67358,173.32742,919.57324,350.09332,-134.56686,955.7385,384.24872,87.91798,956.4637,381.2437,-0.5635946,886.6281,470.53494,324.30362,891.02026,447.6186,-284.68524,941.20105,591.5875,231.84167,952.00476,587.57635,-169.84686,956.47766,539.94073,-128.89587,961.0003,519.88666,204.56567,956.1239,530.03467,-192.44826,961.6596,502.42902,210.30852,950.1496,511.11487,-185.8761,947.9586,489.33148,194.1719,946.8875,514.23334,-142.48785,944.39404,495.7686,210.02834,873.14935,713.976,199.32466,874.52295,713.61414,-198.84697,979.1416,767.4374,376.07663,1101.5269,735.65155,-227.76598,897.16345,896.6528,449.02518,1051.2534,927.49866,-126.119026,866.0973,912.7901,454.0983,1013.26746,955.1309,-110.200516,924.4926,940.4446,445.3502,1110.7517,989.18616,-94.97551
squat_start_26204_flipped.jpg,951.6103,362.99982,1.1123042,968.00616,345.06696,-54.628475,971.6753,344.23862,-54.674004,975.451,343.38068,-54.64488,967.2252,346.46878,11.793991,969.3928,346.6819,11.794546,971.6455,346.9959,11.499797,1005.18805,351.33075,-180.08205,1000.38116,356.06964,116.99121,966.3177,382.2184,-41.834484,964.0053,383.27414,45.01967,1043.4987,459.80713,-297.48093,1014.3576,456.94504,268.10645,946.95886,602.1607,-94.87089,955.9189,578.63727,108.32783,947.89935,512.34076,316.40192,952.8484,522.4308,-280.52557,939.6421,492.09393,328.4147,939.6545,508.12198,-304.8332,965.48425,485.66806,293.71826,958.5898,494.3632,-266.14896,973.521,494.49097,318.24835,967.9546,501.4045,-278.24017,1048.0879,698.50757,-192.94511,1024.9216,677.25903,193.50168,833.36633,748.6806,-276.56583,859.56116,725.5131,353.90823,895.5695,924.03094,-268.20395,895.62427,860.7362,363.27136,929.9833,953.9669,-260.2643,919.0127,882.26874,364.37457,823.88403,974.262,-257.06882,846.0762,910.08484,373.66162
squat_start_30811.jpg,934.78876,361.08234,56.16806,919.7296,340.4629,68.925835,915.6781,340.94666,68.98281,911.7221,341.46683,68.81329,922.3575,338.151,8.104956,919.861,336.51022,8.159816,917.45593,335.0138,7.843854,878.68024,347.86456,168.58109,886.9428,339.85352,-101.777374,917.2537,380.11325,97.793594,918.9881,377.00388,20.492899,846.142,454.46432,325.8811,866.80115,443.3499,-219.59467,911.6573,580.41565,204.58255,938.1748,587.87646,-76.427124,918.5005,512.3916,-189.34015,927.6343,512.31335,282.74466,915.75507,496.91873,-255.5279,925.7568,491.06427,287.3634,911.5443,478.94702,-230.4724,910.5099,479.8098,269.9778,908.858,486.66257,-194.71323,907.5776,487.7098,286.5136,861.75867,701.19763,187.62936,871.8022,710.1162,-187.34738,971.46185,746.9252,401.67032,1116.7417,740.2104,-231.64021,859.919,830.89954,530.24084,1025.4463,907.6356,-86.136505,829.7091,834.7609,538.4859,990.8219,923.0884,-63.97888,863.2272,864.47644,578.36426,1060.2753,965.5851,1.3610569
squat_start_30811_flipped.jpg,982.5388,357.05716,45.586758,997.5832,336.66013,-16.43475,1001.22424,335.20703,-16.389627,1005.023,333.67496,-16.309622,998.1166,338.6638,56.21361,1001.1987,338.98203,56.095474,1004.3175,339.39548,55.683857,1037.4861,338.27176,-166.69298,1036.3215,346.42624,155.94693,998.92114,374.45914,-6.4414515,998.4327,377.1474,88.10825,1079.8201,444.62283,-314.52542,1054.9863,445.67563,309.83813,966.2005,586.0496,-84.05588,977.07916,578.9081,111.86061,981.0124,498.7381,381.40634,984.4471,499.41135,-316.23254,973.6886,474.61398,384.98102,973.3326,474.5962,-331.4367,1003.51184,474.43814,346.08255,999.80005,463.47354,-283.27124,1010.92645,487.04187,382.98462,1012.32367,475.84885,-307.27374,1056.5488,696.15643,-192.13042,1028.6444,678.22546,192.64508,825.41406,763.23895,-239.93852,846.72864,740.04926,294.93307,896.64905,923.07104,-253.8794,919.1727,848.81085,244.62842,929.5911,948.13275,-244.3792,943.2711,865.31024,243.0045,828.6479,970.41895,-247.85025,884.71497,891.87115,256.75848
squat_start_33473.jpg,1196.0225,391.3585,-41.05989,1185.2759,371.67563,-24.08897,1182.6733,372.65836,-24.013752,1180.285,373.7353,-23.807564,1183.3733,367.31808,-88.066055,1179.1304,364.60117,-87.97676,1174.8214,362.05655,-88.2176,1147.9132,377.00748,109.93284,1140.709,360.8385,-182.8618,1177.2076,410.74216,5.867136,1174.4728,405.15695,-76.42583,1104.4465,468.67108,239.17499,1108.5546,464.10876,-273.25616,1190.8619,583.8208,35.80526,1191.0548,569.72894,-143.16689,1167.2166,500.35092,-394.352,1169.5858,489.94394,291.9909,1156.0511,474.4133,-447.27136,1161.0488,458.5266,310.6864,1128.9521,459.1332,-395.86536,1145.0144,461.05865,296.66345,1126.7262,471.46146,-387.12604,1143.891,475.59912,300.25757,1023.5298,714.8683,180.36743,1012.3246,718.7257,-180.28946,1170.4038,840.57184,212.48042,1240.5748,811.5798,-148.21835,1095.9915,1000.91675,270.9199,1154.4312,996.79865,-77.618126,1065.7078,1019.8885,275.9406,1115.5691,1022.896,-71.33625,1145.9668,1048.0068,249.18225,1222.6473,1059.2491,-76.64893
squat_start_33473_flipped.jpg,726.12006,386.15378,176.72789,733.27954,365.3635,119.174934,735.14557,364.09308,119.36255,737.1354,362.89362,119.38784,736.79315,365.72,178.67174,740.42566,364.8315,178.65239,744.2093,364.09647,178.41086,763.5237,361.4969,-39.899906,773.9659,362.0893,224.0703,743.37775,402.04462,120.95564,747.374,401.80826,198.39992,792.1323,450.9209,-197.89485,850.66156,465.9978,355.43686,690.47723,572.9459,-78.542015,785.743,585.9663,327.32065,742.9464,491.27988,349.2545,774.83813,502.37958,165.78749,744.62573,465.4628,377.58014,762.8524,476.10733,169.13678,779.2336,469.21338,352.38013,775.4293,466.03824,197.34761,783.9223,481.28534,354.50604,781.8857,476.53214,164.42784,901.4711,731.70166,-189.67014,924.70844,725.1272,190.53656,671.98315,816.77295,-142.16571,745.9734,843.1743,346.44037,776.01355,1004.3924,-118.28739,837.3393,981.5765,183.61736,819.6428,1035.0923,-110.44429,871.4809,998.79425,165.9712,705.3419,1043.0725,-56.663673,800.8004,1027.0731,191.84352
squat_start_3352.jpg,1188.177,374.3482,-305.65228,1178.9888,353.55457,-286.7479,1177.1962,352.8557,-286.7264,1175.6493,352.17972,-286.78433,1177.0408,355.53793,-342.29944,1173.1963,355.34497,-342.1526,1169.4142,355.3591,-342.09955,1148.4674,356.00085,-139.29306,1140.4155,360.32776,-389.02527,1174.6865,390.6155,-246.84415,1170.98,391.71625,-318.12378,1119.9893,448.1567,58.968697,1099.1493,440.3252,-511.44727,1286.8418,472.59824,57.79729,1287.6283,481.23257,-636.6068,1440.428,474.25583,-77.079605,1456.5681,476.29813,-628.5815,1477.5789,461.94745,-85.92973,1499.8208,472.97058,-712.916,1479.1152,456.87524,-137.15283,1491.4382,453.9464,-683.3369,1466.912,463.89526,-105.13365,1475.6602,457.68912,-618.7443,1028.4119,702.6683,184.89243,1004.52356,714.9079,-184.55013,1175.376,822.5257,164.70493,1232.5923,845.54193,-298.2458,1110.6134,1000.2944,352.57117,1155.5884,1026.8921,-48.53225,1080.0359,1025.7754,368.33838,1114.853,1046.4752,-20.9312,1151.3325,1062.3748,351.59375,1196.5577,1091.5414,-11.00087
squat_start_3352_flipped.jpg,728.3871,367.34012,-199.88034,745.15845,352.56232,-233.88284,749.53925,353.42517,-233.73709,754.0593,354.1488,-233.54332,742.1574,348.72983,-171.25069,743.707,346.66302,-171.13292,745.2865,344.94675,-171.26482,786.06134,359.7499,-308.6596,772.8075,346.53552,-28.107174,746.7424,387.51227,-226.31435,742.3945,383.01443,-144.4247,830.52734,435.07928,-437.1298,798.7691,433.10266,118.00985,656.69995,429.84894,-562.5252,633.7081,458.80917,122.850655,468.43552,449.49988,-531.0557,480.34915,475.26263,3.199594,426.07935,455.71164,-630.073,443.14215,463.0788,-10.119413,419.7025,444.0784,-598.00543,444.3959,461.11856,-85.28302,436.60693,446.58502,-525.5104,458.89658,471.21478,-36.511776,925.18414,711.4007,-190.15332,895.92236,696.7058,190.85481,685.74384,791.08795,-272.05203,736.18256,780.21704,249.9686,771.63257,1025.2904,-44.273018,820.99286,981.61346,468.78558,812.70984,1053.9229,-21.355162,859.1306,1004.78345,486.8554,696.97034,1099.3374,-43.44315,764.99084,1057.2648,474.93
squat_start_33715.jpg,977.71387,348.50632,-363.2278,976.2704,329.5553,-319.84583,981.00336,330.40274,-319.8037,986.0316,331.2655,-319.78867,959.0262,327.86185,-364.1924,950.5239,326.76816,-364.01047,942.1434,325.91263,-364.13867,973.89154,337.85052,-74.072,918.87317,332.20233,-273.42432,981.86304,369.29288,-269.82428,959.60785,367.12524,-326.53207,952.23724,439.05136,241.44928,902.0214,421.7129,-462.046,1098.8042,494.60828,364.51904,1069.3539,492.92227,-639.94617,1224.6843,527.18396,221.70699,1236.691,505.1567,-590.3938,1253.3927,528.2031,223.09209,1273.029,507.30524,-683.171,1250.3142,518.58484,147.85834,1273.7968,490.38345,-649.1633,1240.5806,523.01184,184.11693,1257.266,493.98096,-576.9256,853.2796,713.5967,213.60487,816.96014,729.65234,-213.13142,1038.8298,751.5582,273.13727,1085.2761,790.1265,-395.08917,987.67694,962.3312,577.87823,1034.3093,1003.94257,-132.85527,954.19904,999.9547,602.73694,990.74866,1033.3988,-106.333305,1063.8915,1009.16174,564.4351,1118.9683,1058.8906,-146.73286
squat_start_33715_flipped.jpg,954.60583,349.01184,-310.53445,974.0527,323.90393,-302.08502,984.06165,322.56982,-301.99814,994.1663,321.16928,-301.81967,951.2943,326.27985,-266.49844,944.0148,326.2958,-266.38434,936.81006,326.62506,-266.61285,1022.32043,326.65588,-168.01729,944.7231,332.38992,-20.666983,981.2698,366.51285,-257.98535,949.9753,368.8036,-215.46758,1045.3062,408.07538,-332.97098,967.90515,426.99725,232.01772,872.36847,456.5716,-469.7542,833.8466,503.99622,136.52852,689.053,487.38824,-470.16574,678.8965,510.20502,-145.31909,649.2091,494.06064,-557.97955,628.57495,501.23645,-201.06032,640.72046,486.81174,-531.18243,632.8577,489.5598,-266.39023,659.0937,492.50275,-462.1308,656.8879,500.12003,-187.96768,1113.5172,714.275,-182.53029,1070.0443,708.0908,182.73323,848.0046,769.8822,-310.09644,1009.10474,875.325,79.61106,908.0967,1014.881,-122.57302,1165.535,869.4066,424.82956,954.57697,1051.922,-97.78328,1193.6945,847.38934,465.2394,794.03735,1095.8344,-147.37419,1186.7966,936.28625,477.84128
squat_start_34557.jpg,989.7647,360.21933,-193.96283,979.1827,337.2532,-166.66286,978.1605,336.9689,-166.61357,977.3585,336.7178,-166.69713,975.19525,337.72568,-229.65216,970.47546,337.07257,-229.46144,965.8786,336.5774,-229.50035,951.49176,337.96136,-1.8812878,938.1519,338.02707,-284.50995,980.0273,377.5162,-127.00563,974.88257,377.6551,-207.51346,919.61163,439.40363,237.10712,908.3657,429.52155,-434.59564,1059.2914,519.84393,306.2811,1060.3527,519.0308,-559.7062,1202.9966,535.5362,147.44534,1215.1853,505.46973,-447.78925,1235.7677,525.05695,147.38953,1255.2769,494.30597,-523.36725,1237.4255,514.6606,83.80057,1246.0343,474.93665,-486.34213,1226.457,521.7285,114.91355,1231.9196,481.57068,-433.19687,838.1162,709.13513,213.75333,825.9431,726.21954,-213.2407,1009.92096,770.52673,365.9602,1078.4576,781.8768,-318.25986,985.21045,972.4009,669.3114,1040.8545,1001.50195,-124.65714,957.0517,1009.01154,698.1511,1003.0651,1035.0151,-103.71667,1057.2778,1012.0741,718.65717,1123.5688,1048.3295,-98.21761
squat_start_34557_flipped.jpg,935.1074,348.06805,-206.50714,953.55066,325.21033,-212.32855,961.8006,324.231,-212.26115,970.17413,323.17804,-212.14665,937.73,325.9711,-161.5609,934.0164,325.56714,-161.55312,930.342,325.48856,-161.74767,1002.17365,327.7085,-148.62228,948.6682,329.57898,74.62107,961.1843,365.722,-181.9113,939.97504,366.3758,-116.25179,1040.9543,415.78458,-314.6442,992.5137,431.78534,322.6473,881.4784,479.3305,-450.4243,860.6902,518.542,331.27377,695.9806,507.08298,-449.2279,711.6472,525.23676,111.59422,653.6394,499.76727,-529.0928,672.1505,503.77182,84.94957,655.10406,488.17123,-499.96884,669.43243,493.28674,14.380042,671.9364,497.9066,-437.57324,685.7259,505.90433,69.62168,1111.4385,712.9156,-202.39227,1092.1511,703.9641,202.42358,850.45593,739.674,-241.71887,1027.5936,871.804,159.69055,911.3138,1010.93005,-77.27053,1176.5525,872.38904,403.04712,952.1894,1050.6594,-55.967136,1203.2507,847.2011,433.3653,803.51624,1092.4968,-89.56602,1195.0577,952.5466,432.92645
squat_start_34696.jpg,1017.33386,385.1886,66.74655,1007.78674,363.3066,82.98358,1004.37195,363.36615,82.95783,1001.0375,363.43985,82.801674,1009.6101,360.5641,20.663595,1006.7578,358.10767,20.817783,1003.95276,355.75787,20.67984,967.0413,363.83292,187.30145,971.5885,353.9958,-91.47617,995.6589,400.4499,108.2709,995.8162,396.07495,28.388006,909.49786,454.4639,329.64642,918.6713,445.42368,-217.54869,959.6408,594.5122,256.599,963.39844,602.61975,-114.988235,999.7773,575.1339,-84.529854,975.49347,522.5967,204.38066,1005.25555,571.7156,-145.24495,979.96124,501.80902,210.70685,999.8436,554.5034,-133.318,964.87115,484.3691,194.63405,992.6209,555.29095,-94.60001,960.9618,491.68976,208.65726,861.8479,690.3337,184.76921,865.8262,692.18384,-184.58829,975.836,800.73773,316.63748,1103.4525,747.29895,-188.63228,871.5155,906.1936,368.62497,1032.4803,926.68787,-133.70367,838.67633,909.7726,373.44843,993.5032,948.05914,-120.37308,882.5139,964.3081,379.99512,1080.0718,998.1334,-77.927505
squat_start_34696_flipped.jpg,909.00757,385.64185,-52.590134,918.6113,361.4123,-106.16439,922.79724,358.74808,-106.05451,927.1457,356.10626,-106.02121,916.15375,364.80948,-42.756195,917.544,364.96738,-42.740585,919.05475,365.2511,-43.093872,961.09717,352.45166,-217.65193,950.77655,364.7495,73.36448,931.86127,397.6741,-90.04709,927.63293,401.95862,-5.3311477,1028.779,451.66168,-312.6753,1002.1624,454.7224,225.97404,933.0206,611.176,-84.14127,932.33795,607.0987,67.891045,935.32574,505.61984,330.61908,936.7927,519.9182,-255.70624,924.4369,483.73126,339.59485,923.55664,497.70105,-282.34454,950.73535,479.8058,295.1239,944.3659,483.23297,-233.82875,960.59485,488.7301,329.6048,955.97296,491.3521,-249.49141,1064.1212,709.1965,-192.43622,1047.2284,682.932,193.11176,842.8567,753.20526,-240.15681,855.48456,718.9425,383.23764,906.3838,951.72314,-162.637,901.074,880.82336,428.79163,946.1843,987.1752,-146.42319,933.05304,906.306,435.37375,821.37933,999.56335,-107.90588,841.87286,938.1427,468.58087
squat_start_36233.jpg,971.0938,343.89902,-551.93005,968.9082,319.85886,-503.88977,975.7306,318.6173,-503.8941,982.82684,317.38715,-503.7469,947.31665,323.28503,-545.7667,937.52686,323.95435,-545.45593,927.91364,324.88162,-545.5734,979.2904,321.8046,-232.76706,910.1986,333.07596,-415.2573,985.5156,361.95862,-448.81995,957.9707,366.5485,-500.19934,965.03345,422.7379,139.12585,923.91614,421.33966,-598.3974,1120.1383,479.62595,264.71576,1087.316,492.3668,-738.42706,1241.1134,488.8846,106.97485,1251.2714,478.83893,-665.98364,1270.0905,480.5508,102.07002,1289.6685,476.25015,-759.08185,1265.4191,473.10092,27.181328,1288.3081,456.79156,-730.0092,1256.7227,479.61804,69.44018,1271.4979,461.82498,-654.0733,850.6329,708.9407,220.87488,826.1318,727.14105,-220.56297,1023.1682,763.1734,311.806,1092.7676,792.1996,-383.87604,959.9771,958.215,610.8833,1048.602,996.29846,-139.22484,929.4227,993.03955,632.81854,1007.83655,1026.6333,-113.53901,1029.4688,1001.04456,612.88043,1133.03,1047.1487,-132.77191
squat_start_36233_flipped.jpg,947.47144,333.36642,-262.2276,970.2233,311.90063,-251.4744,979.9424,312.06592,-251.29967,989.7701,312.14722,-251.22282,948.4233,311.54144,-215.53532,941.8162,310.95917,-215.48082,935.2539,310.65,-215.71848,1018.14734,324.37363,-115.42465,944.29456,320.56314,32.396027,971.965,355.55414,-210.51216,941.7494,354.26242,-167.86372,1048.7343,414.30762,-300.75586,953.1067,423.39908,270.24683,874.6114,461.40796,-452.25787,824.72705,480.03598,150.49318,681.8904,460.85324,-454.05667,675.10645,471.56107,-205.78891,641.41595,462.4909,-541.16943,627.34625,461.21332,-268.86823,633.07654,451.14914,-509.692,636.5603,447.60632,-333.5326,650.6012,459.2012,-442.76703,660.40436,458.48,-249.31209,1108.5767,722.65063,-185.41629,1057.6345,720.4928,185.41154,839.22943,763.0667,-325.3311,992.51825,930.3674,73.313255,892.93524,1011.0793,-141.42247,1227.2483,900.3034,388.03223,938.3556,1046.4114,-115.65081,1263.6042,868.28784,428.92065,777.1273,1091.8035,-166.21458,1272.3774,973.54926,444.38953
squat_start_37123.jpg,1137.4891,365.46948,-39.673363,1122.9336,345.36246,-32.513233,1119.8525,346.18057,-32.331097,1116.8684,347.08585,-32.180862,1122.4801,343.1736,-96.57027,1118.6249,341.9985,-96.37984,1114.7837,341.04935,-96.34541,1085.3383,358.3068,78.43703,1081.1821,349.3362,-214.47243,1121.0183,390.93185,3.0558484,1120.47,388.1181,-80.18473,1037.2306,470.76117,258.40842,1069.3903,469.31296,-310.35422,1103.9972,584.0547,112.25495,1155.0688,581.6135,-126.72466,1105.167,501.6366,-335.73666,1122.0442,493.0719,328.6852,1102.4329,473.2341,-395.6468,1114.3602,460.10638,334.47815,1086.6477,464.30768,-361.41428,1095.4813,457.68826,316.37296,1082.9906,478.64462,-339.71948,1095.4803,471.897,334.428,990.82043,730.1342,193.87292,1000.4632,741.00134,-193.44455,1126.7108,809.92596,436.32706,1259.6693,792.1969,-161.78836,1045.52,946.1959,481.1367,1171.2944,995.2767,-95.613525,1019.4081,963.8699,478.599,1137.1451,1023.92584,-84.47659,1072.6025,967.66187,510.85648,1221.8907,1034.9087,-41.157825
squat_start_37123_flipped.jpg,780.4204,358.801,172.2229,794.76917,339.66232,113.415146,797.671,339.47137,113.64757,800.5592,339.42325,113.61754,795.9124,338.55008,172.89845,799.2606,337.5017,172.84077,802.6835,336.56302,172.58925,829.2841,347.08173,-34.98502,831.13354,343.55734,236.75925,795.7302,379.69376,121.014015,796.3273,377.6176,201.01337,852.4332,453.90622,-154.30003,880.2708,461.85654,353.63324,758.7337,591.93646,87.67179,804.3784,610.5221,145.40382,792.30444,491.4296,477.6019,809.34906,503.453,-260.82147,792.9977,467.52667,506.84766,790.6815,473.1898,-303.66074,834.25574,472.4342,439.34537,815.6973,457.91727,-237.56201,841.1277,484.26993,469.444,821.2296,469.62192,-256.89215,917.066,722.80554,-183.66498,935.07965,707.0483,183.82307,673.98706,788.5626,-64.48489,830.05646,862.6782,309.30048,791.75543,1021.51953,-99.47181,963.45026,914.96356,80.87924,834.098,1050.344,-96.06066,986.08466,903.05054,59.975292,715.2318,1100.8218,-19.256287,993.3276,977.0391,72.98099
squat_start_39332.jpg,991.9731,352.7267,-231.07367,984.19635,332.60483,-212.04643,981.7748,332.22897,-211.90657,979.5503,331.9117,-212.06026,985.6719,333.3434,-266.31418,983.7433,332.55676,-266.14798,981.9452,331.99628,-266.08926,960.14624,335.3537,-87.77177,964.25696,334.6677,-332.91998,983.6904,369.31738,-180.0992,984.53406,369.24783,-249.60551,942.9372,422.96225,145.79085,938.83075,435.5992,-490.03516,1099.213,463.92102,196.10461,1107.2394,531.89844,-585.4575,1244.153,477.65692,45.730637,1261.3378,523.7389,-495.61072,1278.48,465.3007,40.256317,1308.8564,513.28827,-578.3684,1278.2057,463.43652,-24.153091,1294.6582,490.25235,-542.72095,1266.2509,472.93472,11.842796,1276.5264,496.50806,-483.58496,858.6666,704.8565,208.98642,844.80884,730.65155,-208.28697,1049.5183,761.7836,435.6655,1090.7178,797.14685,-261.20004,998.8851,957.11755,715.11096,1034.6317,1006.627,37.107246,969.6868,988.54553,741.4041,998.59705,1032.9119,73.42195,1053.5907,1001.1329,804.17096,1100.9224,1050.18,146.01262
squat_start_39332_flipped.jpg,915.4851,352.16394,98.501755,920.9777,331.7869,57.092197,922.31573,331.28143,56.9387,923.9508,330.7436,56.47457,925.0713,329.39264,111.193565,929.29456,327.7434,111.324104,933.751,326.45096,111.173004,948.5781,335.19702,-78.47585,959.9501,329.32462,167.75812,929.9721,368.77774,55.294186,933.40125,366.83267,128.05534,982.70074,432.65253,-243.62105,1024.031,421.12192,347.04346,836.72705,497.21158,-297.1041,840.82306,479.64926,389.8989,654.1315,506.71362,-189.15852,688.9678,489.59732,197.01323,605.9002,495.51367,-231.48354,661.8522,464.98502,217.11343,617.6986,475.10068,-169.77734,655.8218,463.4335,153.05997,639.1592,481.92163,-160.15117,662.55054,478.2292,163.10364,1060.0715,730.8787,-191.60144,1109.4037,716.29346,191.93195,796.7047,747.8861,-12.3337,1101.863,846.7519,321.5215,903.37946,1007.29254,153.00166,1208.8394,870.5125,438.66257,942.70624,1040.518,168.60402,1223.8422,855.7844,457.37067,826.6405,1083.9447,217.54079,1237.6549,930.0876,490.22794
squat_start_40146.jpg,933.57806,336.37408,-457.74655,931.2328,316.14365,-415.5583,937.3982,315.51166,-415.5782,943.83386,314.8465,-415.47937,911.20935,318.47095,-455.71405,902.33124,319.1029,-455.42633,893.6142,319.94547,-455.44305,939.66547,321.07062,-162.02788,875.843,328.7628,-341.06082,946.0923,354.39337,-360.97882,920.77747,357.7103,-411.78482,939.7964,422.5371,175.03767,873.3938,411.7103,-542.22205,1099.1637,461.8724,277.92456,1053.0105,472.03513,-704.0903,1226.3031,473.39545,102.99801,1231.411,463.1212,-656.12103,1258.0809,469.4766,91.64049,1272.2502,461.9344,-752.7852,1251.3563,461.23895,23.139078,1270.4038,443.5956,-720.8909,1241.3497,466.74652,66.85472,1251.3352,448.76724,-642.32214,844.0142,708.6325,215.84363,803.29913,722.30664,-215.60481,1025.9558,764.054,239.91794,1057.8964,794.3207,-431.5847,999.9136,978.6263,476.42328,1031.1028,1021.6693,-233.58795,970.8192,1021.2492,491.31833,989.02875,1059.3613,-217.5871,1089.9584,1016.8704,433.53387,1125.9025,1072.3591,-290.57727
squat_start_40146_flipped.jpg,989.9894,333.60538,-481.26382,1012.10504,313.65897,-464.67993,1021.5543,314.52496,-464.55093,1031.1282,315.37518,-464.29193,989.76917,311.54648,-437.91562,982.3939,310.202,-437.8336,975.01215,309.1604,-437.98715,1054.4008,328.52213,-297.7263,979.70264,319.40805,-185.51862,1010.99695,357.49057,-416.8879,979.808,353.40207,-384.6599,1064.6378,415.75967,-461.60773,989.9269,415.18716,110.99939,892.31354,438.95294,-647.6179,850.5868,457.763,18.44053,709.68005,451.5143,-633.275,703.4268,454.1191,-319.9028,670.05304,458.81238,-726.6808,658.1059,449.74075,-386.83548,662.61365,448.6625,-705.8571,665.2692,436.33405,-456.76294,682.5074,453.89465,-631.4769,683.61237,446.3111,-365.0177,1110.4851,732.02563,-190.88075,1064.4791,709.6192,191.0829,840.53845,758.6188,-316.7444,924.786,756.70087,256.14636,883.86017,1005.92676,-114.167114,966.5107,952.70636,535.7686,928.71405,1052.1711,-95.307495,1002.5983,985.6189,558.43726,766.04987,1054.3251,-167.93155,877.6889,1012.8369,518.75415
squat_start_44105.jpg,1188.1886,365.19095,-454.22827,1178.618,344.03143,-435.49463,1177.2218,343.3504,-435.4888,1176.0642,342.67792,-435.51498,1176.184,346.87592,-491.82874,1172.0732,347.18585,-491.66428,1168.0685,347.74454,-491.58984,1149.0289,349.0969,-280.6791,1138.8162,355.76328,-537.8076,1175.1416,383.7976,-392.99713,1170.727,385.85388,-466.2169,1128.5605,443.05713,-51.064255,1099.0269,444.9944,-649.9263,1303.2751,466.26013,-50.697575,1287.5514,489.03845,-779.1424,1460.5067,477.28748,-192.45258,1469.7263,485.7208,-810.7991,1500.9219,468.11227,-202.38634,1513.5178,483.8698,-916.5368,1500.1514,462.40735,-268.1717,1510.4847,464.25916,-885.36084,1486.3934,470.02924,-226.03398,1494.7264,468.54453,-802.4629,1036.8064,702.93054,198.51338,1007.0151,719.3817,-198.24333,1174.9688,816.80975,222.07224,1239.5552,840.2321,-329.3082,1113.4517,1014.45215,453.60834,1168.6752,1037.7482,-101.6331,1080.5251,1048.3707,472.41373,1124.5739,1064.6042,-78.675224,1171.0244,1066.1675,451.70255,1232.5966,1091.4432,-105.76194
squat_start_44105_flipped.jpg,731.6098,362.28366,-377.5565,753.60175,347.61877,-409.7448,758.4903,348.9258,-409.56537,763.4551,350.09085,-409.29614,749.2257,343.99542,-348.96393,750.2017,342.46295,-348.83838,751.15546,341.29895,-348.95578,795.72314,360.56754,-447.298,777.91254,348.21283,-175.50273,748.35394,385.80023,-387.9191,741.82117,381.18723,-308.70154,824.70996,447.6379,-538.1529,784.20294,441.4103,10.81128,647.5857,456.79852,-653.4171,615.1624,477.48306,27.207848,456.7987,473.78928,-640.30975,462.50012,486.60495,-90.050934,413.28296,481.45224,-749.4129,424.6347,474.14728,-108.50653,405.36765,468.36816,-724.5171,424.14236,471.6528,-184.85124,423.51047,471.18912,-639.74805,438.78748,482.16785,-129.7776,916.2802,725.8132,-187.5674,880.2733,704.42084,188.32587,669.91437,796.04,-306.3286,710.9911,784.3974,212.25813,772.98267,1010.70013,-7.4031296,778.68854,993.0115,485.06372,812.7791,1035.7332,21.435513,815.7056,1019.3889,507.36487,710.0474,1085.6716,0.8849203,710.3117,1071.5261,491.47455
squat_start_4463.jpg,932.7679,359.92325,-13.869313,915.5134,341.8445,2.1694624,912.1435,342.38922,1.908634,908.8573,342.90173,2.149421,916.8079,340.1973,-60.78916,913.2583,339.25122,-60.810005,909.8001,338.48355,-60.979557,876.9899,352.47128,120.067635,879.329,347.02975,-170.13962,917.3539,378.7346,30.9259,916.46826,376.80188,-50.505486,849.72076,459.5744,286.20636,853.93005,453.48047,-299.82584,915.6246,575.9683,162.09431,915.5759,596.2394,-151.55394,917.9012,512.1885,-222.75815,924.0258,511.48477,210.22528,920.93665,495.15552,-288.60934,926.3876,484.73624,212.83109,906.0893,478.7295,-267.1149,904.6978,471.46173,191.17618,902.3716,485.92032,-231.0593,899.3441,481.3295,210.16461,861.4284,694.80975,198.42018,860.3618,707.16437,-198.19836,1014.6666,740.4164,331.70584,1089.9148,746.06854,-209.11166,944.48944,858.7439,457.75684,1020.97504,903.7745,3.5377707,920.0196,868.67017,463.28235,989.449,918.4024,30.924658,963.64325,899.9619,506.69186,1063.5638,947.1569,109.192764
squat_start_4463_flipped.jpg,994.5132,356.20242,17.46183,1012.13525,336.23904,-42.88327,1016.51263,335.02563,-42.824783,1021.02606,333.88724,-42.821243,1010.3297,338.90567,25.902878,1012.32947,339.61005,25.995438,1014.4234,340.42798,25.632137,1053.7983,341.22577,-181.70294,1045.4873,349.5084,131.89116,1011.78326,374.19547,-30.613071,1008.606,377.0981,60.943893,1096.7296,458.92288,-299.5951,1057.2122,451.13013,273.2674,979.5973,587.269,-113.6103,980.89484,581.2374,62.967068,987.62195,501.3983,295.08026,993.76776,516.25323,-355.0969,981.30133,480.5555,322.4084,983.573,491.77148,-379.22302,1008.18994,481.0145,289.60776,1000.2997,483.29395,-340.4112,1015.33777,489.57965,302.69003,1010.30023,493.7082,-356.01093,1068.8105,714.49066,-200.00383,1043.7977,681.71826,200.37654,827.4397,737.85626,-299.58017,858.4564,706.4128,342.58063,911.44104,923.66815,-397.46472,933.67444,831.8359,289.15198,946.31055,957.15247,-401.74402,961.0823,840.53455,285.23682,838.4279,969.82965,-372.79947,904.89795,906.1361,320.2953
squat_start_4887.jpg,1157.9719,367.86945,-234.04128,1150.46,345.78818,-216.62982,1148.3717,344.8234,-216.50497,1146.5282,343.87335,-216.62776,1149.9583,348.2293,-268.43597,1146.8014,348.032,-268.32822,1143.6777,348.08804,-268.3814,1121.1278,347.66913,-85.83886,1117.8374,353.24707,-318.48422,1145.3942,384.49277,-180.41068,1142.9481,385.87576,-246.50221,1079.9463,434.16064,152.16345,1096.6746,442.43103,-475.39633,1219.1497,458.67288,251.89444,1290.4272,474.81415,-604.6402,1347.9303,464.46564,166.18207,1466.0006,468.94443,-557.6086,1375.5139,453.52792,166.55956,1510.5579,464.849,-637.10956,1381.7843,448.14105,105.90597,1505.5598,446.50394,-610.4931,1372.9628,455.80106,136.32597,1488.2124,451.13055,-547.073,1006.55927,715.915,207.61876,1006.88,736.7518,-207.2945,1158.7457,831.8647,315.97745,1264.9315,820.3576,-279.6865,1054.9609,987.6022,572.1082,1165.9727,1015.53467,-32.3275,1017.3548,1007.13824,597.28766,1116.0862,1037.8569,0.57137424,1092.6589,1047.57,620.4095,1216.9916,1082.0863,58.935184
squat_start_4887_flipped.jpg,754.8767,361.91708,-182.4101,768.70044,346.239,-219.98125,772.1774,347.0346,-219.81335,775.84515,347.71408,-219.74768,768.4612,342.1827,-161.80719,770.79944,339.93378,-161.74838,773.16156,338.0329,-161.8655,805.67633,355.001,-309.49542,800.77435,341.0281,-46.399197,771.3624,383.66904,-211.34778,769.3838,379.1568,-134.7426,842.21716,437.71048,-437.22638,837.8584,434.31897,115.02936,649.46436,432.9082,-545.21985,689.52905,469.19632,128.91493,470.01505,444.72406,-479.3667,562.8059,461.3476,-19.353863,429.45178,452.72745,-570.80707,535.4091,444.44882,-33.17891,422.7647,440.34653,-540.1295,529.6937,442.17657,-103.8918,440.33847,443.71725,-472.71875,540.25464,454.60745,-56.299988,918.4463,735.7462,-187.06169,906.2886,715.29425,187.71881,672.5655,791.14386,-203.29869,755.37244,787.67053,321.24136,759.9413,1001.6327,76.73385,822.4449,986.65594,564.5352,801.75757,1025.5527,107.09102,859.23987,1011.7997,586.40686,693.4795,1072.0836,127.29049,759.14777,1058.8945,597.78595
squat_start_5221.jpg,1034.3827,363.12958,-77.98712,1024.6821,341.25723,-67.099495,1020.61224,340.17285,-66.99115,1016.7579,339.21906,-67.07199,1028.6854,343.42697,-128.51671,1027.3369,343.2105,-128.32338,1025.9802,343.22235,-128.14069,991.37396,341.52032,24.108894,1005.1491,346.5763,-256.65445,1020.2825,379.91486,-36.615932,1025.0083,381.82553,-116.420975,935.1619,426.4356,257.25327,976.54474,443.49088,-422.51303,1084.5953,484.8506,354.73334,1127.7521,536.67816,-488.92908,1231.0674,493.5179,142.68059,1261.6552,506.76337,-270.1551,1268.5326,482.93738,129.88057,1304.0995,492.574,-337.8971,1262.6812,475.4797,62.70683,1293.2299,471.53125,-291.8993,1250.2524,484.10388,106.31878,1274.2454,477.0564,-250.7682,818.62604,704.6037,221.36719,836.89514,728.6374,-221.00291,1005.4562,728.96783,532.95276,1085.3,769.1509,-241.02007,979.12305,942.27496,807.56335,1032.1172,985.7479,-44.633232,951.8398,981.41296,838.177,997.87354,1020.9036,-22.757042,1052.9686,980.9374,922.61255,1115.7053,1022.8454,14.030824
squat_start_5221_flipped.jpg,874.8582,354.51358,-102.94332,884.93176,334.59683,-146.48352,887.86865,334.3086,-146.55583,891.02057,333.95178,-146.77515,886.43475,332.40454,-79.38765,890.08,330.75543,-79.23933,893.9369,329.43372,-79.02577,922.35144,338.71387,-262.9713,925.14453,333.03998,42.791676,893.1533,376.42352,-139.25705,894.1108,374.11777,-50.65534,967.47345,443.83862,-422.9468,983.6907,429.29724,272.9062,809.1973,501.86252,-522.643,819.7741,479.47354,354.15305,644.13824,510.26892,-394.34393,683.82385,488.18753,156.59425,604.6903,495.98535,-478.63388,661.8372,465.74533,156.00299,608.8328,480.05463,-426.49124,653.2118,461.297,75.95139,626.6832,488.50204,-375.20898,656.86566,476.7119,116.492455,1067.5519,720.12006,-228.10817,1076.1248,691.3262,228.94852,821.7323,791.47925,-230.89502,882.41223,744.04675,509.56396,901.921,1009.9942,-24.524635,921.99304,940.48035,819.68353,941.57245,1047.7573,-4.030557,956.36206,972.3172,852.7675,813.74646,1044.3496,-17.82759,836.7575,989.77,880.7458
squat_start_5385.jpg,957.1454,348.9472,14.23651,941.9934,330.79913,28.81744,938.42883,331.61368,28.848558,934.9421,332.4825,28.701202,943.8241,328.3792,-33.091797,940.962,327.0666,-33.01978,938.1925,325.88568,-33.235626,902.5262,341.13135,135.30383,907.817,332.7911,-139.90443,940.7512,368.51108,58.865543,941.4614,365.27817,-20.008224,866.6263,447.9481,293.42795,886.0862,435.40994,-247.59215,919.47675,571.0245,186.60684,948.63,577.8345,-110.99184,938.1631,508.5291,-157.32156,951.2277,505.3992,236.85913,938.32166,493.90994,-214.1706,952.6878,484.22916,238.7873,936.8392,476.05466,-198.13637,936.7521,471.34015,227.48686,933.74585,482.23642,-165.38356,933.0092,478.31146,242.1148,863.491,686.8434,180.89796,871.96704,694.3144,-180.44565,968.53064,737.9988,390.90115,1097.7662,747.3355,-223.32503,891.2732,832.6027,493.01108,1017.6629,905.5197,-76.86659,866.85547,838.14355,496.78555,987.1501,918.62177,-55.482147,898.50934,867.5831,517.8867,1050.3151,961.51953,7.2502365
squat_start_5385_flipped.jpg,963.43976,334.45795,35.03711,981.23175,316.75937,-25.062672,984.79565,315.9164,-25.068527,988.47974,315.0363,-24.975983,981.73315,318.77466,44.284966,984.88324,319.56985,44.253498,988.08734,320.4884,43.92124,1021.2324,324.59283,-159.86446,1019.42676,331.42084,151.46312,978.16907,354.61218,-10.827822,978.0741,357.13016,80.954544,1062.7456,440.17947,-287.13446,1027.8229,440.39355,311.81726,975.6495,582.91235,-79.95421,956.68243,573.0215,137.23277,956.4168,507.53143,365.241,958.33215,511.6701,-273.84296,945.7848,486.8293,379.87708,948.64966,492.25995,-295.1804,970.6936,479.55814,344.2302,968.91986,479.0705,-253.4451,979.3809,490.1024,368.3275,978.39514,488.41885,-271.01642,1059.0516,694.04956,-208.61638,1032.2002,669.7735,208.92416,818.7706,732.5681,-303.6074,860.5176,748.8837,357.88318,900.36066,925.9496,-397.43063,928.4005,841.82623,327.8306,936.0236,957.5521,-399.19516,951.1781,848.4157,328.35056,818.6018,975.72565,-391.1515,897.14655,900.7018,358.35303
