squat_end_12093.jpg,1034.3329,102.47589,-108.58366,1021.655,75.34762,-97.38788,1020.0247,74.40324,-97.013596,1018.6079,73.501434,-97.130066,1020.17053,74.806435,-153.43288,1016.4569,73.34253,-153.25601,1012.83545,72.07152,-153.15756,996.9048,76.51814,36.15118,989.0519,75.55995,-201.2548,1026.0431,121.28491,-54.29,1020.675,120.545166,-124.231766,968.5166,201.72993,225.0163,993.9545,190.84111,-310.57248,1077.3314,326.0627,-26.03023,1079.212,342.87604,-182.10121,1052.7766,254.2668,-555.7685,1067.147,270.59073,159.65508,1045.4951,241.176,-634.2156,1062.7162,241.7965,185.26915,1025.3348,225.79575,-597.01825,1049.3148,238.00829,172.18074,1026.4026,230.80785,-558.6809,1047.3341,247.47322,168.01701,983.06134,499.68564,172.07306,987.577,491.10236,-171.90895,1005.48395,709.86017,265.8202,1033.1772,711.698,6.3806376,996.19775,911.2307,419.6077,992.7679,906.6298,114.35794,976.58386,946.2041,430.53564,954.94403,938.29047,123.31079,1055.8127,958.60657,382.06857,1093.993,973.8874,38.25167
squat_end_12093_flipped.jpg,885.2521,94.70816,-145.98508,901.2522,73.472336,-187.32748,906.22986,72.69497,-187.04582,911.3038,71.934044,-187.06906,895.20667,75.65468,-123.894196,894.6996,76.079765,-123.472824,894.20245,76.60611,-123.81163,938.1989,79.290146,-256.65823,917.7711,85.857185,40.834923,900.7347,115.019646,-165.41364,891.4989,116.332726,-78.17618,957.0848,204.06575,-376.3296,934.6601,188.20207,222.56204,812.694,330.36688,-251.13882,821.07983,311.64697,-18.933434,832.02673,257.24713,160.97841,839.8926,267.9907,-551.2052,834.8525,230.87622,173.80801,836.4268,248.11702,-597.0625,856.86084,232.21375,149.40576,860.85675,241.9009,-577.2017,864.2879,245.68732,166.2608,865.90564,253.93419,-560.5152,938.77185,498.0286,-201.56277,925.446,481.26422,201.57927,893.07355,723.72144,-126.06465,906.6981,695.86346,325.39188,902.4436,934.99005,-111.09918,911.6833,892.5444,426.27176,929.6707,976.39307,-115.42709,930.89404,922.5876,428.7332,819.10986,978.9575,-261.29626,839.0499,950.6688,338.3491
squat_end_12251.jpg,1019.9153,88.792305,-143.99991,1004.2018,62.815094,-133.48027,1002.0035,62.116035,-133.22148,999.99365,61.439217,-133.32338,1004.4524,62.083138,-195.64778,1000.6786,60.910618,-195.50851,997.0145,59.961857,-195.33173,977.12415,68.08264,-8.898469,973.6765,66.91369,-273.53683,1012.5153,108.28352,-92.72665,1007.4438,107.77791,-169.89102,949.0479,197.03583,186.86575,983.4193,187.60057,-391.8436,1047.4862,312.4553,-48.591522,1064.9424,337.91064,-243.7264,1035.4243,239.96532,-560.74603,1056.3168,269.8669,142.16992,1032.9983,228.70268,-630.7974,1054.2003,244.5489,162.66124,1017.7507,211.62938,-609.652,1040.573,238.66647,154.59093,1017.5686,215.4552,-570.2317,1038.7286,247.45734,153.73834,980.0915,499.41592,180.01848,995.72034,491.06168,-179.4848,988.3674,709.30475,353.40845,1027.4219,722.43896,60.621666,986.2798,914.2974,545.6835,1009.43274,929.23816,196.12943,967.60474,953.4236,560.7596,974.5323,971.1768,207.8617,1055.8773,951.7109,521.46246,1115.3354,973.2877,107.69565
squat_end_12251_flipped.jpg,897.1991,89.8956,-98.67874,913.2496,67.51024,-150.1636,917.181,66.51731,-149.91864,921.1656,65.49224,-149.90848,910.65656,70.542336,-84.13321,911.7419,71.38671,-83.69292,912.78455,72.34085,-84.025375,948.8848,72.32785,-254.49718,937.9342,82.38809,52.101196,910.604,110.471306,-130.4977,905.9428,112.89575,-40.031425,959.77313,199.74753,-407.87967,946.1532,184.94844,231.00108,827.0205,335.23538,-272.17337,826.6564,303.00998,9.106276,840.89276,254.53165,168.51634,851.2314,273.44244,-523.79535,844.32446,219.55501,165.75288,848.9342,257.676,-553.4208,872.9638,218.85143,132.02614,882.32166,251.01117,-534.57697,879.833,237.28249,169.41869,887.46027,262.4535,-528.44885,927.09,489.13547,-203.52098,911.52423,476.69644,203.37381,893.68475,735.42426,-127.789795,897.947,691.298,294.39374,928.4106,945.4668,-201.96262,915.2038,897.13196,384.52332,958.1969,987.7039,-210.06908,933.1544,925.677,385.6715,843.23456,985.0557,-349.414,848.41907,952.9913,291.38977
squat_end_14692.jpg,1034.1235,94.75325,-176.05974,1020.43054,69.78679,-157.384,1019.2145,68.988914,-156.99496,1018.2019,68.20653,-157.07414,1017.3935,69.35758,-215.74655,1012.83234,68.22349,-215.57156,1008.36993,67.29613,-215.47551,996.78394,74.08591,-1.1009778,984.50995,73.63436,-251.63129,1028.1488,115.34164,-114.92851,1020.55505,115.021545,-188.57843,966.8871,198.64516,200.3914,1001.4893,190.76483,-363.80548,1076.4911,310.19073,-23.831545,1089.8754,326.9219,-242.32004,1057.3582,243.94823,-520.1141,1078.8652,265.11115,111.24392,1053.6444,233.10892,-604.2041,1072.3589,242.60178,128.333,1033.9318,220.02534,-574.6816,1062.7802,238.39948,115.74387,1034.3312,225.88931,-527.02765,1059.2698,247.44223,119.560905,992.6192,506.20392,175.4038,1002.9331,498.23438,-174.99332,984.33264,720.18536,338.39932,1028.9387,726.8139,47.341145,965.32996,922.5938,543.35126,1003.12006,936.87244,170.26582,947.926,960.7574,558.15234,969.65753,979.33026,179.19307,1017.0621,963.98584,506.5495,1102.1372,986.9987,67.45055
squat_end_14692_flipped.jpg,886.3163,97.237854,-193.34984,903.29065,77.090225,-235.30315,907.915,77.25451,-235.00009,912.60425,77.47424,-234.99738,897.8721,77.081894,-173.28311,897.68854,76.85279,-172.71965,897.475,76.73064,-173.06639,939.0009,85.54057,-301.59082,920.1633,85.515495,-8.405757,899.4948,118.973854,-211.5551,891.30396,117.83616,-125.47196,948.56537,213.19658,-412.83673,931.74384,181.24078,188.06175,797.666,324.9467,-280.41437,812.5585,294.7743,-39.30652,828.03784,254.40126,145.41797,840.6096,267.73285,-585.44836,836.0568,225.5147,157.81787,841.51495,248.7642,-641.0351,859.5266,229.86853,127.09627,866.4083,247.26233,-624.40515,866.0344,244.61766,147.30696,869.8059,259.13782,-596.8837,924.6212,505.40936,-199.88014,913.9828,481.68045,199.75043,888.9165,737.10065,-92.018105,912.18024,690.6026,374.84793,906.9525,939.07654,-72.843185,926.0185,875.69275,540.30225,934.18286,977.13605,-76.7861,945.1878,899.367,548.3027,828.5615,985.04944,-243.87509,860.1577,939.6053,450.14468
squat_end_16038.jpg,1325.3195,144.20367,-78.90376,1315.1046,117.58063,-70.62446,1312.1497,116.69273,-70.31571,1309.3651,115.8527,-70.49873,1316.4639,117.320786,-131.20616,1313.279,115.671555,-130.90034,1310.0845,114.26742,-130.68774,1282.8738,120.279015,36.48593,1284.6653,118.326904,-228.4834,1312.1194,164.14679,-34.482113,1309.3062,162.81863,-111.2866,1219.49,231.09389,186.83118,1288.9418,238.8385,-342.09207,1316.3088,353.80286,1.2171702,1374.6699,354.6507,-228.0384,1325.1034,284.7016,-395.8947,1356.6453,294.31735,154.02232,1322.1292,267.95328,-440.9576,1352.3903,269.52036,176.08643,1306.307,252.60268,-418.0327,1340.3042,267.58817,175.35936,1306.7198,261.71133,-396.9022,1337.3403,277.10742,165.85605,1201.5616,549.2247,174.29675,1226.8005,561.6339,-174.06177,1198.8322,762.2769,349.0913,1210.2225,809.9122,-14.721622,1149.7148,957.76965,536.328,1124.7979,995.48157,49.74201,1121.3414,991.19727,551.7096,1084.6553,1018.85077,53.491756,1209.7158,1013.42914,544.6952,1195.6667,1075.5698,-19.49877
squat_end_16038_flipped.jpg,586.1142,143.4563,-53.710136,600.42426,118.78177,-103.63573,604.4233,117.77529,-103.41777,608.53375,116.708954,-103.26825,598.53174,119.98818,-36.263374,600.3206,119.52293,-36.246883,602.1448,119.18957,-36.513958,639.9888,121.88831,-219.36899,631.0513,123.76031,84.70268,604.4019,164.95656,-89.72575,599.9071,165.50206,-0.6285004,654.4198,233.78464,-354.55093,680.8907,233.49426,231.82812,543.75806,362.58112,-209.41856,570.0744,370.6793,71.76686,554.0188,315.66818,254.63611,576.76276,340.84128,-311.57892,549.29364,300.53165,280.85077,572.8823,331.27957,-355.68127,572.0849,297.6383,256.51126,594.80133,317.56473,-334.08426,581.9467,305.68802,258.4725,597.3768,325.8226,-318.8458,692.6468,560.2962,-203.77832,708.82526,546.80334,203.99094,690.6219,793.4188,-135.72882,708.55066,759.2832,296.24188,797.2017,1001.7528,-40.81335,752.6491,955.439,441.58063,841.20667,1030.4554,-33.366055,783.1273,982.08264,449.93848,735.65216,1072.567,-119.55681,682.30273,1030.925,402.32172
squat_end_16480.jpg,1327.9402,158.61714,-18.577667,1315.2256,134.62875,-7.575067,1311.7157,134.1523,-7.2785964,1308.3656,133.67024,-7.515503,1318.6265,134.86028,-73.13615,1316.4878,133.86604,-72.661476,1314.2323,133.08963,-72.327934,1280.2653,139.19148,97.38921,1288.086,138.50772,-187.77205,1313.2561,177.75401,29.540249,1313.785,177.32947,-52.5941,1203.9669,235.31546,240.8367,1296.5688,249.57271,-293.4602,1305.8322,346.36572,103.81442,1381.3096,347.11862,-163.73827,1308.696,298.99875,-172.09915,1337.7855,285.97183,281.8993,1304.5372,285.04752,-176.45396,1324.5568,258.3548,304.1948,1285.8113,273.4154,-170.82532,1313.6481,260.0986,311.27798,1288.7329,283.49356,-173.52197,1312.2345,271.17123,296.80856,1170.9294,559.03033,191.85602,1210.8285,580.36066,-191.29181,1196.1129,784.1016,315.683,1221.4297,828.9786,-95.21071,1164.374,981.4516,480.80835,1144.1575,1012.3383,-114.022156,1136.1027,1017.4158,494.21786,1107.8309,1037.6182,-120.28224,1249.4606,1026.8877,492.45078,1210.3376,1077.1984,-191.3727
squat_end_16480_flipped.jpg,585.3749,146.16759,-53.84877,600.969,122.11204,-108.92963,605.066,122.00125,-108.72413,609.299,121.882484,-108.60684,599.6373,120.63674,-40.00454,601.93945,119.250145,-39.882412,604.3421,118.02342,-40.00789,641.8813,129.02943,-233.81956,635.65875,121.35025,73.51774,604.79016,171.42583,-95.000595,601.61365,168.79462,-5.0752974,648.1957,249.22737,-374.9566,697.92664,242.3992,226.61395,512.367,358.07425,-254.65501,580.06586,363.28436,113.45845,560.91656,293.80072,212.20775,602.09814,327.6867,-207.36693,561.4957,272.02695,236.65193,598.73706,314.1615,-242.5541,594.42365,273.5626,210.88295,621.359,305.35043,-219.66669,603.40546,283.8866,215.47841,622.7536,314.80206,-214.37611,727.04895,576.4502,-197.5538,748.58563,560.0825,198.3256,689.0161,815.6746,-176.94366,706.1376,758.50977,338.62076,794.93726,1037.2716,-147.9401,745.8159,960.37225,518.899,839.2889,1072.4196,-147.41568,775.99243,991.9733,529.6403,725.29095,1095.3978,-228.14081,668.9809,1023.92584,504.13885
squat_end_17968.jpg,1118.0099,78.80078,-381.3777,1116.9697,58.770374,-340.5074,1121.9906,58.797604,-340.31638,1127.2756,58.708675,-340.5074,1100.259,58.895386,-386.16904,1091.9778,58.661873,-385.90698,1083.8247,58.66107,-385.9802,1117.785,70.3019,-93.45898,1063.1406,70.88277,-299.7494,1124.9718,102.26468,-283.02786,1101.4783,102.401855,-342.49573,1095.8839,189.83963,253.71332,1064.8369,176.35535,-468.09622,1246.7002,245.92503,401.21902,1247.656,246.99313,-580.5322,1390.2239,260.2569,261.12375,1420.5941,255.62064,-568.4669,1427.3341,258.8758,256.76242,1459.1068,256.5509,-651.55,1428.0349,252.94667,186.88417,1462.3668,241.16624,-632.03156,1414.955,257.92984,224.53531,1444.0913,247.47429,-560.6182,1043.982,516.76886,232.74588,1021.49915,521.27576,-232.1865,1045.0806,756.91766,293.3748,1050.8267,769.36206,-217.96259,1016.7767,971.6516,503.09286,1009.1557,1001.7187,-42.274426,991.0387,1012.54407,515.2856,966.13403,1035.8287,-34.126072,1112.7551,1019.511,399.7977,1113.4418,1069.6068,-192.44958
squat_end_21589.jpg,1324.6735,147.18224,-121.35722,1316.0386,122.6698,-111.44093,1313.4408,122.488716,-111.10301,1310.9589,122.29502,-111.17398,1317.2877,121.24368,-167.03047,1314.3418,119.37773,-166.63173,1311.3734,117.75781,-166.31503,1284.7052,126.25827,1.6048311,1287.125,120.72834,-240.26625,1311.454,166.91524,-72.37321,1308.3436,164.08592,-142.39558,1203.5637,229.21053,171.65283,1299.0599,240.09091,-335.51974,1305.5735,353.00906,40.33399,1377.4099,347.19193,-214.13419,1342.0187,305.23206,-233.11685,1354.5,287.04947,155.51073,1343.539,283.04004,-248.6007,1347.751,254.08658,167.6117,1329.4622,271.1814,-247.90186,1333.9813,249.97568,181.74019,1329.0581,283.65555,-238.705,1332.2819,263.8904,170.30296,1177.292,555.0604,170.70665,1223.4099,569.42145,-170.04242,1183.9597,773.0197,352.8524,1201.6276,810.1596,-29.492683,1159.6676,967.8821,546.8147,1127.2914,1003.0536,47.70415,1139.1104,1007.9011,564.1713,1096.8617,1038.0402,48.05623,1234.6079,1002.48126,576.8215,1197.7659,1053.1343,-23.138367
squat_end_21589_flipped.jpg,590.4594,147.13329,-12.321498,605.86487,122.64466,-66.676,610.19257,121.93926,-66.36399,614.5983,121.2347,-66.16774,604.00055,122.92127,1.1814622,606.19147,122.15559,1.2477602,608.41174,121.5191,1.0177011,647.5751,125.8935,-191.89134,638.52783,124.463165,109.01103,610.1018,169.25993,-51.475567,605.94995,168.89403,36.719967,640.02673,231.68701,-341.1735,701.5611,234.30632,260.11676,514.0979,345.635,-202.39001,586.2453,357.73553,145.59003,556.5035,299.26303,287.84048,600.5518,338.10092,-166.81744,558.68524,282.6327,315.56137,596.3349,332.20712,-199.83195,585.7986,283.322,290.43552,619.48364,321.94003,-184.84117,593.80347,292.08374,290.82474,620.587,328.22388,-176.88686,688.9236,558.25366,-195.93661,721.6045,547.9663,196.42418,683.5079,799.8075,-119.543884,722.216,776.86005,212.51485,793.79376,1016.4824,-0.8495808,774.7179,979.682,334.19547,837.8592,1046.6423,10.848204,805.87415,1005.6874,338.26236,736.32153,1083.099,-52.61441,708.17017,1057.9447,295.86996
squat_end_23746.jpg,1175.3893,107.286224,-128.93536,1160.9187,81.81318,-110.116936,1157.7909,80.85183,-109.90993,1154.9185,79.77242,-110.16106,1161.1193,82.905136,-185.36618,1156.709,81.99925,-185.24133,1152.3989,81.24979,-185.27231,1121.9401,82.253525,17.237339,1119.0328,84.56461,-317.22415,1159.885,126.49944,-71.46681,1157.53,126.82092,-167.71204,1082.2137,198.38274,246.29742,1084.7223,185.79356,-482.03058,1232.2672,286.94232,342.71643,1256.7018,287.70963,-585.99506,1397.9395,314.13916,209.66055,1434.2928,315.2962,-538.9134,1438.4133,307.55392,215.58928,1475.365,314.8806,-604.93066,1448.9894,300.19406,149.40869,1476.5671,299.97247,-576.3801,1433.1006,307.2083,176.7684,1461.9974,305.09665,-526.0375,1045.9644,506.53128,234.66116,1037.4905,512.45776,-234.1205,1047.2494,735.7496,360.99072,1042.1852,744.0753,-137.29666,1020.64404,947.1703,542.7874,1016.4196,985.6477,15.047996,993.436,984.063,553.3791,978.94525,1021.5018,19.345125,1106.3314,1001.96936,472.50583,1125.5448,1053.6498,-114.803986
squat_end_26642.jpg,1372.7573,149.20845,-195.74081,1364.4261,124.07487,-184.33768,1361.6976,124.0581,-183.92757,1359.0566,124.07976,-183.9739,1365.6786,121.31832,-240.531,1362.6223,118.618965,-240.2452,1359.5679,116.19738,-239.97183,1333.7075,128.64977,-49.185547,1335.6038,118.24139,-296.37906,1359.8223,170.86485,-142.08517,1356.5323,166.14868,-213.86394,1252.5175,236.68748,152.6663,1353.3861,243.73215,-393.87567,1344.0391,367.25153,3.7426841,1426.3486,364.63504,-247.14105,1379.8469,311.54858,-340.48358,1393.8322,295.037,108.58477,1381.064,293.27747,-367.7335,1386.0192,264.42126,127.707565,1365.5995,280.3709,-354.13293,1367.1913,261.96295,132.49774,1364.4331,290.33487,-344.01004,1363.8773,273.92233,122.92299,1224.3928,558.698,173.78618,1263.7595,567.24615,-172.90475,1216.362,758.69354,453.41672,1206.9739,812.9747,-14.36446,1177.9115,945.26355,739.3378,1128.6865,990.37604,44.361233,1155.7598,983.6011,764.371,1098.4214,1020.3318,45.16279,1239.1022,988.0471,767.2627,1191.8353,1054.941,-55.868324
squat_end_26642_flipped.jpg,544.63025,146.86243,-42.52736,559.819,123.193665,-97.36153,563.9385,122.88995,-97.06024,568.1637,122.57185,-96.86293,558.54596,123.08385,-29.316866,560.42737,122.463326,-29.039251,562.37604,121.9961,-29.252863,600.91095,128.24126,-225.77533,593.0866,126.0264,84.86545,563.6074,170.19814,-81.76588,559.8924,169.27979,9.264474,614.1289,240.66818,-362.83945,645.1956,236.8554,245.16391,483.71246,356.64963,-231.64716,533.26306,351.52618,178.6414,522.3283,312.59457,256.44666,563.40845,363.89188,-126.59878,527.4377,293.7825,278.0524,565.4155,364.64276,-153.57379,551.0802,296.92993,265.81485,587.20325,356.03467,-152.69672,559.4624,308.77487,264.9605,586.656,361.99612,-139.55179,671.3675,564.3923,-193.89786,680.4614,554.7196,194.59999,695.5414,812.408,-114.638626,699.8961,766.33594,281.8316,794.07074,1020.1509,-44.257248,754.881,954.4761,456.25644,835.0911,1051.6182,-39.601357,785.7046,978.9263,467.80106,732.00214,1089.4907,-148.279,684.9518,1028.8956,419.59753
squat_end_28138.jpg,1173.0608,94.82335,-127.50332,1156.0922,71.611534,-108.31201,1151.9539,70.35893,-108.11226,1148.0638,69.02667,-108.27102,1157.9791,73.97277,-183.30844,1154.3624,73.7233,-183.07971,1150.839,73.65194,-183.10294,1113.8716,73.470146,14.944641,1117.9976,79.47122,-319.33313,1157.0942,114.85108,-71.83141,1157.5315,116.70786,-167.62753,1077.7103,191.24637,244.98521,1096.3522,186.64763,-476.52313,1237.8613,246.82776,337.37656,1274.0857,261.7953,-565.66626,1397.3507,270.31387,202.28027,1447.0432,281.22586,-511.1958,1432.9624,259.6381,197.03104,1489.0864,276.45602,-578.81104,1443.4011,257.05725,135.4015,1488.4098,264.51385,-553.7676,1431.3175,265.2312,171.70976,1473.634,270.96323,-500.22058,1046.8104,518.69824,234.13423,1048.1746,524.15094,-233.6183,1025.0332,752.2115,476.30963,1038.5935,754.5007,-91.14495,1006.34515,956.29205,749.7234,1016.4093,1002.3463,107.646965,984.7893,993.47375,768.52515,984.1712,1043.0746,116.11124,1075.0646,1005.4586,688.5548,1110.6606,1061.681,-23.138405
squat_end_28138_flipped.jpg,755.9072,91.45317,-62.511585,769.62103,70.59338,-106.503296,773.61456,70.38951,-106.53927,777.8786,70.05361,-106.777794,768.79285,70.04064,-46.09524,770.81915,69.54938,-46.17876,772.833,69.327965,-46.358467,804.4938,79.23562,-200.58194,798.30597,76.1826,74.25557,769.40735,112.768906,-81.78745,764.8599,112.23506,-2.3624327,816.79364,184.51035,-335.38785,852.25256,196.92514,311.90637,637.8318,285.96664,-367.16318,689.96466,278.64755,390.5111,469.6826,298.16147,-241.76114,539.20197,290.4934,204.91129,433.5107,291.3833,-296.13715,515.37164,273.43384,208.54582,436.52136,270.5455,-249.99919,504.67123,264.8951,146.68768,453.94736,275.91754,-221.07555,510.237,276.35114,173.90742,862.86444,524.2551,-213.17633,885.9831,517.83307,213.24933,871.48175,770.8298,-31.733866,892.4401,751.3127,351.72424,903.2468,1015.3081,188.69888,914.2748,963.837,596.57196,935.4118,1053.1167,203.44507,938.5785,1000.30273,618.7059,818.5093,1056.7511,65.565186,829.0875,1004.0748,531.61743
squat_end_31549.jpg,1140.1378,97.67157,-49.86849,1127.1803,76.5981,-25.230919,1124.5884,76.161644,-25.010435,1122.252,75.55902,-25.213734,1126.5171,76.82556,-95.597275,1122.3599,76.03197,-95.40869,1118.3104,75.40221,-95.41787,1093.6509,81.70999,102.315575,1088.5955,82.13749,-209.4354,1127.9768,118.29443,5.4290967,1124.5837,117.84604,-84.03906,1061.0352,196.68744,324.4154,1065.278,180.39354,-402.24454,1217.5332,264.7191,426.2517,1242.5927,255.69826,-517.23914,1380.9434,285.81564,327.18787,1419.3927,276.64783,-464.2673,1421.0238,276.9526,342.7018,1461.8584,276.24173,-521.72205,1432.5833,272.96722,282.56396,1462.859,262.6799,-494.17444,1418.3402,281.6921,296.78708,1447.6572,267.51697,-451.49017,1042.5101,498.43164,239.75804,1038.6282,500.86212,-239.42369,1028.4688,738.5368,345.65527,1028.0393,731.7545,-151.19994,1018.24664,950.3639,508.19727,1002.46924,978.76556,-8.644236,995.65247,986.81146,516.4106,967.46497,1018.70917,-3.1098614,1095.7931,1002.8122,423.50592,1103.2928,1039.0875,-133.34319
squat_end_31549_flipped.jpg,786.7731,110.23489,-5.627648,796.1441,88.16956,-50.56154,799.178,87.59944,-50.567104,802.50244,86.85954,-50.642902,796.7952,87.123116,14.287976,799.2586,85.840454,14.226977,801.754,84.820206,13.898088,825.5074,90.014755,-167.28345,824.84204,85.35759,126.658615,799.0251,128.26561,-36.931423,797.2234,126.96284,48.71257,841.7973,177.64667,-332.49503,874.2597,199.1459,358.77173,652.1782,264.57074,-364.26422,710.808,288.82312,429.2497,488.80945,292.6253,-230.48166,548.98865,304.5224,225.58717,451.72794,290.21024,-291.40698,518.5547,288.75168,234.05464,455.33203,272.8474,-242.6736,508.53778,279.1572,163.36673,473.5998,276.34366,-208.37248,516.9134,288.14172,190.73495,889.1744,505.81015,-224.31328,904.86896,506.33948,224.09953,876.14923,754.8582,-88.96397,899.61896,738.5882,306.18307,912.7859,1003.37537,71.854996,914.39404,965.0706,499.38977,947.10876,1043.7708,75.753105,936.9239,1004.1161,510.9116,821.56287,1040.9462,-99.75526,833.9796,1005.5365,391.5177
squat_end_34921.jpg,1175.6016,87.092445,-31.999647,1157.6578,64.30198,-7.8859386,1154.0841,64.2255,-7.6581974,1150.7715,64.03944,-7.92816,1158.6465,63.32039,-83.94984,1154.6627,62.088226,-83.80536,1150.8004,61.008175,-83.78669,1117.2104,70.265305,118.94274,1117.9585,67.002686,-220.67981,1161.5621,109.75014,24.70472,1160.3198,108.1458,-72.938675,1084.7273,196.66037,347.29163,1099.6262,173.11134,-402.3036,1250.4572,269.76947,458.9307,1268.3422,262.47144,-519.64856,1420.9855,270.16647,327.3003,1430.0941,260.30228,-480.943,1459.8374,255.58218,335.34732,1470.3959,248.58694,-541.4188,1468.358,246.04611,274.52203,1465.2571,234.82205,-509.7762,1454.6766,254.56839,295.6593,1452.0619,242.77325,-467.56918,1056.667,509.5588,246.04993,1059.1871,507.79358,-245.4592,1039.4542,749.79706,357.56873,1042.5312,739.4096,-165.24994,1010.02295,963.50195,542.4919,1016.926,986.3277,-21.180038,983.5225,999.6504,552.3936,979.44604,1022.51697,-15.539993,1089.2943,1016.7319,467.03857,1125.748,1055.5968,-145.48567
squat_end_34921_flipped.jpg,748.265,96.77424,37.653244,760.63586,75.70663,-1.9217231,763.8956,75.55506,-1.9212127,767.41156,75.28228,-2.121762,760.966,74.77206,56.06169,763.54254,73.826035,55.95871,766.18335,73.08874,55.787323,792.4277,83.08809,-108.396774,791.42554,77.81294,155.62445,760.8407,117.49292,10.154307,758.3175,115.98608,86.32661,805.8273,179.06657,-269.63312,850.67725,200.93071,358.65836,645.9197,277.99493,-324.6079,709.20935,291.90573,446.96686,495.19037,265.4116,-212.1377,566.15686,293.57812,291.98535,461.9959,259.2886,-259.27026,537.3438,282.22205,299.70367,461.60272,240.0894,-218.21017,529.5363,272.09146,245.05011,479.91327,244.93735,-194.02675,536.09076,279.97424,262.67252,852.065,512.38617,-201.85234,877.0406,512.3351,202.16718,859.21484,773.21265,-103.84553,884.5709,751.98444,240.1662,907.6838,1025.4921,15.899996,913.4626,976.4521,398.06427,944.2209,1063.2091,20.658401,939.8332,1012.5229,408.8077,825.829,1073.4026,-125.940414,835.63763,1022.265,315.4139
squat_end_3594.jpg,1035.8495,100.48061,-190.3477,1024.3441,74.98633,-178.42899,1022.04974,74.34997,-178.08371,1019.9421,73.7607,-178.25488,1024.9436,73.788795,-233.50774,1021.75836,72.01886,-233.3509,1018.63715,70.46905,-233.21072,994.8969,75.5024,-32.722168,994.27264,71.09868,-268.885,1023.85815,118.08193,-132.10567,1020.4088,116.4055,-201.45276,955.4667,189.0787,156.65668,994.59937,189.12924,-352.12732,1060.0308,317.55493,-89.854195,1074.1123,337.80267,-224.4027,1043.6647,252.72351,-593.1482,1065.2678,290.4759,135.11586,1036.4315,241.8376,-666.6252,1062.0845,268.21588,163.74036,1019.61,224.76353,-632.5782,1053.6521,265.16528,154.15317,1020.96643,231.75362,-592.7012,1051.3536,273.1133,146.47852,973.5941,496.9489,161.28212,982.5816,493.88626,-161.20534,992.6672,702.13153,359.8287,1025.0728,711.7881,47.288166,991.9863,901.1459,560.1478,992.3411,913.84283,176.48013,974.181,938.4124,576.09937,959.2543,949.7548,185.33398,1053.4866,938.1879,535.349,1081.8767,969.5948,99.27326
squat_end_3594_flipped.jpg,886.1809,97.93379,-118.52729,899.14264,74.5782,-165.16522,903.3557,73.6819,-164.89139,907.6998,72.79269,-164.80122,895.7117,75.5399,-101.45628,896.7414,75.05154,-101.19765,897.7925,74.66864,-101.508934,937.17816,76.05772,-263.6986,923.9589,78.688576,32.894947,902.7766,116.73528,-147.69319,897.3707,117.29034,-60.811543,965.46387,195.78506,-384.56635,957.3827,174.41248,187.45967,825.179,328.2405,-238.48442,845.37366,305.54782,-13.178327,842.68225,268.49612,198.04288,861.057,282.56924,-489.04214,841.4403,246.99405,215.66571,859.07117,268.73248,-541.8816,867.1383,244.80612,184.52127,883.7297,260.9621,-520.0119,874.92236,254.91502,199.9586,888.3042,270.0089,-497.1088,946.81244,502.48083,-197.09155,944.3596,484.74838,197.0622,888.62994,725.2429,-64.266365,924.712,701.3086,329.9469,902.86865,934.1725,38.959446,935.34125,892.0319,490.9896,931.50775,970.168,45.31628,958.9841,920.71075,500.65567,818.92584,985.1995,-76.021324,855.64343,951.2026,426.46008
squat_end_41689.jpg,1158.7943,115.33926,27.706919,1147.8937,91.54181,44.222095,1143.5352,90.27997,44.447147,1139.3816,88.90812,44.24816,1152.0602,92.60007,-21.918802,1150.0239,91.44792,-21.7869,1148.0995,90.43778,-21.850815,1110.768,89.362526,123.256615,1123.7056,91.59865,-170.57346,1143.7495,132.35051,67.37002,1146.4225,132.25198,-17.101562,1047.8687,194.1073,329.0879,1112.04,187.15451,-368.597,1198.9949,282.21194,459.1004,1267.9257,280.59415,-461.94925,1370.8593,310.25208,367.49057,1428.4562,303.75183,-398.3055,1407.3638,299.58173,395.73703,1466.704,299.89496,-453.16827,1425.9712,295.08353,329.56323,1466.0262,286.77393,-419.4644,1415.1886,302.5749,338.28088,1451.7009,291.14377,-381.41626,1027.2074,498.24805,226.24333,1055.9591,510.00482,-225.79695,1039.1016,722.0527,360.65237,1047.9188,741.52423,-142.16338,1015.5819,930.90735,602.3635,1020.70325,976.75214,11.929903,990.97974,964.9398,619.7653,985.3901,1010.39624,18.254948,1091.9753,978.5465,552.58167,1121.6993,1036.4915,-103.63276
squat_end_41689_flipped.jpg,752.4481,104.9006,34.89793,762.72186,84.08281,-9.466861,765.1533,83.5331,-9.458813,767.8983,82.82545,-9.611828,765.14514,83.40361,53.95678,768.6923,82.43354,53.95777,772.3028,81.73091,53.769894,793.4816,86.52879,-128.7863,798.46857,83.578156,158.70708,764.95294,122.91316,3.8728585,765.99945,122.0899,87.19614,818.2531,181.29073,-283.46854,852.1622,204.07623,382.37354,643.7702,287.20703,-279.70346,689.6557,298.12677,440.90683,474.0787,327.08798,-98.8281,535.88574,329.21735,232.00365,437.02997,315.97928,-146.22766,513.9057,309.5589,239.74553,443.90698,299.50403,-87.5113,500.5172,300.72137,169.1739,461.84158,304.6052,-71.65118,504.04083,311.07623,196.33952,871.9927,501.57254,-215.25761,893.47925,499.81894,215.15868,863.3809,755.8154,-48.354385,888.89606,735.13007,318.8239,900.16394,1003.29596,129.18494,909.89514,959.26996,520.38837,935.5379,1039.544,138.81253,935.01917,994.4158,535.59955,813.2968,1044.4858,-6.3429136,834.8093,1007.5611,437.8901
squat_end_41734.jpg,1168.3694,105.12175,-93.6091,1157.0088,81.21963,-73.12272,1154.1877,80.36974,-72.93481,1151.6396,79.3961,-73.16152,1156.5312,81.19684,-143.4361,1152.3953,79.73419,-143.28178,1148.4078,78.44331,-143.34216,1120.9867,79.994064,47.31566,1116.7616,79.011314,-265.67865,1152.4075,123.5716,-39.453995,1150.0444,122.69471,-129.42519,1083.2566,192.51056,268.05008,1078.711,175.62282,-430.39508,1238.9198,274.09213,371.35165,1248.1136,270.4084,-536.58936,1394.2263,302.51617,256.91266,1415.6826,296.94217,-485.25348,1432.7285,295.79947,268.57983,1455.9553,297.49576,-543.85693,1443.5559,292.3661,206.66312,1454.8644,284.20782,-519.2615,1428.0427,299.34863,226.52,1441.0248,288.2677,-473.30093,1048.5012,502.2609,225.8226,1037.1198,503.76944,-225.4215,1030.9712,736.32117,377.3434,1030.7158,723.52856,-96.13547,1005.2489,940.98145,572.1375,1007.8742,962.38116,92.52967,979.8965,977.2446,583.25665,973.58405,1001.05524,100.88988,1081.7826,991.39954,494.58835,1106.5493,1022.3498,-23.792141
squat_end_41734_flipped.jpg,755.0752,113.444145,21.172981,763.85657,92.06625,-24.687576,766.2215,91.48365,-24.74646,768.9109,90.75105,-24.909985,765.5797,90.986046,37.356117,768.66534,89.720116,37.382965,771.83496,88.71352,37.140724,791.78033,93.42124,-146.24919,794.675,89.21241,134.43524,766.58246,130.68913,-9.653432,766.97253,129.44969,71.96907,811.6454,183.56976,-304.34442,848.40204,205.96371,356.69492,637.9874,279.13812,-307.98163,692.89087,302.51245,415.63812,476.2806,316.93253,-148.77237,536.3039,325.2952,208.76213,438.90884,307.57144,-203.40578,513.3577,302.57782,216.32892,445.5023,289.76633,-144.4827,498.61313,294.0582,142.28073,463.47717,295.55795,-122.123634,503.94037,306.25845,173.38354,871.26074,511.25052,-215.88098,894.5064,509.47485,215.67445,861.3183,763.08093,-18.227589,893.7316,741.8511,352.6726,901.73083,1005.4687,185.01193,912.343,965.3993,573.00397,936.9139,1041.8489,195.54327,937.59204,1001.9392,589.51117,815.9062,1042.4299,35.464245,833.9369,1008.2416,482.0917
squat_end_4245.jpg,1183.7456,123.130295,-79.01498,1171.8563,96.30905,-56.65105,1168.687,94.78122,-56.472446,1165.7849,93.14463,-56.701042,1171.4222,97.31269,-133.15067,1166.981,95.912735,-132.93413,1162.6672,94.69267,-132.88548,1132.0259,89.749725,70.96076,1127.8813,92.40717,-268.0232,1165.769,139.23416,-19.961847,1163.5125,139.58583,-117.506546,1084.4266,194.35997,292.15488,1087.051,187.76624,-432.17432,1234.6077,275.07947,433.1095,1252.9094,281.0579,-561.541,1384.6235,310.5908,317.50754,1413.9552,307.16043,-485.47256,1420.0062,308.34894,329.1548,1453.5398,309.54904,-540.7829,1430.333,302.0643,266.04187,1451.5411,296.00186,-513.7381,1416.511,307.64343,287.07037,1437.8304,298.5921,-471.01364,1058.3622,512.779,224.47993,1053.8048,518.1578,-223.94496,1032.8746,746.5784,407.66956,1037.6633,740.3857,-77.92272,1008.7412,950.25195,655.11096,1008.10596,973.6944,138.60272,984.7517,985.1582,671.6694,974.86414,1010.2839,150.06995,1079.6974,999.3281,579.90454,1098.6692,1034.3323,21.547453
squat_end_4245_flipped.jpg,743.7012,129.6775,-4.0205865,751.8481,108.70842,-49.793575,754.7479,108.10621,-49.876595,757.9665,107.35723,-50.143265,753.55505,107.52563,19.554548,756.7412,106.15368,19.595493,759.9698,105.08248,19.525303,784.4791,108.176476,-178.57507,788.0214,103.064514,138.00056,758.1741,146.2176,-39.72887,758.8004,144.98277,51.665524,823.49725,195.72229,-340.92648,845.7251,207.71544,351.9859,651.00146,286.1905,-361.1216,681.8042,284.9375,426.00616,496.49518,324.01077,-179.75375,528.8319,319.92038,233.6103,462.60086,322.63272,-219.80872,502.2022,309.39642,234.78412,465.4497,304.83823,-178.01361,495.72372,300.74146,173.41531,480.57483,307.6499,-157.07053,501.48508,309.57336,201.56322,863.9874,514.7322,-221.9412,873.34265,505.39017,222.20166,864.52795,764.33105,-105.20424,859.5991,685.3965,365.41202,891.53125,1018.00323,67.07616,852.7226,874.89294,582.96655,920.10016,1057.5724,76.93224,866.37695,910.9659,598.6495,814.97876,1056.7289,-75.7692,787.0012,892.0157,502.31088
squat_end_45567.jpg,1026.8679,96.32057,-158.86513,1013.2197,70.70616,-143.50443,1011.7133,70.1074,-143.18767,1010.4461,69.54288,-143.38487,1011.28284,69.40509,-203.12965,1007.1744,67.90948,-203.00969,1003.1727,66.62395,-202.9488,985.454,73.573784,8.200112,976.9401,70.98853,-248.9984,1017.4798,115.006546,-98.585396,1010.7163,113.72089,-174.26407,952.86926,194.60394,213.2389,977.3606,187.98369,-349.5172,1062.0646,311.3972,-33.313725,1054.3276,344.68054,-216.26529,1036.647,238.69896,-578.4067,1050.3208,270.50168,146.4609,1029.9257,229.18741,-656.0719,1048.6555,244.30739,175.30301,1009.27405,211.44087,-623.0618,1034.424,238.28157,163.33728,1010.2445,216.29733,-582.0804,1031.8254,247.69885,158.42786,978.16455,498.26376,179.3989,983.4106,490.0146,-179.04364,995.6566,710.2741,309.8094,1027.8704,705.8649,30.533932,997.3517,910.5692,479.50052,1008.914,908.8006,164.01611,981.5013,947.30975,491.2717,974.72864,949.57306,174.29102,1056.8955,953.44617,436.6629,1109.5879,957.0708,74.778114
squat_end_45567_flipped.jpg,894.6655,94.74578,-38.618412,907.0956,72.94261,-88.908806,911.0857,72.10699,-88.67626,915.19226,71.29289,-88.76976,904.4768,74.35705,-23.951605,905.38794,74.33934,-23.485224,906.34656,74.42734,-23.753363,942.8487,76.159134,-202.32797,932.26086,80.62833,102.097595,909.7687,114.16319,-73.349945,904.85406,114.86174,15.944299,967.4197,197.97763,-341.26892,959.5587,177.34679,249.248,811.95685,322.25833,-204.56873,854.5566,288.54257,52.008293,841.1334,263.38693,238.70029,860.6648,262.00214,-430.7897,846.6756,238.20242,254.07474,855.21643,243.78535,-475.48206,868.5053,242.0281,230.62355,876.09656,240.61272,-463.07693,874.38605,255.54411,243.83435,881.6527,253.08157,-442.5648,939.1487,489.97104,-200.959,931.3815,474.17337,201.09662,899.0114,725.1627,-117.95579,915.94135,696.80115,305.7855,912.5236,939.73724,-137.62354,921.73224,899.31604,394.13202,939.7552,981.9204,-144.4302,940.29425,931.856,396.5412,827.65283,984.2729,-286.05994,848.15015,953.3131,309.2179
squat_end_48708.jpg,1330.8512,147.08736,-117.69044,1319.4521,122.61872,-106.31976,1315.7617,122.0926,-105.96069,1312.246,121.59213,-106.06899,1322.7493,121.29257,-168.21036,1320.2308,119.12217,-167.97862,1317.6788,117.20814,-167.79543,1285.055,125.67007,15.826069,1293.2972,119.92664,-254.81856,1316.7144,166.60883,-68.55177,1316.229,163.79762,-147.4215,1221.7513,233.72481,198.81778,1300.9398,236.87834,-393.80045,1304.2031,366.02176,20.163012,1383.9813,367.41397,-269.52136,1334.3452,314.11078,-414.5144,1369.0214,317.08557,107.39428,1338.8597,305.0759,-468.77155,1366.6104,298.87308,123.84584,1323.684,289.53534,-449.7101,1354.6252,297.00934,108.328,1320.8612,295.4304,-419.4991,1349.0171,304.3462,115.84701,1207.8943,553.2787,190.10779,1231.1038,562.1432,-189.59224,1214.5322,758.1691,425.34607,1191.7491,811.0937,-49.614693,1184.1127,959.393,673.7747,1121.8093,1000.9262,20.762056,1158.669,998.02997,691.8289,1087.6249,1028.0175,23.790613,1252.7336,1011.89886,679.0602,1185.5703,1077.6476,-83.82543
squat_end_48708_flipped.jpg,581.5923,142.72905,-16.438147,596.8151,119.04637,-69.67673,600.2577,118.37103,-69.48592,603.8036,117.610176,-69.36526,596.5642,119.48681,-1.9700823,599.2736,118.7012,-1.9760932,602.0149,118.02979,-2.2773726,634.73224,125.27179,-201.86908,630.9385,125.3013,105.72056,597.10406,165.90616,-59.16091,594.74664,165.30225,30.320446,650.2398,241.91164,-356.68738,673.6769,241.84009,250.00456,540.9073,366.82196,-186.1597,583.0356,375.25058,66.381294,551.49445,318.91074,308.55966,575.7447,359.1764,-356.45526,546.84216,303.84738,339.22577,565.81854,353.6448,-409.8989,569.2795,300.53214,306.09445,588.50574,342.6973,-389.79974,578.4805,308.7557,310.13977,593.5514,348.29077,-366.68167,682.30774,561.4381,-212.39949,696.6767,550.114,212.46988,684.47296,806.0121,-156.55238,695.08673,763.71875,260.08417,801.6806,1015.0787,-83.63094,747.25757,966.0207,366.61142,851.3805,1042.4747,-78.01691,780.583,992.73364,369.3458,737.8745,1087.3761,-157.55547,674.8369,1045.2456,316.59717
squat_end_6404.jpg,1167.9749,90.16722,-57.880245,1150.9669,70.84251,-39.42006,1146.5013,70.55508,-39.215614,1142.2512,70.20895,-39.35163,1154.8104,71.73369,-109.2801,1152.4052,71.42051,-109.06641,1150.0503,71.25639,-109.08976,1112.7306,80.43193,70.70887,1123.6921,81.38655,-242.75287,1155.9028,112.5081,-7.944771,1158.0723,112.443344,-97.70561,1069.5735,199.74867,285.51666,1123.1793,190.52945,-411.8506,1225.4126,262.0846,361.465,1295.7808,273.22803,-495.4271,1393.8945,278.1296,239.61612,1461.7058,285.19202,-463.8675,1429.4524,262.42422,250.18773,1503.4225,275.84332,-533.1538,1442.0531,258.70383,186.12807,1500.3347,262.27368,-502.27826,1431.9688,267.12766,210.41127,1484.6077,270.3033,-450.9123,1025.3619,516.5053,224.7529,1046.71,521.79816,-224.14967,1015.05304,745.5408,411.44843,1036.382,753.1903,-121.865204,998.5487,956.7861,666.3617,1016.92303,996.97876,37.47599,976.9854,994.3121,684.42535,988.4789,1033.7399,42.5055,1074.5941,1005.0554,605.318,1106.0892,1059.5831,-101.94539
squat_end_6404_flipped.jpg,764.49457,69.96661,-85.00609,782.4094,57.533062,-126.73243,784.7539,58.70111,-126.67081,787.35077,59.637417,-126.71654,784.60175,56.83642,-61.080288,787.4373,57.371033,-61.093254,790.27637,58.189407,-61.218853,806.90717,76.50739,-220.75848,811.5136,72.95461,76.59168,767.9237,93.39021,-108.91786,767.9079,91.971695,-22.995913,797.4026,183.17812,-368.02002,835.4968,201.09718,323.10217,619.626,263.54825,-392.3679,683.0921,276.5708,381.94223,458.75095,285.3447,-262.16458,544.23444,293.01724,187.65205,423.46988,277.28223,-326.0715,524.32263,276.15277,190.98459,426.84982,261.85654,-275.6695,515.1496,271.6435,121.400955,443.26642,267.65976,-241.37878,519.9696,282.23376,153.03851,870.1137,510.01288,-225.77878,890.8254,506.52295,225.93939,870.93066,761.9457,-104.40018,892.06976,734.0186,339.3245,910.79865,1014.2073,71.36202,917.5384,953.8534,533.5331,944.3906,1054.2466,79.38567,943.0566,990.688,549.5028,819.22424,1052.151,-87.48197,836.2263,995.11304,446.13144
